Website 1,,,Website 2,,,Website 3,,,Website 4,,,Website 5,,,,
Start time,End time,Ad,Start time,End time,Ad,Start time,End time,Ad,Start time,End time,Ad,Start time,End time,Ad,User Clicks,Cost
0,0,1,7.9,16.6,6,0,0,4,0,0,5,10.2,11.4,3,161823,101.4
0,0,4,14.2,20.1,2,0,0,5,0.5,18.5,3,0,0,6,241515,203
0,0,2,0,0,1,4.6,17.4,5,4.8,11.6,3,0,0,4,211052,156.8
9.8,16.5,2,17,23.9,5,6.8,9.6,4,0,0,1,0,0,6,111896,191.9
8.2,12.6,2,5.2,14.3,6,0,0,5,6.7,12.6,1,0,0,4,209181,204.2
0,0,1,0,0,6,1.6,9,5,0.8,17.7,4,6.6,15.9,2,308958,306
0,0,5,7.8,8.1,1,0.8,16.7,6,0,0,4,0.5,13.4,3,312161,285
6.1,12.8,4,0,0,2,13.1,16.9,1,0,0,6,17.8,18.4,3,80964,138.1
4.6,17.6,6,0,0,2,0,0,3,0,0,5,4,8.3,1,140693,246.6
3.4,9.1,2,0,0,3,0,0,1,13.9,16,4,0,0,6,61300,102.3
2.6,7.4,1,6.2,10.7,5,0,0,3,0,0,6,7.4,18.5,4,191736,250.2
0,0,2,0.9,20.1,6,4.9,12.3,1,0,0,5,0,0,3,317712,251.2
0,0,1,11.6,13.7,4,0,0,3,0,0,6,4.9,21.2,5,194358,216.6
0,0,2,5,15,3,1.6,20,6,0,0,4,22.6,22.7,5,366582,248.4
7.1,19.1,4,0,0,3,0,0,2,0,0,5,0,0,6,85950,180
0,0,4,5.6,10.2,1,11.1,22.9,5,8.6,10.6,6,12,20.4,2,245892,257.2
0.8,11.2,1,0,0,6,4.3,10.7,4,0,0,3,3.4,15.3,2,224398,350
0,0,1,23,23.3,4,0,0,3,0,0,2,4.6,19.2,5,135510,178.2
0,0,2,7.8,14,6,1.9,16.7,4,0,0,1,0,0,5,264650,180.4
0,0,2,0,0,5,0,0,6,13.1,18.3,1,5,18.5,3,170853,203.6
17.5,20.9,3,0,0,1,0,0,2,0,0,4,15.4,20.1,6,134840,107.4
16.2,22.6,2,0,0,4,0,0,1,18.3,23.6,5,4.4,4.8,3,139616,143.2
0,0,3,0,0,6,5.3,16.5,1,5.2,12.6,4,0,0,2,177324,148.8
8.5,20.5,6,0,0,5,0,0,2,0,0,4,9.6,21.8,1,248718,326.4
0,0,4,0.1,0.6,2,1.2,16,6,0,0,5,2.3,13.1,1,274798,253
13.6,23.5,6,9.4,15.1,1,4.3,16.7,5,0,0,3,0,0,2,366711,304.7
0,0,5,19.4,22.7,6,0,0,3,5.5,21.2,2,0,0,1,156855,158.6
0,0,4,8.9,12.5,1,4.2,8.2,6,3.2,19.5,2,0,0,5,254476,198.4
0,0,1,0,0,6,0,0,5,0,0,4,5.9,19.8,3,140705,166.8
0,0,3,17.2,18.2,1,6.1,19.8,2,3.2,14.4,5,0,0,4,230402,209.2
0,0,4,0,0,3,3.3,6.2,2,0,0,5,2.5,19.9,1,180833,232
2.5,13.4,6,0,0,4,0,0,5,10,13.8,2,0,0,1,123712,193.9
0,0,4,0,0,3,6.7,22.4,1,0,0,5,20.2,22.2,2,154558,149.6
0,0,2,14.7,19.1,6,11.3,17.1,4,8.7,17.3,5,10.3,21.6,1,297824,294.8
0,0,2,5,15,3,1.6,20,6,0,0,4,22.6,22.7,5,366582,248.4
0,0,3,13.5,13.6,5,10.1,16.8,4,0.1,14.6,2,10.3,12.2,6,200165,193.4
0,0,6,2.4,23.4,1,6,16,3,0,0,4,1.8,1.8,5,319230,290
19.1,19.9,6,0,0,1,0,0,2,22.1,23.5,5,1.8,22.1,3,238870,266.8
2.7,7.1,5,8.5,18.6,3,10.2,15.9,2,0,0,4,18.3,21.6,1,290878,252.2
9.5,10.7,6,3.5,22.3,5,0,0,3,8.5,14.3,4,0,0,1,261552,252.4
15.3,22.5,3,3,5.6,1,2.5,8.3,6,0,0,4,1.1,2.8,5,229134,200.8
10.8,14.5,3,0,0,4,0,0,5,0,0,6,16.1,21.3,1,97171,117.9
0,0,4,0,0,1,3.9,20.9,5,0,0,3,0,0,2,170136,136
3.3,6.1,4,12.1,20.9,2,0,0,5,3.3,18.7,6,0,0,3,281667,253.2
14.1,14.9,5,0,0,6,18.3,20.1,2,0,0,3,3.9,20.3,4,151518,223.2
4.7,15.1,1,12.6,22.8,5,7.1,13.9,3,4.7,15,4,0,0,6,333727,394.8
9.9,16.2,6,0,0,2,0,0,1,0,0,5,3.4,6.7,3,63242,134.1
15.3,22.5,3,3,5.6,1,2.5,8.3,6,0,0,4,1.1,2.8,5,229134,200.8
10.8,14.5,3,0,0,4,0,0,5,0,0,6,16.1,21.3,1,97171,117.9
0,0,4,0,0,1,3.9,20.9,5,0,0,3,0,0,2,170136,136
3.3,6.1,4,12.1,20.9,2,0,0,5,3.3,18.7,6,0,0,3,281667,253.2
14.1,14.9,5,0,0,6,18.3,20.1,2,0,0,3,3.9,20.3,4,151518,223.2
4.7,15.1,1,12.6,22.8,5,7.1,13.9,3,4.7,15,4,0,0,6,333727,394.8
9.9,16.2,6,0,0,2,0,0,1,0,0,5,3.4,6.7,3,63242,134.1
15.3,22.5,3,3,5.6,1,2.5,8.3,6,0,0,4,1.1,2.8,5,229134,200.8
10.8,14.5,3,0,0,4,0,0,5,0,0,6,16.1,21.3,1,97171,117.9
6.6,9.5,6,5.6,19,4,0,0,3,12.5,12.6,5,3,15.9,2,252521,333.1
4.4,8.1,1,16.4,16.4,5,6.5,15.8,2,5.5,18.6,4,1.2,10,6,302875,340.3
0,0,5,0,0,2,0,0,4,5.3,21.6,3,7.8,20.4,1,287593,281.6
0,0,6,2.6,11.8,5,0,0,4,3.2,12.7,1,11.9,13.4,3,200250,186
0,0,5,0,0,1,3.8,18.4,3,6.6,10.8,2,0,0,4,198840,150.4
19.4,20.2,1,0,0,4,0,0,5,0,0,6,5.6,15,2,67748,124.8
0,0,1,5.6,23.4,4,1.2,20.9,3,0,0,2,0,0,6,395862,335.6
9,18.8,3,2.6,16.7,4,0,0,6,5.3,13.5,5,0,0,2,316804,353.6
14.4,17.8,5,0,0,2,0,0,4,0,0,6,4.1,20.8,3,207007,251.4
3.6,18.8,2,3.1,13,3,0,0,1,0,0,6,13.1,18.2,5,287271,388.2
6.6,9.5,6,5.6,19,4,0,0,3,12.5,12.6,5,3,15.9,2,252521,333.1
4.4,8.1,1,16.4,16.4,5,6.5,15.8,2,5.5,18.6,4,1.2,10,6,302875,340.3
0,0,5,0,0,2,0,0,4,5.3,21.6,3,7.8,20.4,1,287593,281.6
0,0,6,2.6,11.8,5,0,0,4,3.2,12.7,1,11.9,13.4,3,200250,186
0,0,5,0,0,1,3.8,18.4,3,6.6,10.8,2,0,0,4,198840,150.4
19.4,20.2,1,0,0,4,0,0,5,0,0,6,5.6,15,2,67748,124.8
0,0,1,5.6,23.4,4,1.2,20.9,3,0,0,2,0,0,6,395862,335.6
9,18.8,3,2.6,16.7,4,0,0,6,5.3,13.5,5,0,0,2,316804,353.6
14.4,17.8,5,0,0,2,0,0,4,0,0,6,4.1,20.8,3,207007,251.4
3.6,18.8,2,3.1,13,3,0,0,1,0,0,6,13.1,18.2,5,287271,388.2
6.6,9.5,6,5.6,19,4,0,0,3,12.5,12.6,5,3,15.9,2,252521,333.1
4.4,8.1,1,16.4,16.4,5,6.5,15.8,2,5.5,18.6,4,1.2,10,6,302875,340.3
0,0,5,0,0,2,0,0,4,5.3,21.6,3,7.8,20.4,1,287593,281.6
0,0,6,2.6,11.8,5,0,0,4,3.2,12.7,1,11.9,13.4,3,200250,186
0,0,5,0,0,1,3.8,18.4,3,6.6,10.8,2,0,0,4,198840,150.4
19.4,20.2,1,0,0,4,0,0,5,0,0,6,5.6,15,2,67748,124.8
0,0,1,5.6,23.4,4,1.2,20.9,3,0,0,2,0,0,6,395862,335.6
0,0,2,0,0,4,0,0,6,4.8,23,1,11.3,11.8,5,168366,151.6
0,0,2,0,0,5,2.3,6.3,1,11.8,19.1,6,8.8,21.8,3,284424,246.4
0,0,4,0,0,6,0,0,3,3.9,21,1,11.8,13.2,5,165399,153.6
7.5,8.6,3,0,0,6,0.7,10.6,5,3.4,22.4,4,0,0,1,307264,247.7
3.5,17.3,1,0,0,4,1.8,9.5,3,5,9.1,5,0,0,2,249869,301.4
11.9,18.1,2,0,0,1,0,0,4,0,0,6,6,23.3,5,235256,300.6
0,0,3,0,0,5,7.6,22.2,2,2.3,12.9,6,13.5,21,4,316178,291.6
0,0,1,16.5,21.1,6,0,0,3,11.5,16.8,5,9.1,18,4,158770,195.2
0,0,6,0,0,2,6.6,15.6,3,0,0,5,1.6,5.4,4,126232,117.6
0,0,3,12.9,23.3,5,0,0,6,0,0,1,0.8,12.8,2,174954,248
4.9,13.3,6,0.7,4.9,5,7.6,17.9,4,2.4,7.6,3,0,0,1,244617,292
0,0,6,0,0,4,0,0,5,4.2,11.9,1,11,17.7,2,125009,142
17.4,21.5,1,0,0,5,1.7,9.3,4,4.3,23.9,3,0,0,2,353394,279.1
10.6,18.6,5,0,0,1,0,0,4,0,0,2,9.7,20.7,6,204515,252
0,0,5,0,0,6,3.9,20.9,2,0,0,4,0,0,3,143448,136
13.6,18.7,4,0,0,6,6.8,19.1,5,2.9,18.1,1,0,0,3,303621,296.5
0.1,9.9,6,0,0,2,2.2,14,5,10.3,20.8,4,0,0,1,335169,325.4
11.7,23.5,2,4.2,19,1,0,0,4,0,0,6,0,0,5,278548,325
11.1,18.9,5,0,0,4,13.7,19.2,6,0,0,1,14.9,19.2,2,168544,212.6
0.9,13.7,5,0,0,3,0.4,12.8,6,14,19.6,1,9.6,11.7,4,342500,361.2
0,0,6,4.4,23.7,2,0,0,3,0,0,5,0,0,1,178106,193
0,0,5,2.9,4.1,6,0,0,3,0,0,1,3.5,16.6,2,93166,169.2
0,0,4,23.1,23.2,6,4.9,22.3,3,0,0,1,0.6,1.5,5,179715,151
0,0,6,9.6,12.5,1,3.5,18.4,5,2.5,10.6,4,0,0,2,279210,213
0,0,2,10.6,14.2,6,0,0,1,0,0,3,3.2,21.1,5,240864,250.8
0,0,5,16,17,6,2.7,18.2,2,0,0,3,0,0,4,152014,134
9.9,14,1,0,0,4,0,0,6,0,0,2,14.1,21.1,3,120608,145.5
0,0,3,0,0,6,3.1,22.1,5,10.8,14.1,4,16.6,18.4,1,242418,200
0,0,1,17,22.5,4,4.4,19.6,2,6.1,15,3,9,17.6,6,340933,351
0,0,3,4.7,10.1,2,0.2,3.9,5,0,0,1,1.1,23.1,6,352183,347.6
0,0,4,23.1,23.2,6,4.9,22.3,3,0,0,1,0.6,1.5,5,179715,151
0,0,6,9.6,12.5,1,3.5,18.4,5,2.5,10.6,4,0,0,2,279210,213
0,0,2,10.6,14.2,6,0,0,1,0,0,3,3.2,21.1,5,240864,250.8
0,0,5,16,17,6,2.7,18.2,2,0,0,3,0,0,4,152014,134
9.9,14,1,0,0,4,0,0,6,0,0,2,14.1,21.1,3,120608,145.5
0,0,3,0,0,6,3.1,22.1,5,10.8,14.1,4,16.6,18.4,1,242418,200
0,0,1,17,22.5,4,4.4,19.6,2,6.1,15,3,9,17.6,6,340933,351
0,0,3,4.7,10.1,2,0.2,3.9,5,0,0,1,1.1,23.1,6,352183,347.6
0,0,4,23.1,23.2,6,4.9,22.3,3,0,0,1,0.6,1.5,5,179715,151
0,0,6,9.6,12.5,1,3.5,18.4,5,2.5,10.6,4,0,0,2,279210,213
0,0,2,10.6,14.2,6,0,0,1,0,0,3,3.2,21.1,5,240864,250.8
0,0,5,16,17,6,2.7,18.2,2,0,0,3,0,0,4,152014,134
9.9,14,1,0,0,4,0,0,6,0,0,2,14.1,21.1,3,120608,145.5
0,0,3,0,0,6,3.1,22.1,5,10.8,14.1,4,16.6,18.4,1,242418,200
0,0,1,17,22.5,4,4.4,19.6,2,6.1,15,3,9,17.6,6,340933,351
3,9.3,4,0,0,5,0,0,2,10.4,16.3,1,8.1,21.2,3,248707,298.9
8.3,20.9,6,7.2,10.6,1,0,0,5,1.5,11.9,3,11.5,14.6,2,305420,343.4
0,0,5,6.8,19.8,2,13.4,23.4,3,0,0,4,0,0,1,215508,210
0,0,2,18,23,3,0,0,4,8.3,18.9,6,2.5,10,5,204045,224.8
0,0,3,3.8,20.5,6,0,0,2,14.8,18.5,5,0,0,4,253751,196.6
0,0,5,14.2,20.5,6,0,0,3,10.1,23.5,1,0,0,4,188478,170.2
0,0,3,8.9,20.6,2,0,0,6,0,0,5,2.5,20.3,4,272358,330.6
0,0,3,4.8,17.9,6,6.7,20.4,4,0,0,5,18.8,21.7,2,340299,275.4
0,0,2,0,0,6,0,0,5,9.5,15.2,3,3.7,19.9,4,188541,240
1.9,3.1,4,1.9,15.3,2,0,0,5,8.6,10.2,3,16.2,17.9,6,194658,185.2
0,0,5,0,0,3,4.1,23,2,2.1,15.9,4,17.9,23.7,1,360580,331.2
9.4,10.9,4,14.2,21.4,1,18.8,22.1,6,0,0,5,6.7,19.7,2,198356,276.9
19,21.7,1,0,0,3,2,19.2,4,2.9,22.3,5,15.3,19.4,2,448465,382.5
0,0,2,18,23,3,0,0,4,8.3,18.9,6,2.5,10,5,204045,224.8
0,0,3,3.8,20.5,6,0,0,2,14.8,18.5,5,0,0,4,253751,196.6
0,0,5,14.2,20.5,6,0,0,3,10.1,23.5,1,0,0,4,188478,170.2
0,0,3,8.9,20.6,2,0,0,6,0,0,5,2.5,20.3,4,272358,330.6
0,0,3,4.8,17.9,6,6.7,20.4,4,0,0,5,18.8,21.7,2,340299,275.4
0,0,2,0,0,6,0,0,5,9.5,15.2,3,3.7,19.9,4,188541,240
1.9,3.1,4,1.9,15.3,2,0,0,5,8.6,10.2,3,16.2,17.9,6,194658,185.2
0,0,5,0,0,3,4.1,23,2,2.1,15.9,4,17.9,23.7,1,360580,331.2
9.4,10.9,4,14.2,21.4,1,18.8,22.1,6,0,0,5,6.7,19.7,2,198356,276.9
19,21.7,1,0,0,3,2,19.2,4,2.9,22.3,5,15.3,19.4,2,448465,382.5
0,0,2,18,23,3,0,0,4,8.3,18.9,6,2.5,10,5,204045,224.8
0,0,3,3.8,20.5,6,0,0,2,14.8,18.5,5,0,0,4,253751,196.6
0,0,5,14.2,20.5,6,0,0,3,10.1,23.5,1,0,0,4,188478,170.2
0,0,3,8.9,20.6,2,0,0,6,0,0,5,2.5,20.3,4,272358,330.6
0,0,3,4.8,17.9,6,6.7,20.4,4,0,0,5,18.8,21.7,2,340299,275.4
23.8,24,5,4.7,9.5,2,3,21.1,4,0,0,1,4,11.7,6,268091,288.2
17.4,21,5,0,0,6,9.7,13.7,4,0,0,3,0.4,18.1,1,223884,298.4
3.4,4.3,2,10.2,12.8,6,0,0,4,0,0,5,10.7,20,1,149603,151.1
1.9,2.9,6,12.2,23.6,4,1.7,23.5,2,0,0,5,0,0,1,297452,303.4
0,0,5,2.5,20.6,3,0,0,1,0,0,2,0,0,4,212609,181
0,0,1,0,0,6,0,0,4,5.7,19.4,5,0,0,2,133926,109.6
7.1,18,5,0,0,4,0,0,6,0,0,1,5.3,20.4,2,205538,344.7
19.4,23.4,6,0,0,5,2.2,19.9,3,0,0,4,0,0,1,266522,201.6
4.8,7.2,1,0.5,5.9,5,2.3,22.1,4,0,0,6,3.7,8.7,2,267736,308.4
6.4,8.8,3,3.9,10.4,5,0,0,6,0.8,1.7,1,9.2,14.8,2,132761,175.4
7.1,14.2,1,8.6,18.7,6,7.3,13.3,3,18.3,22.5,5,0,0,4,305131,289.1
11.2,23.1,2,12.8,13.3,5,0,0,1,4.9,13.5,6,0,0,4,216530,252.3
5.5,11.7,3,0,0,4,0,0,2,2.3,20.5,1,0,0,6,213666,238.6
15.8,19.8,2,10.8,20.9,6,0,0,4,0,0,5,1.4,18.4,1,315763,365
3.6,17.8,6,0,0,3,4.8,10.2,5,4.8,5.4,4,1,2.7,1,212793,281.4
4.3,7.4,3,16,18.9,4,12.9,21.3,2,5.3,12.6,1,9.1,11.1,5,185851,225.1
0,0,3,0,0,4,9.9,23.6,2,0,0,1,0,0,6,91676,109.6
11.4,11.9,1,7.4,22.7,4,0,0,3,0,0,6,13.5,19,2,219845,226.5
7.8,17.7,6,17.1,20.5,5,3.6,6.6,1,7.6,15,4,7.6,14,2,240149,342.5
0,0,3,0,0,6,0.9,21.1,2,0,0,1,0,0,5,180600,161.6
15.2,19.4,2,13.8,20.6,3,0,0,6,0,0,5,0,0,1,119418,131
0,0,3,13.5,20.2,4,3.1,19.8,5,6.3,20,2,0,0,1,349690,310.2
12.1,16.2,6,1.5,15,1,0,0,2,8,10.5,3,9,18.4,4,275085,329.3
0,0,6,1.9,11.2,5,12,18,1,0,0,4,0,0,2,144138,141
7.8,17.7,6,17.1,20.5,5,3.6,6.6,1,7.6,15,4,7.6,14,2,240149,342.5
12.9,14.4,6,14.7,15.9,3,4.9,16.6,5,7.8,19.7,4,2.5,3,2,261799,229.3
0,0,4,3,7.7,2,0,0,5,0.9,21,1,0,0,3,214387,207.8
6.6,22.5,1,0,0,6,0,0,3,8.7,19.4,5,0,0,2,242589,324.1
0,0,5,0,0,1,12.5,13.8,3,3.9,20.4,4,0,0,2,158900,142.4
0,0,1,12.5,22.2,3,0,0,6,2.6,3.3,4,8.9,21.8,5,258638,257.4
8.7,9.8,4,0,0,6,0,0,5,2.1,3.9,3,1.1,18,1,152895,233.7
18.5,19.2,5,15.8,16.5,1,10.9,12.4,2,10.6,18.1,3,5.9,9.9,4,129513,137.5
0,0,5,0.1,3.7,3,20.9,21.6,6,4.7,8.4,2,5,7.9,4,84378,106
18.5,23.4,2,11.3,14.2,3,0,0,5,1.8,14,1,0,0,4,226504,200.1
0,0,2,0,0,1,0,0,4,4.8,12.3,6,10.1,20.5,3,206216,184.8
0,0,1,9.4,14.2,5,0,0,4,0.2,21.4,6,0,0,3,321906,217.6
0,0,1,9.2,19.8,3,0,0,6,0,0,4,0,0,2,144878,106
5.4,11.5,4,8.1,20.4,5,5.4,19.2,3,0,0,6,0,0,2,344586,324.9
0,0,2,10.1,21.2,4,1.2,7.6,6,21.7,21.8,5,18.6,23.9,1,300644,226.6
0,0,6,5.7,21.6,4,0,0,1,0,0,5,15.6,17.2,2,183890,178.2
18.9,21.6,4,0,0,1,0,0,6,1.4,5.7,3,0.4,21.7,2,259405,330.5
0,0,4,16.3,16.3,3,0,0,2,5.7,13.6,1,14.5,20.7,6,168956,137.6
7.8,18.1,2,0,0,1,0,0,3,0,0,5,18.9,21,4,93450,179.7
11.8,12.2,4,3.6,14.8,2,16.9,21.5,6,3.9,6.7,3,0,0,5,186552,177.2
5.8,17,5,0,0,2,0,0,4,7.5,14.7,6,10.8,21.9,3,294166,358.8
12.9,14.4,6,14.7,15.9,3,4.9,16.6,5,7.8,19.7,4,2.5,3,2,261799,229.3
0,0,4,3,7.7,2,0,0,5,0.9,21,1,0,0,3,214387,207.8
6.6,22.5,1,0,0,6,0,0,3,8.7,19.4,5,0,0,2,242589,324.1
0,0,5,0,0,1,12.5,13.8,3,3.9,20.4,4,0,0,2,158900,142.4
0,0,1,12.5,22.2,3,0,0,6,2.6,3.3,4,8.9,21.8,5,258638,257.4
12.8,23,1,0,0,3,0,0,4,0,0,2,0,0,5,112530,153
0,0,3,0,0,6,0,0,5,5.9,19.8,2,0,0,1,114466,111.2
0,0,2,0,0,3,10.5,19.9,4,8.4,15.4,6,9.3,17.8,1,213411,233.2
2.1,6.5,4,0,0,6,0.5,2.9,2,6.5,16,1,0,0,3,150801,161.2
1.5,2,2,2.3,6.3,3,19.8,21.2,5,16,21.2,1,4.8,7.1,6,109703,127.9
0,0,2,6.4,18.9,3,17.9,17.9,5,0,0,1,6,22.6,6,372605,324.2
1.6,20.6,2,23.8,23.9,3,0,0,4,0,0,6,0,0,1,149529,286
0,0,4,10.9,14.5,3,12.8,13.6,1,4.7,13.2,5,10.7,19.6,2,235276,217.2
0,0,1,0,0,4,0,0,5,0.2,13.5,2,0,0,6,116358,106.4
0,0,2,0,0,1,0,0,3,9.7,21.9,4,12.3,19,6,189115,178
0,0,4,7,20.5,3,2,7.7,6,0,0,2,0,0,5,269925,180.6
0,0,2,3.4,11.5,6,14.5,17.6,1,0.6,13.6,4,9.3,12.2,5,263634,244.6
0,0,2,0,0,3,10.5,19.9,4,8.4,15.4,6,9.3,17.8,1,213411,233.2
2.1,6.5,4,0,0,6,0.5,2.9,2,6.5,16,1,0,0,3,150801,161.2
1.5,2,2,2.3,6.3,3,19.8,21.2,5,16,21.2,1,4.8,7.1,6,109703,127.9
0,0,2,6.4,18.9,3,17.9,17.9,5,0,0,1,6,22.6,6,372605,324.2
1.6,20.6,2,23.8,23.9,3,0,0,4,0,0,6,0,0,1,149529,286
0,0,4,10.9,14.5,3,12.8,13.6,1,4.7,13.2,5,10.7,19.6,2,235276,217.2
0,0,1,0,0,4,0,0,5,0.2,13.5,2,0,0,6,116358,106.4
0,0,2,0,0,1,0,0,3,9.7,21.9,4,12.3,19,6,189115,178
0,0,4,7,20.5,3,2,7.7,6,0,0,2,0,0,5,269925,180.6
0,0,2,3.4,11.5,6,14.5,17.6,1,0.6,13.6,4,9.3,12.2,5,263634,244.6
0,0,2,0,0,3,10.5,19.9,4,8.4,15.4,6,9.3,17.8,1,213411,233.2
2.1,6.5,4,0,0,6,0.5,2.9,2,6.5,16,1,0,0,3,150801,161.2
1.5,2,2,2.3,6.3,3,19.8,21.2,5,16,21.2,1,4.8,7.1,6,109703,127.9
0,0,5,2.1,17.1,6,0,0,1,14.4,15.2,4,0,0,2,210030,156.4
11.5,22.3,1,0,0,3,0,0,5,0,0,4,3.1,22.7,6,335935,397.2
19.2,21.4,5,4.9,10.9,2,7.7,7.7,3,5,19.4,1,9.6,21.9,6,381576,355.8
18.3,23.8,3,0,0,6,1.9,13,4,1.2,18.2,1,0,0,2,367119,307.3
15.9,18.5,4,10,11.8,5,10.1,14.6,6,19.4,20.3,3,0.5,1.9,1,134070,117
0,0,1,2.7,20.7,4,0.6,11.6,6,16.6,23.8,5,5.8,6,2,413384,328
4.5,19.2,1,0,0,6,0,0,2,0,0,3,0,0,5,114390,220.5
13.6,20.3,5,0,0,4,0,0,2,19.1,22.4,6,0,0,3,115980,126.9
0,0,5,3.5,11.5,4,6.2,17.7,3,7,8.7,1,0,0,2,218317,185.6
8.3,11.8,2,8.8,23.5,3,0,0,5,0,0,4,17.5,18.7,6,216569,213.9
0,0,2,2.6,6.7,3,15,22.5,1,3.1,14.5,6,16.6,19.9,4,253059,231.8
2.7,22.2,6,0,0,2,0,0,5,0,0,1,22.9,23.6,3,225884,300.9
0,0,5,6.1,17,2,0,0,3,0,0,6,8.9,21.3,1,252623,257.8
19.2,21.4,5,4.9,10.9,2,7.7,7.7,3,5,19.4,1,9.6,21.9,6,381576,355.8
18.3,23.8,3,0,0,6,1.9,13,4,1.2,18.2,1,0,0,2,367119,307.3
15.9,18.5,4,10,11.8,5,10.1,14.6,6,19.4,20.3,3,0.5,1.9,1,134070,117
0,0,1,2.7,20.7,4,0.6,11.6,6,16.6,23.8,5,5.8,6,2,413384,328
4.5,19.2,1,0,0,6,0,0,2,0,0,3,0,0,5,114390,220.5
13.6,20.3,5,0,0,4,0,0,2,19.1,22.4,6,0,0,3,115980,126.9
0,0,5,3.5,11.5,4,6.2,17.7,3,7,8.7,1,0,0,2,218317,185.6
8.3,11.8,2,8.8,23.5,3,0,0,5,0,0,4,17.5,18.7,6,216569,213.9
0,0,2,2.6,6.7,3,15,22.5,1,3.1,14.5,6,16.6,19.9,4,253059,231.8
2.7,22.2,6,0,0,2,0,0,5,0,0,1,22.9,23.6,3,225884,300.9
0,0,5,6.1,17,2,0,0,3,0,0,6,8.9,21.3,1,252623,257.8
19.2,21.4,5,4.9,10.9,2,7.7,7.7,3,5,19.4,1,9.6,21.9,6,381576,355.8
18.3,23.8,3,0,0,6,1.9,13,4,1.2,18.2,1,0,0,2,367119,307.3
15.9,18.5,4,10,11.8,5,10.1,14.6,6,19.4,20.3,3,0.5,1.9,1,134070,117
0,0,3,0,0,6,5.2,20.9,5,0,0,1,0,0,2,151572,125.6
0,0,5,0,0,1,13.4,16.3,3,0.5,7.9,6,2.1,16.4,2,212538,254
0,0,6,0.3,14.2,4,6.1,6.4,5,16.3,18.5,3,11,17,1,213044,231
0,0,5,0,0,1,2.2,14.3,2,9.5,17.9,6,9.2,14.7,3,254332,230
3.9,12.7,4,0,0,2,0,0,1,10.1,18,6,0,0,3,142115,195.2
8.4,18.5,6,2.3,19,2,9.3,12.1,4,0,0,1,0,0,3,274479,340.9
5.5,19.9,2,12.4,16.5,3,9.9,17.1,1,0,0,5,0,0,4,234455,314.6
12.5,19.5,3,0,0,4,0,0,6,0,0,2,2.3,16.8,1,175991,279
3.5,22.1,6,0,0,1,1.6,15.8,3,0,0,2,0,0,4,382307,392.6
6.2,23.6,1,5.6,9.5,5,14.2,15.5,3,0,0,6,0,0,4,215486,310.4
0,0,5,7.8,22,2,0,0,1,0,0,4,0,0,6,147404,142
18.4,23.9,1,6.7,22.5,2,0,0,3,0,0,6,12.9,20.9,4,323851,336.5
0,0,6,0,0,2,0,0,1,0,0,3,8.5,18.8,4,87570,123.6
13.8,19.7,3,0,0,4,0,0,2,18.3,21.9,1,2.5,19,6,268510,315.3
0,0,4,11.4,24,3,0,0,6,2,20.4,5,0,0,2,324312,273.2
3.1,20.8,1,0,0,4,15.4,20,3,0,0,6,16.7,23.7,5,296070,386.3
10.5,23.7,5,0,0,3,0,0,4,0,0,2,0,0,1,145860,198
17.7,19.5,2,0,0,1,14.3,14.5,3,15.5,18.3,6,8.4,16.9,5,125937,153
0,0,6,11.8,13.5,5,15.5,16.6,2,2.5,21.3,3,0,0,1,233625,176.2
0,0,5,0,0,6,11.6,16.2,2,9.9,23,4,0,0,1,151282,141.6
2.3,16.2,1,14.5,17.6,5,18.7,18.8,2,0.4,12.5,6,0,0,3,272135,337.1
0,0,4,0,0,2,2.5,11.4,6,0,0,3,1.4,22.9,1,325368,329.2
0,0,3,0,0,1,3.8,16.6,4,0,0,5,0,0,2,128160,102.4
6.2,7.8,2,6.8,15,4,0,0,5,0.7,1.3,3,0,0,6,129182,110.8
2.1,6.5,6,17.5,18.3,5,3,13.9,3,18.8,21.3,1,3.2,15.9,4,297602,333.6
0,0,6,16.7,18.5,3,0,0,1,13.9,22.3,4,3.9,19.2,2,204066,268.8
0,0,4,0,0,1,1.7,12.2,2,4.2,16.6,3,7.1,22.7,6,435083,370.4
0.4,18.8,2,0,0,4,5,7.1,5,0,0,1,0,0,3,165868,292.8
8.8,10.4,4,5.4,7.1,2,10.8,20,6,7.5,10.6,3,1.5,2.2,5,140755,147.8
11.3,14.6,4,8.3,15.2,1,0,0,5,8.1,10.2,6,0.8,1,3,140755,137.7
5.4,22.5,6,0,0,4,0,0,2,12.3,14.5,5,0,0,1,208221,274.1
3.3,15.7,5,0,0,1,0,0,3,0,0,2,0,0,4,87210,186
0,0,3,7.1,7.8,6,7.4,8.4,5,16.5,23.2,1,4.8,11.7,4,124063,151.4
0,0,5,8.9,19.3,2,0,0,4,0,0,1,16.3,16.6,6,123082,107.6
10.5,20,2,10.9,14.2,4,0,0,5,0,0,1,11.2,14.2,3,145240,211.5
0,19.5,6,0,0,5,0,0,3,0,0,4,8.7,16.6,2,250577,387.3
11.9,21,6,2.6,23.3,3,0,0,1,20.7,21.3,5,0,0,4,348028,348.3
0,0,6,0,0,4,5.1,19.7,2,11.5,17.3,1,6.8,22.4,5,342699,350.4
8.4,23,6,5.7,12.3,3,0.8,9,1,0,0,5,0,0,2,358337,350.6
0,0,6,0,0,2,1.4,20.2,1,0,0,5,0,0,4,183768,150.4
0,0,2,2.1,17.6,4,0,0,6,0.1,23.5,1,0,0,5,379977,342.2
2,17.1,3,0,0,4,0.7,10.9,2,0,0,1,0,0,6,237487,308.1
11.4,13,3,7.2,19.7,5,0,0,4,15.1,20.3,6,0,0,1,230015,190.6
2.5,2.8,3,0,0,1,2.1,16.2,6,0,0,4,0,0,5,191580,117.3
4.2,16.6,2,0,0,1,10.3,22.8,6,8.1,18,3,0,0,4,284767,365.2
0,0,5,8.8,19.1,3,0,0,6,1.1,10.5,1,0,0,4,237995,178.2
0,0,4,0,0,3,0,0,6,0,0,5,2.3,22.5,2,171914,242.4
0,0,1,4.6,16.6,2,16.8,19.9,5,0,0,3,0,0,4,153132,144.8
13.8,17.9,6,6.8,17.4,4,15.9,18.5,3,14.7,18.5,5,0,0,1,231559,218.7
0,0,3,0,0,1,9.3,11.2,4,2.5,23.8,5,14.9,18.7,6,290345,231.2
8.3,22.1,6,0,0,5,0,0,1,0,0,3,8.9,17.3,4,212950,307.8
0,0,4,0,0,6,4.8,14.8,3,8.1,22.6,2,0,0,1,238602,196
0,0,2,0,0,5,1.2,20.6,4,0,0,6,0,0,1,182520,155.2
11.3,19.9,2,8.3,17.3,1,0,0,5,0,0,6,0,0,3,193559,219
16.9,21.1,2,0,0,6,0.7,10.8,4,0,0,3,7.2,10.1,1,190239,178.6
0,0,6,4.4,6.8,4,6.8,19.6,1,7.2,12.7,3,0,0,2,179909,170.4
0,0,2,2.9,18,3,7.3,18.2,1,0,0,4,5.9,16.8,6,381954,369
10.3,11.1,3,8.3,16.8,1,0,0,4,0,0,2,7.1,20.6,5,262682,259
12.4,19.3,6,0,0,5,0,0,4,2.5,4.7,2,0,0,3,98437,121.1
7,16.1,2,0,0,1,1.8,10.7,3,18.6,21.5,4,0,0,6,192156,230.9
0,0,5,10.9,22.6,2,0,0,6,8.7,10.4,3,0,0,1,126279,130.6
0,0,1,0,0,2,11.1,18,3,6.6,17.4,5,0,0,6,168698,141.6
20.1,23.3,3,3.5,20.5,6,0,0,4,0,0,5,1.2,4.1,2,288468,252.8
0.7,5.1,4,0,0,6,0,0,5,0,0,2,1.5,5.6,3,70309,115.2
0,0,3,0,0,5,12.8,19.1,1,4.3,11.2,2,0,0,6,106828,105.6
0,0,2,4.1,18.6,5,11.9,22.2,4,7.8,17.5,1,15.1,18.8,3,384983,349.4
11.3,23.5,6,0,0,1,6.7,12.8,4,0,0,5,0.8,3.7,3,237701,266.6
13.7,15.6,4,8.3,21.1,1,2.5,21.3,6,0,0,3,0,0,5,373447,306.9
0,0,2,6.9,21,3,0,0,5,0,0,6,6.5,16.9,4,255459,265.8
1.5,8.7,3,1.8,19.4,4,0,0,2,22,23.3,1,0,0,6,261065,294.4
2.5,7,2,0,0,5,0,0,1,4.3,14.2,4,0,0,6,125550,146.7
0,0,4,0.8,23.7,5,19.8,21.9,1,19.3,20.2,2,0.4,8,3,313328,344.2
0,0,2,0,0,6,0,0,5,0,0,3,2.3,19.5,4,136710,206.4
0,0,1,9.3,22.2,3,15.5,16.5,4,9.3,11.6,2,12.9,13,5,186858,156.6
0,0,4,12.8,23.5,5,0,0,6,2.5,5.7,3,0,0,1,143438,132.6
23.1,23.4,2,0,0,5,0,0,4,10.9,23.4,6,0,0,3,141755,104.5
0,0,6,2.3,21,1,3.8,9.1,4,0,0,3,0,0,2,251517,229.4
0,0,6,5.5,18.1,5,0,0,1,5.7,10.2,4,0,0,3,203994,162
0,0,1,0,0,2,0,0,3,0.4,9.6,4,7.6,19.1,6,212860,211.6
0,0,1,13.8,22.7,2,11.6,13.9,6,2.2,8.6,4,0,0,5,159336,158.6
0,0,2,4.4,11.4,1,0,0,5,0.6,12.3,6,2.5,14.1,4,285223,302.8
2.6,10.5,1,0,0,4,0,0,3,2.6,21.6,6,6.1,10.4,2,303241,322.1
0,0,4,0,0,5,2.4,21.3,3,5,9.6,6,0,0,2,258024,188
0,0,2,7.6,21.9,5,0.6,10.2,4,0,0,1,0,0,6,288582,219.8
10.3,14.8,4,0,0,3,9.5,10,2,11.1,22.2,5,0,0,6,132772,160.3
11.5,23.5,5,15.5,19.9,2,0,0,6,0,0,1,8.1,16.3,4,222148,322.4
9,22,2,0,0,1,1.4,10.2,6,0,0,5,0,0,4,239060,265.4
2.3,12.9,3,0,0,1,0,0,6,0,0,5,12.3,23.6,4,219955,294.6
0,0,2,4.4,11.4,1,0,0,5,0.6,12.3,6,2.5,14.1,4,285223,302.8
2.6,10.5,1,0,0,4,0,0,3,2.6,21.6,6,6.1,10.4,2,303241,322.1
0,0,4,0,0,5,2.4,21.3,3,5,9.6,6,0,0,2,258024,188
0,0,2,7.6,21.9,5,0.6,10.2,4,0,0,1,0,0,6,288582,219.8
10.3,14.8,4,0,0,3,9.5,10,2,11.1,22.2,5,0,0,6,132772,160.3
11.5,23.5,5,15.5,19.9,2,0,0,6,0,0,1,8.1,16.3,4,222148,322.4
9,22,2,0,0,1,1.4,10.2,6,0,0,5,0,0,4,239060,265.4
2.3,12.9,3,0,0,1,0,0,6,0,0,5,12.3,23.6,4,219955,294.6
0,0,5,0,0,3,8.3,12.1,4,5.6,21,6,3.1,18.3,1,323063,336
0,0,2,0,0,4,4.4,21,3,17.4,20.4,5,2.9,7.9,1,234778,216.8
2.1,13.9,2,0,0,6,0,0,4,0,0,3,7.3,13.6,1,117123,252.6
9.3,13.7,5,14.5,16.3,1,2.8,6.5,4,2.2,17,3,0,0,6,249339,232
0,0,1,0,0,3,8,18.4,4,6.5,19.2,5,0,0,6,207870,184.8
0,0,3,4.3,9.6,1,6.9,16.4,2,6.6,8.5,6,0,0,4,154888,144.2
0,0,2,13.8,14.9,1,8.4,12.6,6,2.1,13.6,4,7.8,9.6,3,181920,158.2
11.7,14,3,19,20.9,6,0,0,4,5.9,19.2,5,13.3,17.8,1,201603,213.9
0,0,4,3.6,6.6,1,3.8,3.8,5,0,0,2,9.4,17.9,6,107620,132
0,0,6,3.8,10.9,2,9.8,17.1,4,5.7,12.9,5,11.1,21.2,3,323441,308.2
0,0,5,0,0,3,3.5,12.4,6,11,21.6,4,0,0,1,213950,156
0,0,6,0,0,4,0,0,3,0,0,2,3.5,22.8,5,200226,231.6
12.8,13.9,5,0,0,4,0,0,6,0,0,3,8.3,19.9,2,105628,155.7
5.8,10,3,11.3,23.9,5,0.5,2.1,4,0,0,1,0,0,2,187510,201.8
0,0,6,1.4,4.5,3,0,0,1,13.2,17.2,2,4.7,23.5,4,234401,288.6
19.8,22.6,3,1.2,18.9,6,2,14.6,5,0,0,4,6.3,10.5,2,448509,370.2
4.4,9.7,4,0,0,3,1.2,10.8,6,1.3,24,1,8.1,11.7,5,417335,381.1
0,0,4,1.4,17.5,5,0,0,3,0,0,6,0,0,1,188394,161
0.5,6.4,2,8.8,23.6,1,0,0,4,0,0,6,0,0,5,207352,236.5
11.7,14,3,19,20.9,6,0,0,4,5.9,19.2,5,13.3,17.8,1,201603,213.9
0,0,4,3.6,6.6,1,3.8,3.8,5,0,0,2,9.4,17.9,6,107620,132
0,0,6,3.8,10.9,2,9.8,17.1,4,5.7,12.9,5,11.1,21.2,3,323441,308.2
0,0,5,0,0,3,3.5,12.4,6,11,21.6,4,0,0,1,213950,156
0,0,6,0,0,4,0,0,3,0,0,2,3.5,22.8,5,200226,231.6
12.8,13.9,5,0,0,4,0,0,6,0,0,3,8.3,19.9,2,105628,155.7
5.8,10,3,11.3,23.9,5,0.5,2.1,4,0,0,1,0,0,2,187510,201.8
0,0,6,1.4,4.5,3,0,0,1,13.2,17.2,2,4.7,23.5,4,234401,288.6
19.8,22.6,3,1.2,18.9,6,2,14.6,5,0,0,4,6.3,10.5,2,448509,370.2
4.4,9.7,4,0,0,3,1.2,10.8,6,1.3,24,1,8.1,11.7,5,417335,381.1
0,0,4,1.4,17.5,5,0,0,3,0,0,6,0,0,1,188394,161
0,0,1,0,0,3,11.7,16,5,0,0,4,2.1,10.6,2,95030,136.4
13,21.4,1,0,0,6,2.4,20.6,2,0,0,5,16.9,21.1,4,309720,322
0,0,5,4.8,8,6,0.5,9.3,2,0,0,1,8.5,14.4,3,171431,173.2
0,0,2,0,0,5,0,0,6,2.5,12.4,1,5,6.9,3,107324,102
2,13.8,2,0,0,3,0,0,6,7.6,24,5,0,0,4,236068,308.2
15.5,17.4,4,14.1,15.5,2,0,0,5,10.7,14.9,6,9,17.7,1,154750,180.5
9.4,16.2,5,7.3,9.9,1,0,0,6,0,0,2,5.4,22.9,3,267071,338
1.4,7.7,4,0,0,2,2.7,4.1,3,0.4,2.8,1,0,0,6,102224,124.9
3.9,21.2,4,0,0,6,0,0,2,0,0,3,0,0,1,143100,259.5
0,0,3,3,3,2,0,0,6,0,0,1,0.3,14.3,4,88200,168
0.2,14.5,4,7.6,14.8,6,0,0,3,0,0,2,20.7,23.9,5,280014,324.9
8.5,18.6,2,0,0,5,13.9,21.7,3,3.4,17.3,4,0,0,6,246894,325.1
0,0,6,6.1,11.9,3,0,0,5,0,0,4,3.4,20.1,2,213267,258.4
11.3,23.4,1,15.8,23.6,3,1.6,1.7,4,0,0,6,0.5,4.3,2,209569,305.9
9.3,15.7,6,11,16.2,2,0,0,1,0,0,5,0,0,4,106804,148
0,0,3,20.2,22.8,4,7.3,20.8,2,0,0,1,3.1,3.4,6,120791,137.6
14.4,23.3,3,0,0,5,1.8,20.8,1,0,0,6,0,0,2,307633,285.5
0,0,3,12.2,22.3,6,0,0,2,21.7,23.7,5,0,0,1,141035,117
14.8,19.2,5,0,0,6,2.8,13.5,1,0,0,4,9.1,9.3,2,175138,154
2.1,22.3,5,15.4,17.4,2,0,0,3,17.3,21.9,6,0,0,4,266954,359.8
0,0,6,0,0,4,2.4,21.9,2,2,22.1,3,18.6,19.1,1,387038,322.8
12.1,18,1,0,0,3,0,0,4,3.9,19.2,5,0,0,2,198117,210.9
0,0,6,6.1,11.9,3,0,0,5,0,0,4,3.4,20.1,2,213267,258.4
11.3,23.4,1,15.8,23.6,3,1.6,1.7,4,0,0,6,0.5,4.3,2,209569,305.9
9.3,15.7,6,11,16.2,2,0,0,1,0,0,5,0,0,4,106804,148
0,0,3,20.2,22.8,4,7.3,20.8,2,0,0,1,3.1,3.4,6,120791,137.6
0,0,1,0.4,6.1,2,0,0,5,6.2,21.2,6,16.6,22.3,3,297268,245.4
10.4,13.3,2,2.6,9.1,1,0,0,5,0,0,3,7.5,9.5,4,76592,132.5
0,0,1,0,0,6,0,0,5,0,0,4,1.5,19.5,2,135450,216
3,9.9,2,0,0,5,3.7,3.8,4,7.2,19.7,3,2.9,14,6,267831,337.5
0,0,3,1.1,12.6,6,1.1,1.3,2,0.5,1.8,5,5.2,7.7,1,173454,157
0.1,3.2,2,0,0,1,9.9,22.1,6,0,0,5,0,0,4,138900,144.1
9.4,11.5,5,2.5,11.7,3,0,0,1,0,0,2,15.8,19.3,6,177579,165.5
3.2,13.6,4,3.2,18.7,3,0,0,6,0,0,5,0,0,1,261535,311
15.2,23.2,3,0,0,5,2.2,11.2,4,0,0,6,6.1,18.1,2,310214,336
0,0,4,0,19.1,6,5.6,9.6,1,0,0,3,0,0,2,282683,223
0,0,3,0,0,6,5.2,21.4,4,2.2,5.7,1,6.4,17.5,5,265269,290.8
6.4,15.3,5,0,0,4,23,23.3,2,23.6,23.9,3,5.7,9.2,1,81093,180.3
0,0,4,0,0,5,0.9,5.5,6,8.6,13.1,2,5,17.5,1,202820,222.8
4.8,11.1,1,19.3,19.6,2,8.9,21.5,3,0,0,5,0.6,2.9,4,171751,225.9
7.1,10,4,0,0,6,3.8,15.3,2,10.7,11.2,1,11.9,19.8,5,225923,234.3
14.4,23.9,4,0,0,2,0,0,1,1.6,20.1,3,18.1,18.3,5,313352,292.9
1.5,18.7,3,16.6,23.2,1,0,0,2,0,0,6,0,0,4,198651,324
2,4.5,6,5.8,9.9,3,14.3,21.2,4,0,0,2,0,0,1,121136,133.7
13,15.3,4,11.1,20.3,3,0,0,5,16.1,18.7,2,8.8,13.1,1,176798,198.9
0,0,3,0,0,6,1.3,23,5,10.9,12.4,4,3.3,12.6,1,292809,297.2
0,0,1,2.6,20.3,2,0,0,3,12.8,13.3,5,0,0,6,173064,181
3.3,10.3,1,1.3,2.7,3,20.3,20.8,4,7.9,19.3,2,0,0,6,158837,214.2
0,0,3,1.1,18.9,6,22.8,23.4,4,6.6,10.3,5,6.3,14,2,312506,304.8
5.4,17.6,5,0,0,6,0,0,3,0,0,4,3.4,10.2,2,132736,264.6
0,0,3,0,0,5,3.3,14.9,2,15.1,21.7,4,2.6,14.3,6,268703,286
0,0,3,1.6,19.2,1,2.9,12.2,5,11.5,14.9,6,17.4,17.7,4,336714,281.2
0,0,2,16.6,21.6,1,3.3,18.6,3,0,0,5,0,0,4,205248,172.4
0,0,3,0,0,5,0,0,2,9.7,17.9,4,5.4,23.3,6,287780,280.4
0,0,3,0,0,2,0,0,6,4.5,14.3,4,2.4,20,5,248064,289.6
0,0,3,0,0,4,11.7,16.1,6,10,23.1,2,0,0,1,157640,140
0,0,5,0,0,6,0,0,4,3.9,21,2,6.9,8.1,3,152694,151.2
2.3,8.5,1,18.5,21,4,0,0,3,2.8,19.6,5,0,0,2,239589,252.4
4.8,9.1,3,0,0,5,9.5,18.6,6,0,0,4,0,0,2,132815,137.3
1.7,19.8,5,0,0,2,8.6,11,3,18.7,21.6,4,0,0,1,214980,313.9
4.8,5.6,1,7.6,11,3,0.9,17.6,2,0.5,23,5,0,0,4,453326,359.6
0,0,4,0,0,2,0,0,1,8.1,23,5,8.4,19.8,6,275022,256
2.5,7.1,4,0,0,5,5.9,18.4,2,12.5,23.5,3,0,0,6,261823,257
3.9,20.1,2,1.7,6.7,5,0,0,1,0,0,3,0,0,4,158250,293
17.4,19.2,1,0,0,2,0,0,4,0,0,6,1.5,13.2,5,108648,167.4
2.8,6.8,4,14,23.1,3,22.1,22.5,2,15.4,23.5,1,0,0,6,200255,219
0,0,4,0,0,5,0,0,2,10.4,15.3,6,1.8,7.6,1,88473,108.8
0,0,3,0,0,6,0,0,1,2.8,23.4,4,13,15,2,194920,188.8
0,0,6,0,0,2,12.1,14.9,3,4.5,22.5,1,0,0,4,193175,166.4
10.7,11.4,5,14,21.1,3,0,0,6,0,0,4,3.5,5.3,2,86845,103.1
0,0,3,0.6,17.5,5,0.7,7.9,6,12.6,13.5,1,0,0,4,317559,233.8
1.7,19.8,5,0,0,2,8.6,11,3,18.7,21.6,4,0,0,1,214980,313.9
4.8,5.6,1,7.6,11,3,0.9,17.6,2,0.5,23,5,0,0,4,453326,359.6
0,0,4,0,0,2,0,0,1,8.1,23,5,8.4,19.8,6,275022,256
2.5,7.1,4,0,0,5,5.9,18.4,2,12.5,23.5,3,0,0,6,261823,257
3.9,20.1,2,1.7,6.7,5,0,0,1,0,0,3,0,0,4,158250,293
17.4,19.2,1,0,0,2,0,0,4,0,0,6,1.5,13.2,5,108648,167.4
2.8,6.8,4,14,23.1,3,22.1,22.5,2,15.4,23.5,1,0,0,6,200255,219
0,0,4,0,0,5,0,0,2,10.4,15.3,6,1.8,7.6,1,88473,108.8
0,0,3,0,0,6,0,0,1,2.8,23.4,4,13,15,2,194920,188.8
0,0,6,0,0,2,12.1,14.9,3,4.5,22.5,1,0,0,4,193175,166.4
10.7,11.4,5,14,21.1,3,0,0,6,0,0,4,3.5,5.3,2,86845,103.1
0,0,3,0.6,17.5,5,0.7,7.9,6,12.6,13.5,1,0,0,4,317559,233.8
1.7,19.8,5,0,0,2,8.6,11,3,18.7,21.6,4,0,0,1,214980,313.9
4.8,5.6,1,7.6,11,3,0.9,17.6,2,0.5,23,5,0,0,4,453326,359.6
9,15.2,2,0,0,6,13.2,22.2,5,0,0,1,0,0,3,93164,165
0,0,5,0,0,6,0,0,2,6,20.3,3,0.2,8.8,1,202576,217.6
2.7,9.4,2,0,0,1,0,0,6,10.4,18.5,5,0,0,3,128508,165.3
0,0,5,0,0,4,1.5,9.5,3,7.5,18.4,2,0,0,6,200710,151.2
0,0,1,0,0,6,13.3,19.8,3,10.8,16.8,5,6.5,12.4,4,146352,170.8
12.5,19.5,1,9.2,12.6,6,0,0,5,7.1,9.6,2,0,0,3,148558,159
0,0,3,3.9,15.5,1,6,22.7,2,6.4,6.4,6,0,0,4,265743,249.6
0,0,4,1.3,19.5,6,10.8,11.3,5,0,0,1,11.3,20.6,2,326000,297.6
0,0,1,0,0,4,0,0,5,5.6,19.5,3,0.6,11.2,6,228068,238.4
0,0,6,10.1,10.7,1,7,22.5,2,0,0,3,0,0,4,123308,130
0,0,4,0,0,1,11,12.3,3,5.8,13.9,6,10.3,23.1,2,234815,228.8
0,0,4,9,19.5,5,6.6,11.8,6,5.2,8.1,1,0,0,2,234951,169.8
20.3,23.6,5,0,0,3,8.6,20.7,2,0,0,1,0,0,6,138382,146.3
0,0,3,1.7,16.9,6,0,0,1,19.7,19.7,5,10.9,13.9,2,223220,188
5.3,8.1,4,16.6,16.6,2,0,0,3,11.4,16.1,6,6.5,14.4,1,124939,174.4
14.6,17.4,4,0,0,5,0,0,1,9.6,21.4,6,4,12.7,3,218703,240.8
2.4,11.3,4,7.6,14.2,3,6.8,20.6,6,0,0,1,0,0,5,317450,309.9
12.7,21,6,0,0,2,0,0,4,0,0,3,0,0,5,105225,124.5
4.2,5.1,4,4.2,23.8,3,14.7,23.5,6,0,0,2,0,0,1,298644,279.9
2.6,10.1,2,18,22.3,6,1.5,1.7,4,12.5,16.6,5,0,0,1,130855,189.9
3.7,4.1,6,0,0,3,12.7,20.4,2,3.2,11.5,1,1.4,21.9,4,311023,380
0,0,5,14.5,15.2,3,0.1,11.5,1,11.7,14.1,2,14.1,15.7,4,176048,136.6
0,0,4,0,0,2,2.3,2.7,1,2.7,9.3,3,9.6,19.2,6,190508,171.2
0.6,14,1,0,0,6,1.1,4.3,3,6.5,11.5,2,0,0,5,185936,266.6
14.4,20.5,6,2.5,17.8,2,8.4,21.9,4,6.6,11.4,3,0,0,1,390331,390.9
0,0,6,10.1,10.7,1,7,22.5,2,0,0,3,0,0,4,123308,130
0,0,5,0.1,22.4,3,0,0,1,0,0,6,0,0,4,244067,223
0,0,6,1.1,3.1,1,3.5,23.3,4,0,0,3,0.8,2.8,2,193180,202.4
12.6,13.2,5,0,0,1,1.3,10.5,4,2.3,21.2,3,0,0,6,309749,233.8
5.5,20.7,2,0,0,4,12.3,20.1,1,2.6,12.5,6,19.2,20.2,3,305823,381.6
0,0,1,2.3,15,4,2.3,16.3,2,8.8,16.2,3,13.9,13.9,5,347162,298.2
0,0,2,0,0,1,0,0,4,0,0,6,2.5,22.1,3,205547,235.2
0,0,5,7.5,13.7,2,14.3,19.2,1,6.6,19,6,0,0,4,250118,200.4
7.9,20.3,1,9.7,14.4,2,0,0,6,0,0,5,0,0,4,162787,233
0,0,4,11.8,21.6,3,4.4,18.1,1,0,0,5,3,12.8,2,305834,325.2
2.6,19.5,4,11.6,19.2,5,0,0,2,0,0,1,0,0,3,226506,329.5
6,13,6,0,0,1,0,0,2,0,0,4,3.1,4.2,3,59989,118.2
0,0,2,3.5,21.2,6,1.6,12.3,4,0,0,5,0,0,1,344625,262.6
3.2,21.9,4,15.8,20.6,3,0,0,1,0,0,6,0,0,5,196728,328.5
1.4,7.8,2,12.9,19.2,5,0,0,3,2.9,6,6,18.6,21.9,4,215215,223.4
0,0,5,0,0,1,0,0,2,20,22.5,3,6.2,19.5,6,170040,179.6
0,0,6,10.2,16.9,1,4.8,16.1,4,0,0,3,1.3,12.8,2,274253,295.4
0,0,2,9.6,21.9,3,0,0,1,13.6,20.6,4,0,0,6,214599,179
0,0,3,0,0,4,0,0,6,6.6,14.2,5,8.1,11.4,2,92490,100.4
0,0,2,0,0,1,0,0,4,0,0,6,2.5,22.1,3,205547,235.2
0,0,5,7.5,13.7,2,14.3,19.2,1,6.6,19,6,0,0,4,250118,200.4
7.9,20.3,1,9.7,14.4,2,0,0,6,0,0,5,0,0,4,162787,233
0,0,4,11.8,21.6,3,4.4,18.1,1,0,0,5,3,12.8,2,305834,325.2
2.6,19.5,4,11.6,19.2,5,0,0,2,0,0,1,0,0,3,226506,329.5
6,13,6,0,0,1,0,0,2,0,0,4,3.1,4.2,3,59989,118.2
0,0,2,3.5,21.2,6,1.6,12.3,4,0,0,5,0,0,1,344625,262.6
3.2,21.9,4,15.8,20.6,3,0,0,1,0,0,6,0,0,5,196728,328.5
1.4,7.8,2,12.9,19.2,5,0,0,3,2.9,6,6,18.6,21.9,4,215215,223.4
0,0,5,0,0,1,0,0,2,20,22.5,3,6.2,19.5,6,170040,179.6
0,0,6,10.2,16.9,1,4.8,16.1,4,0,0,3,1.3,12.8,2,274253,295.4
0,0,2,9.6,21.9,3,0,0,1,13.6,20.6,4,0,0,6,214599,179
0,0,3,0,0,4,0,0,6,6.6,14.2,5,8.1,11.4,2,92490,100.4
0,0,2,0,0,1,0,0,4,0,0,6,2.5,22.1,3,205547,235.2
0,0,5,7.5,13.7,2,14.3,19.2,1,6.6,19,6,0,0,4,250118,200.4
7.9,20.3,1,9.7,14.4,2,0,0,6,0,0,5,0,0,4,162787,233
6,19.7,4,0,0,6,5.3,10.7,5,0,0,1,12.7,20.2,2,247704,338.7
0.5,14,5,0,0,6,0,0,3,0,0,4,0,0,2,107100,202.5
0,0,6,5.7,9.4,3,7,10.1,1,0,0,4,5,17.4,2,159229,210.6
0,0,1,9.5,11.2,6,0,0,5,0,0,3,6.1,20.7,4,161330,192.2
12.2,23,6,1.2,21.6,1,0,0,2,0,0,5,0,0,3,342364,366
0,0,3,0,0,6,3.9,6.8,2,0,0,4,0.8,19.8,1,190412,251.2
6.3,15.8,3,0,0,5,0,0,6,0,0,2,8.2,21.3,4,185380,299.7
1.5,7.6,3,0,0,4,18.2,23.4,2,0.6,23.1,5,7.5,10.6,1,341171,350.3
6,19.7,4,0,0,6,5.3,10.7,5,0,0,1,12.7,20.2,2,247704,338.7
0.5,14,5,0,0,6,0,0,3,0,0,4,0,0,2,107100,202.5
0,0,6,5.7,9.4,3,7,10.1,1,0,0,4,5,17.4,2,159229,210.6
0,0,1,9.5,11.2,6,0,0,5,0,0,3,6.1,20.7,4,161330,192.2
12.2,23,6,1.2,21.6,1,0,0,2,0,0,5,0,0,3,342364,366
0,0,3,0,0,6,3.9,6.8,2,0,0,4,0.8,19.8,1,190412,251.2
6.3,15.8,3,0,0,5,0,0,6,0,0,2,8.2,21.3,4,185380,299.7
1.5,7.6,3,0,0,4,18.2,23.4,2,0.6,23.1,5,7.5,10.6,1,341171,350.3
6,19.7,4,0,0,6,5.3,10.7,5,0,0,1,12.7,20.2,2,247704,338.7
0.5,14,5,0,0,6,0,0,3,0,0,4,0,0,2,107100,202.5
0,0,6,5.7,9.4,3,7,10.1,1,0,0,4,5,17.4,2,159229,210.6
0,0,1,9.5,11.2,6,0,0,5,0,0,3,6.1,20.7,4,161330,192.2
12.2,23,6,1.2,21.6,1,0,0,2,0,0,5,0,0,3,342364,366
0,0,3,9.4,12.5,4,0,0,6,0,0,1,2.9,20.6,2,186798,243.4
0,0,2,9,23.7,4,0,0,6,0,0,3,0,0,5,149310,147
0.3,2.8,4,2.4,16.7,1,0,0,3,0,0,5,0,0,2,182553,180.5
1.9,5.2,5,0,0,3,18.9,22.2,4,0,0,1,3.8,18.8,6,201210,255.9
0,0,3,0.6,1.2,4,0,0,2,1.6,22.3,5,1.1,18.3,6,375553,378
1.8,4.9,6,2.3,12.7,5,2.3,5.8,1,0,0,3,12.6,23.2,2,318162,305.7
14.6,18,3,10,13.5,5,0,0,6,2.1,13.3,4,15.5,19.9,1,259337,228.4
0,0,1,6.8,19,3,13.7,18.1,6,0,0,5,0,0,4,209358,157.2
12.3,22.5,6,0,0,2,6.4,6.4,1,0,0,3,0,0,5,133400,153
2.9,22.7,3,0,0,4,0,0,1,0,0,2,5.4,6.8,6,216175,313.8
0,0,5,0,0,2,0.4,18.7,3,0,0,6,2.3,14.5,1,296204,292.8
19.5,23.6,3,4.4,21.2,4,0,0,6,0,0,5,13.2,18.7,1,294849,295.5
4.1,20.4,4,0,0,5,0,0,3,0,0,2,0,0,6,130500,244.5
15.2,20.2,5,0,0,4,15.3,16.6,2,0,0,6,7.3,15.3,3,137376,181.4
1.7,10.2,6,4.8,19,5,0,0,4,0,0,2,18.9,20.9,1,289688,293.5
0,0,6,0,0,5,4.8,21.7,4,0,0,2,3.8,19,3,285838,317.6
0,0,5,0,0,1,0,0,2,0,0,3,4.1,20.9,4,145530,201.6
8.5,13.9,5,0,0,1,0,0,2,14.8,21.7,3,1,13.5,6,200711,286.2
3.3,5.9,2,1.4,3.3,3,12.9,20.6,5,0.7,1.2,6,13.8,15.8,1,115708,147.6
0,0,5,0,0,3,15,20.6,4,8.7,16.3,6,0,0,2,112845,105.6
4.9,15,2,6.9,23.9,5,0,0,1,0,0,6,0,0,3,251580,321.5
2.6,16,1,21.2,23.8,5,2.3,10.9,3,0,0,6,0.2,2.2,4,235000,319.8
6.4,7.4,6,4.5,17.9,5,0,0,1,3.9,22.6,3,0,0,4,376533,298.6
0,0,5,0,0,6,9,19.9,4,5.3,11.7,2,6.6,7.5,3,144981,149.2
0,0,5,2.2,23.1,1,0,0,3,0,0,4,9,11.5,6,223144,239
11.9,15.6,2,1.8,8,5,9.2,10.3,4,0,0,3,0,0,6,70078,126.3
0,0,3,21.9,22.8,4,1,7.7,1,6.1,20.1,5,0,0,6,229482,174.6
15.1,16.3,1,0,0,2,0,0,4,0,0,5,3.5,21,3,187595,228
20.8,21.9,4,0,0,6,1.2,21.2,2,13.6,16.2,1,0,0,5,214302,197.3
0,0,5,0,0,2,6.8,11.6,1,4,16.8,3,1,2.9,6,197079,163.6
0,0,4,0,0,1,0,0,5,13,23.2,2,0.1,3.2,3,108359,118.8
15.4,19.7,4,0,0,3,5.4,17.9,2,0,0,5,0,0,6,162558,164.5
18,18.9,6,9,22.9,1,0,0,3,0,0,5,13.9,17.7,4,202314,198.1
10.8,13.5,3,12.2,23.9,6,0.3,5.6,2,0,0,5,6.1,15.4,4,270362,311.5
0,0,6,0,0,3,4.6,22.4,5,0,0,4,5.6,20.4,1,302496,320
0,0,3,0,0,4,5.1,20.2,6,9.8,18.9,2,2.7,16.4,5,342088,358
0,0,2,0,0,4,0,0,1,4.1,23.7,3,6.2,11.1,5,240319,215.6
0.7,14.3,1,19.1,22.2,2,0.9,3.4,4,16.8,20.2,3,0,0,6,183727,282.2
0,0,6,0.8,14.3,5,2.5,22.4,2,13.7,17.6,1,0,0,4,356399,325.4
14,16.8,1,0,0,2,0,0,3,0,0,4,7.6,17.1,5,98388,156
11.7,17.9,5,0.8,9.9,2,5.8,18.9,6,0,0,3,0,0,1,267918,288.8
0,0,4,0,0,2,1,23.2,1,2.1,23.4,3,0,0,5,431379,348
0,0,4,4.7,23.7,3,0,0,2,0,0,5,11.3,18.6,6,305025,277.6
6.2,16.5,1,7.3,16.1,2,2.5,15.5,3,0,0,5,2.3,6.6,6,373066,398.1
0,0,5,0,0,4,4,5,1,0,0,6,13.6,23.7,3,162820,129.2
22.6,23.7,6,4.6,5.6,4,1.9,19.3,5,6.7,14.4,1,0,0,3,281046,227.3
6.8,11.6,2,2.5,6.8,5,0,0,6,0,0,4,3.9,15.9,1,134622,259
0,0,3,21.9,22.8,4,1,7.7,1,6.1,20.1,5,0,0,6,229482,174.6
15.1,16.3,1,0,0,2,0,0,4,0,0,5,3.5,21,3,187595,228
20.8,21.9,4,0,0,6,1.2,21.2,2,13.6,16.2,1,0,0,5,214302,197.3
14.5,18.9,3,0,0,4,0,0,1,0.2,18.2,5,0,0,2,237966,210
0,0,3,1.7,16.5,2,0,0,1,0,0,4,0,0,5,151016,148
0,0,5,5.4,11,6,0,0,3,2.6,20.8,4,8.1,14.5,1,279254,278.4
6.6,9.4,4,3.1,19.8,6,0,0,5,9.6,21.9,3,0,0,2,360897,307.4
0,0,3,0,0,6,0,0,2,0,0,4,3.3,17.9,1,110949,175.2
0,0,4,0,0,6,5,18.1,5,2.8,23,3,0,0,1,350436,266.4
7.7,10.5,4,0,0,3,0,0,2,3.5,10.3,1,10.7,11.3,5,83520,103.6
3.8,17.7,5,0,0,1,0,0,4,0,0,3,0,0,6,109650,208.5
2.2,14.8,1,0,0,6,0,0,4,0,0,3,0,0,2,85560,189
1,2.1,2,13,13.8,3,0,0,5,3.5,14.3,1,0,0,6,121922,110.9
5.9,13.6,2,11.8,12,5,0,0,3,9.3,14.6,4,9.1,17,6,162279,254.7
0,0,5,5.4,11,6,0,0,3,2.6,20.8,4,8.1,14.5,1,279254,278.4
6.6,9.4,4,3.1,19.8,6,0,0,5,9.6,21.9,3,0,0,2,360897,307.4
0,0,3,0,0,6,0,0,2,0,0,4,3.3,17.9,1,110949,175.2
0,0,4,0,0,6,5,18.1,5,2.8,23,3,0,0,1,350436,266.4
7.7,10.5,4,0,0,3,0,0,2,3.5,10.3,1,10.7,11.3,5,83520,103.6
3.8,17.7,5,0,0,1,0,0,4,0,0,3,0,0,6,109650,208.5
2.2,14.8,1,0,0,6,0,0,4,0,0,3,0,0,2,85560,189
1,2.1,2,13,13.8,3,0,0,5,3.5,14.3,1,0,0,6,121922,110.9
5.9,13.6,2,11.8,12,5,0,0,3,9.3,14.6,4,9.1,17,6,162279,254.7
0,0,5,5.4,11,6,0,0,3,2.6,20.8,4,8.1,14.5,1,279254,278.4
6.6,9.4,4,3.1,19.8,6,0,0,5,9.6,21.9,3,0,0,2,360897,307.4
0,0,3,0,0,6,0,0,2,0,0,4,3.3,17.9,1,110949,175.2
0,0,4,0,0,6,5,18.1,5,2.8,23,3,0,0,1,350436,266.4
7.4,22,1,0.3,15.8,4,20.9,23.2,6,0,0,5,0,0,2,303180,392.4
10.6,19.9,1,1.2,4.4,4,0,0,3,0,0,2,7.5,18.4,6,212260,302.3
0,0,2,1.6,17.8,4,0,0,3,4.5,21.1,6,0,0,5,352585,294.8
17.7,20.4,1,10.9,23.9,2,18.6,22,6,0,0,5,5.9,18.2,4,274169,345.3
0,0,2,0,0,3,0,0,5,0,0,6,4.8,14.7,4,62370,118.8
8.1,19.5,3,0,0,2,0,0,1,15.3,18.9,5,0,0,4,134446,199.8
2.9,15.8,5,8.6,18.4,2,0,0,4,0,0,1,0,0,6,208072,291.5
0,0,5,12.1,17.7,6,12.1,23.4,1,16,23.4,2,20.7,22.6,3,259175,228.4
19.9,22.1,5,0,0,3,0,0,6,1.6,20.4,1,4.1,15.3,4,277572,317.8
0,0,6,16.8,22.4,1,0.1,21.7,2,12.8,14.3,5,0,0,3,243554,240.8
0,0,4,13.9,15,2,0.9,1.8,5,7.7,22.9,3,15.4,17.5,6,214819,165
3,18.5,6,0,0,4,0,0,3,3.8,17,1,0,0,2,265851,338.1
0,0,2,9.4,17.6,5,3.6,6.3,6,18.4,22.2,4,0,0,3,196806,134
14.5,22.8,1,0,0,2,5.2,6.5,5,0,0,4,0,0,3,120399,134.9
0,0,4,1.7,6.3,6,10.9,18.6,3,0,0,1,10.7,13.9,5,131140,146
7,16.5,1,0,0,5,3.9,13.1,2,0,0,4,0,0,6,146699,216.1
0,0,6,7.8,13.4,4,8.4,22.9,3,0,0,5,0,0,2,204638,172
12.4,16,2,2.1,3.4,6,5.6,15.5,4,0.8,22.6,5,0,0,3,345229,320.6
0,0,2,0,0,4,2.2,18.1,5,4.9,5.3,3,0.7,5.4,1,212581,186.8
6.2,6.3,5,0,0,1,0,0,2,7.7,9,3,0.8,18.9,4,151701,229.1
0,0,4,0,0,3,0,0,1,0,0,2,1,23.7,5,232764,272.4
3.8,6.4,5,0,0,1,0,0,3,10.6,18.6,6,4.6,9,4,140030,155.8
0,0,5,0,0,2,1.9,10.2,6,2.7,8,4,0,0,3,175980,108.8
0,0,2,1.6,17.8,4,0,0,3,4.5,21.1,6,0,0,5,352585,294.8
17.7,20.4,1,10.9,23.9,2,18.6,22,6,0,0,5,5.9,18.2,4,274169,345.3
0,0,2,0,0,3,0,0,5,0,0,6,4.8,14.7,4,62370,118.8
8.1,19.5,3,0,0,2,0,0,1,15.3,18.9,5,0,0,4,134446,199.8
0,0,3,9.1,23.8,2,0.2,20,6,0,0,5,0,0,1,387080,305.4
4.8,9.3,2,0.2,0.4,6,1.8,14.1,1,4.4,10.4,3,0,0,4,237658,215.9
0,0,4,0,0,5,6.5,21.3,2,0,0,3,0,0,1,114208,118.4
16.2,20.6,1,3.6,4.5,4,0.4,15.1,2,0,0,6,20.9,21,5,221246,193.8
0,0,2,0,0,3,8.2,21.9,4,0,0,5,13.1,23.2,6,257885,230.8
15.5,16.8,5,7.5,20.3,2,1.5,3.7,4,2.2,7.7,3,10.6,19.7,6,357771,318.3
0,0,3,9.1,23.8,2,0.2,20,6,0,0,5,0,0,1,387080,305.4
4.8,9.3,2,0.2,0.4,6,1.8,14.1,1,4.4,10.4,3,0,0,4,237658,215.9
0,0,4,0,0,5,6.5,21.3,2,0,0,3,0,0,1,114208,118.4
16.2,20.6,1,3.6,4.5,4,0.4,15.1,2,0,0,6,20.9,21,5,221246,193.8
0,0,2,0,0,3,8.2,21.9,4,0,0,5,13.1,23.2,6,257885,230.8
15.5,16.8,5,7.5,20.3,2,1.5,3.7,4,2.2,7.7,3,10.6,19.7,6,357771,318.3
0,0,3,9.1,23.8,2,0.2,20,6,0,0,5,0,0,1,387080,305.4
4.8,9.3,2,0.2,0.4,6,1.8,14.1,1,4.4,10.4,3,0,0,4,237658,215.9
0,0,4,0,0,5,6.5,21.3,2,0,0,3,0,0,1,114208,118.4
16.2,20.6,1,3.6,4.5,4,0.4,15.1,2,0,0,6,20.9,21,5,221246,193.8
0,0,2,0,0,3,8.2,21.9,4,0,0,5,13.1,23.2,6,257885,230.8
13.5,18.4,4,0,0,1,6.6,14.3,3,0,0,2,0,0,6,132032,135.1
0,0,4,0,0,6,16.7,19.9,5,3.5,11.1,1,9.9,19.8,3,202311,205.2
0,0,5,0,0,1,4.5,22.8,4,0,0,2,3.8,23.5,3,372598,382.8
0,0,4,0,0,3,7.4,21.1,1,2,4,5,12.2,15.7,6,161285,167.6
8.2,20.4,4,18.6,20,3,0,0,2,0,0,6,19,22.1,5,155578,234.2
0,0,3,6.6,20.6,4,0,0,5,14.5,18.2,1,0,0,2,186015,169.6
0,0,4,7.9,11.1,5,0,0,2,5.5,14.2,1,7.5,22.3,6,313120,279.2
0,0,2,0,0,4,15.4,19.1,1,11.3,23,3,3.1,3.9,5,148751,132.8
0,0,1,7.9,22.9,5,0,0,4,0,0,2,0,0,3,180540,150
0,0,2,14.2,24,1,8.7,17.3,4,0,0,3,0,0,6,151584,166.8
0,0,4,8,11.5,1,1.6,10,2,10.7,19.4,3,0,0,5,233755,171.8
14.2,22.7,4,0,0,1,9.6,15.5,6,8.4,14.3,2,0,0,3,212066,221.9
3.5,4.7,2,0,0,3,17.7,18.7,4,3.5,17.9,6,0,0,1,177295,141.2
0,0,3,8.8,16.3,5,0,0,6,20.6,20.6,4,3,11.1,2,168408,172.2
4.8,22.5,4,0,0,6,0,0,3,6.7,7.5,2,13.4,23.2,5,296186,389.5
4.9,6.3,3,17.1,22,6,8,22.8,5,0,0,4,0,0,1,177641,188.4
0,0,1,7.6,10.4,6,3.1,13.9,3,13.5,19,4,0.4,6.6,2,268486,232.8
16.1,19.6,1,0,0,3,10.6,22.5,5,5.6,16.1,2,7.8,15.3,6,289544,321.7
13.5,18.4,4,0,0,1,6.6,14.3,3,0,0,2,0,0,6,132032,135.1
0,0,4,0,0,6,16.7,19.9,5,3.5,11.1,1,9.9,19.8,3,202311,205.2
0,0,5,0,0,1,4.5,22.8,4,0,0,2,3.8,23.5,3,372598,382.8
0,0,4,0,0,3,7.4,21.1,1,2,4,5,12.2,15.7,6,161285,167.6
8.2,20.4,4,18.6,20,3,0,0,2,0,0,6,19,22.1,5,155578,234.2
0,0,3,6.6,20.6,4,0,0,5,14.5,18.2,1,0,0,2,186015,169.6
0,0,1,0,0,4,12,20.2,2,4.5,23.4,3,7.9,13.7,5,294899,286.4
0,0,4,0,0,2,0,0,6,0,0,3,1.8,22.6,1,190650,249.6
0,0,1,2.1,5.7,5,0.7,20.8,2,0,0,6,9.3,23.4,4,355934,366
0,0,6,5,23.6,2,0,0,1,17.8,20.7,3,1.2,6.2,4,236422,269.2
10.3,14.3,1,0,0,2,0,0,5,8.4,15.3,6,0,0,4,90015,115.2
4.1,5.3,4,6.4,23.2,1,1.4,3.7,3,0,0,5,0,0,6,221582,204.4
0,0,2,0,0,5,0.8,13.5,1,0,0,6,0,0,4,144894,101.6
6.2,14.8,3,0,0,4,2,6.5,6,0,0,5,0,0,2,128090,165
0,0,3,0,0,1,0.7,21.2,6,11.6,21.7,2,0,0,5,328486,244.8
0,0,3,0,0,2,11.5,19.8,1,3.1,15.1,6,0,0,4,198524,162.4
2.2,12.1,5,6.5,9.4,3,11.2,21.1,4,0,0,2,9.5,12.8,1,207496,296.3
0,0,6,5,23.6,2,0,0,1,17.8,20.7,3,1.2,6.2,4,236422,269.2
10.3,14.3,1,0,0,2,0,0,5,8.4,15.3,6,0,0,4,90015,115.2
4.1,5.3,4,6.4,23.2,1,1.4,3.7,3,0,0,5,0,0,6,221582,204.4
0,0,2,0,0,5,0.8,13.5,1,0,0,6,0,0,4,144894,101.6
6.2,14.8,3,0,0,4,2,6.5,6,0,0,5,0,0,2,128090,165
0,0,3,0,0,1,0.7,21.2,6,11.6,21.7,2,0,0,5,328486,244.8
0,0,3,0,0,2,11.5,19.8,1,3.1,15.1,6,0,0,4,198524,162.4
2.2,12.1,5,6.5,9.4,3,11.2,21.1,4,0,0,2,9.5,12.8,1,207496,296.3
0,0,6,5,23.6,2,0,0,1,17.8,20.7,3,1.2,6.2,4,236422,269.2
10.3,14.3,1,0,0,2,0,0,5,8.4,15.3,6,0,0,4,90015,115.2
4.1,5.3,4,6.4,23.2,1,1.4,3.7,3,0,0,5,0,0,6,221582,204.4
0,0,2,0,0,5,0.8,13.5,1,0,0,6,0,0,4,144894,101.6
6.2,14.8,3,0,0,4,2,6.5,6,0,0,5,0,0,2,128090,165
7.1,13.7,3,10.7,15.7,5,16.8,23.5,4,0,0,6,0,0,1,157905,202.6
0,0,1,7.5,19.3,2,0,0,3,0,0,5,0,0,4,132956,118
0,0,4,7.7,21.9,3,1.8,23.2,5,0,0,1,0,0,6,397598,313.2
2.9,8.8,2,0,0,4,14.1,14.9,1,2.6,7.4,3,10,21.9,6,268096,276.1
8.6,21.8,3,7.5,21.2,2,0,0,5,0,0,6,0,0,1,277074,335
0,0,4,3.3,18.8,3,4.9,6.9,5,0,0,1,0,0,2,221695,171
13.6,22.6,1,0,0,5,0,0,2,1.1,4.6,4,0,0,6,137880,163
0,0,6,9.8,11.1,3,4.2,20.1,2,3.3,7.5,1,18.3,22.2,5,264578,220.6
0,0,2,6.1,10.4,4,4.5,17.6,5,0,0,6,0,0,3,187902,147.8
0,0,5,0,0,6,0,0,1,13.1,19.7,4,4.2,12,3,115212,146.4
0,0,5,1,3.9,6,0,0,4,1,15.8,1,5.9,20.7,3,316354,325
14.4,17.3,5,6.5,20.2,2,0,0,1,0,0,4,13,14.4,6,183714,197.3
18.7,20,3,0,0,2,0,0,4,0,0,6,10.4,20,5,126129,134.7
8.6,12.8,1,1.6,5.5,3,0,0,5,7.8,20.9,2,0,0,4,154693,206.8
4.2,8.4,4,0,0,3,0,0,6,7.1,11.1,5,10.7,11.2,1,77811,101
0,0,1,0,0,5,0,0,6,1,2.5,2,5.8,19.4,3,148796,175.2
0,0,1,15.6,23.6,5,10.9,19.4,2,21.3,21.6,4,1.5,3.4,6,140191,173.2
0,0,3,7.4,20.5,6,0,0,4,0,0,1,14.4,16.1,2,199263,151.4
0,0,6,9.8,11.1,3,4.2,20.1,2,3.3,7.5,1,18.3,22.2,5,264578,220.6
0,0,2,6.1,10.4,4,4.5,17.6,5,0,0,6,0,0,3,187902,147.8
0,0,5,0,0,6,0,0,1,13.1,19.7,4,4.2,12,3,115212,146.4
0,0,5,1,3.9,6,0,0,4,1,15.8,1,5.9,20.7,3,316354,325
14.4,17.3,5,6.5,20.2,2,0,0,1,0,0,4,13,14.4,6,183714,197.3
18.7,20,3,0,0,2,0,0,4,0,0,6,10.4,20,5,126129,134.7
8.6,12.8,1,1.6,5.5,3,0,0,5,7.8,20.9,2,0,0,4,154693,206.8
4.2,8.4,4,0,0,3,0,0,6,7.1,11.1,5,10.7,11.2,1,77811,101
0,0,1,0,0,5,0,0,6,1,2.5,2,5.8,19.4,3,148796,175.2
0,0,1,15.6,23.6,5,10.9,19.4,2,21.3,21.6,4,1.5,3.4,6,140191,173.2
0,0,3,7.4,20.5,6,0,0,4,0,0,1,14.4,16.1,2,199263,151.4
0,0,6,9.8,11.1,3,4.2,20.1,2,3.3,7.5,1,18.3,22.2,5,264578,220.6
14.3,19.5,2,6.5,12.6,1,1.4,24,6,5.5,7.7,5,0,0,4,408817,337.4
0,0,3,0,0,6,4.4,17.6,2,0,0,1,0,0,4,120400,105.6
0,0,4,0,0,3,13.4,19.7,5,0.1,16.9,2,0,0,1,193558,184.8
17.1,17.7,5,0,0,6,9.3,18,4,1.7,14,2,0,0,3,186318,177
14.7,17.8,3,11.9,23.9,6,15.5,22.1,4,8,14.1,5,19.5,20.8,1,287662,283.7
5.6,5.8,6,0,0,1,7.3,18.4,4,8,23.4,2,0,0,3,221640,215
0,0,1,0,0,2,8.6,10.8,4,9.6,13.2,5,0.7,23.9,3,302693,324.8
6.8,23.9,6,0,0,5,0,0,1,6.9,13.4,3,0.2,0.9,2,265238,316.9
1.4,7.7,4,20.9,21,6,0,0,1,0,0,5,12,19.1,3,140537,180.7
2.6,5,1,17.4,21.4,2,0,0,6,5.3,19.6,4,0,0,3,170330,190.4
0.3,15.7,2,3.6,14.6,6,0,0,1,0,0,3,0,0,4,256190,341
0,0,3,5.9,18.7,5,1.8,16.2,2,0,0,4,0,0,6,309312,243.2
2.6,5.5,6,13.7,15,1,15.8,15.9,3,7.1,15.9,5,4.4,10.4,2,172504,199.7
9.9,13.5,5,7,23.5,2,0,0,1,17.7,18.5,4,12.2,17.3,6,241320,286.6
18.1,19.8,3,0,0,4,1.9,20.3,2,0,0,6,0,0,5,191717,172.7
0,0,1,0,0,6,6.3,18,2,2.4,19.1,4,0,0,3,247728,227.2
0,0,6,0,0,2,0,0,1,4.6,13.1,4,1.6,10.9,5,141372,179.6
0,0,4,2.2,12.8,6,8.3,22.7,1,0,0,5,15.9,23,2,340928,306.4
7.6,18.4,6,0,0,4,15.3,15.3,1,0,0,2,0,0,3,92000,162
11.9,15.5,1,4.1,14.2,5,12.8,12.8,6,0,0,3,8.5,20.3,4,254940,296.6
0,0,6,11,14.3,1,0,0,4,7.5,19.6,2,0.5,5.1,3,181168,185
0,0,2,7.2,16.8,3,0,0,6,0,0,1,3.6,16.6,4,235704,252
0,1.9,1,0,0,4,5.5,19.5,3,16.3,16.4,6,0,0,5,164340,141.3
13.9,22.1,6,0,0,4,14,18.8,1,0.2,0.8,5,0,0,3,158256,166.2
0,0,4,0,0,6,17.1,18.4,5,5.3,23.2,1,0,0,2,169497,153.6
0,0,4,1.4,4.7,5,0,0,3,5.1,14.5,1,6.9,7.9,6,115684,120.2
17.7,22.1,5,0,0,2,3.7,18.7,4,0,0,1,0,0,6,208080,186
10.4,16.6,3,0,0,1,0,0,4,0,0,5,10.2,11.9,6,53275,113.4
0,0,2,0,0,1,0,1.4,5,0,0,3,4.3,20.5,6,196977,205.6
0,0,5,0,0,3,0.4,2.6,1,7.7,15.9,4,9.3,21.3,2,208866,227.2
0,0,1,4,16.4,6,0,0,3,0,0,2,0,0,4,182620,124
0,0,5,5.6,23.1,6,18.1,21,2,0,0,3,8.5,15.4,4,282109,281
0,0,2,0,0,6,3.3,17.7,1,0,0,5,14.8,17.9,4,180000,152.4
8.9,16.5,2,0,0,5,18.3,21.2,6,0.2,8.9,1,12.8,23.2,4,268157,331.6
0,0,1,0,0,4,9,11.2,6,0.4,1.9,5,4.9,13.8,3,108791,136.4
0,0,2,12.7,17.6,5,1,13.3,6,3.1,17.5,4,0,0,3,365740,262.6
11.9,18.5,6,0,0,1,4.8,16.6,5,2.8,19.5,4,0,0,3,345448,327
0,0,6,2.8,7.6,3,2.9,4.4,2,0,0,4,1.4,19.4,1,199650,276
8.8,23.4,4,0,0,1,12.3,22.2,3,9.9,10.8,5,0,0,6,219956,305.4
1.5,13.8,2,8.9,9.3,1,0,0,4,4.2,23.6,5,0,0,6,280388,343.7
2,10.2,3,4,19.5,2,0,0,1,0,0,4,0,0,6,231200,278
10.5,13.3,5,19.7,20.3,4,5.4,22.1,3,0,0,6,0,0,2,181770,181.6
12.2,23.8,5,17.4,21.6,1,11,23.4,2,12.5,13.1,6,0,0,3,253456,320
0,0,1,1.8,5.9,5,5.4,5.6,2,1.6,22.7,4,8.5,10.2,6,233827,231.8
6.9,20.5,4,11.6,19.1,1,0,0,5,0,0,2,0,0,6,192303,279
11.6,18.6,4,0,0,2,15.7,17.2,5,0,0,3,0,0,1,65304,117
0,0,6,2.8,7.6,3,2.9,4.4,2,0,0,4,1.4,19.4,1,199650,276
8.8,23.4,4,0,0,1,12.3,22.2,3,9.9,10.8,5,0,0,6,219956,305.4
1.5,13.8,2,8.9,9.3,1,0,0,4,4.2,23.6,5,0,0,6,280388,343.7
2,10.2,3,4,19.5,2,0,0,1,0,0,4,0,0,6,231200,278
10.5,13.3,5,19.7,20.3,4,5.4,22.1,3,0,0,6,0,0,2,181770,181.6
12.2,23.8,5,17.4,21.6,1,11,23.4,2,12.5,13.1,6,0,0,3,253456,320
0,0,1,1.8,5.9,5,5.4,5.6,2,1.6,22.7,4,8.5,10.2,6,233827,231.8
6.9,20.5,4,11.6,19.1,1,0,0,5,0,0,2,0,0,6,192303,279
11.6,18.6,4,0,0,2,15.7,17.2,5,0,0,3,0,0,1,65304,117
0,0,6,2.8,7.6,3,2.9,4.4,2,0,0,4,1.4,19.4,1,199650,276
0,0,3,0,0,1,4,7.9,4,9.8,21.7,2,0,0,5,146148,126.4
0,0,1,0,0,5,9.9,21.1,6,4.6,7.8,4,3.5,16.8,3,244341,274.8
0,0,4,0,0,6,2.1,9.6,1,7.6,22.4,2,4.2,15.3,3,295581,311.6
9.9,12,5,2.9,7.1,1,0,0,2,0,0,4,3.1,6.7,3,65016,116.7
1,4.3,3,0,0,4,0,0,1,2.8,9.6,2,0,0,6,96886,103.9
0,0,1,4,11.7,2,9.5,17.8,4,0,0,5,10.3,19.4,3,244113,252.6
6.8,13,4,0,0,5,6.1,18.1,6,1.2,5.3,2,6,11.2,3,248114,284.2
4.5,14.1,3,0,0,5,0,0,6,0,0,1,0,0,4,70085,144
0,0,2,3.5,12.4,5,6.3,15.8,3,0.2,0.5,6,0,0,1,216659,167.4
0,0,3,7.9,17.1,6,0,0,4,4.5,13,1,0,0,5,234515,160
0,0,1,16.7,22.3,6,1.9,6.4,2,5.8,9.8,4,0,0,3,135620,124
9.6,10.9,6,2.7,21,5,19.6,23.6,2,0,0,4,0,0,1,232217,234.5
0,0,1,19.4,23.3,3,16.1,22.5,6,4.8,16.2,5,4.3,19.3,4,305985,361.4
2.4,10.9,2,1.1,12.3,1,0,0,3,16,19.6,5,16.3,19.9,4,258093,311.5
0,0,4,19.9,23,5,0,0,2,6.2,14.5,6,5.4,13.8,1,166863,198.2
0,0,4,8.1,13.2,6,11,18.9,1,14.3,23.4,3,0,0,5,252073,187
17.4,19.5,1,5.4,10.3,6,3.9,20,3,9.5,10.3,2,0,0,5,271435,215.7
0,0,4,0,0,6,6.6,21.1,2,0,0,3,6,13.7,5,166950,208.4
0,0,3,14.5,18.5,1,0,0,4,12.6,13.6,5,1.7,20.6,2,197157,274.8
9.6,10.9,6,2.7,21,5,19.6,23.6,2,0,0,4,0,0,1,232217,234.5
0,0,1,19.4,23.3,3,16.1,22.5,6,4.8,16.2,5,4.3,19.3,4,305985,361.4
2.4,10.9,2,1.1,12.3,1,0,0,3,16,19.6,5,16.3,19.9,4,258093,311.5
0,0,3,0,0,2,2.5,22.1,4,22.2,23.2,5,9,11.5,6,204565,194.8
8.6,17.6,4,0,0,5,0,0,3,0,0,2,0,0,6,54900,135
0,0,5,0.4,20.1,6,21.3,21.3,4,9.5,13,1,0,0,3,270680,225
17.5,22.6,3,18.5,20,2,4.6,21.8,4,1.9,13,1,9.5,13.5,6,373498,365.9
0,0,1,10.5,13,6,1.3,23.2,5,1.8,15.9,2,0,0,3,387138,313
0,0,2,0,0,5,5.3,17.7,6,0,0,1,11.5,18.8,3,228841,186.8
2.2,4.4,6,0,0,1,0.1,21.9,5,0,0,4,5.2,20.7,3,417176,393.4
0,0,1,8,15.7,5,4.4,13.2,6,6.7,13.3,3,12.8,14.6,4,321104,221.8
0.5,5.3,1,1.5,21.2,6,8.2,9.2,4,0,0,5,4.2,4.5,2,296831,280.6
0,0,4,4.3,15.6,1,2.5,14,2,7.2,15.4,6,7.8,13.9,5,385259,343.8
0,0,1,0,0,2,3.7,16.9,4,0,0,6,14.4,16.6,5,152256,132
6.1,7.3,4,18.4,23.4,3,5.9,16.9,1,17,23.8,2,0,0,6,213494,210.4
0,0,3,3.2,4.5,2,14.4,20.1,5,3.7,19,4,1.8,19.7,1,331106,395.8
0,0,1,0.6,21,3,23.1,23.3,4,13.6,15,6,0,0,5,245406,216.8
0,0,3,10.7,17.4,1,8.8,22.9,5,0,0,2,0,0,6,203646,179.8
8.4,9.6,4,18.3,20.1,3,1,8.3,2,3.1,8.7,1,0,0,5,161728,139.2
12.7,22.7,1,0,0,5,15.4,21.9,4,4.5,7,6,0,0,2,177695,222
0,0,3,0,0,5,9.6,19.1,1,6.2,8.3,6,8.7,9.5,2,107509,102.4
0,0,3,0,0,5,0,0,1,4.2,19.5,6,7.6,11.5,4,195690,169.2
13.7,20.5,4,0,0,3,20.3,21.6,6,9.3,9.6,5,0,0,2,82824,114.8
15.4,19.2,6,13.8,21.9,2,0,0,4,8.7,13.2,5,0,0,1,165750,174
0,0,1,7,23.5,4,0,0,5,7.4,7.5,6,19.7,22.1,3,211103,194.6
14.7,21.4,4,15,15.9,3,0.7,22.3,6,0,0,2,0,0,5,347158,282.3
2.2,4.4,6,0,0,1,0.1,21.9,5,0,0,4,5.2,20.7,3,417176,393.4
0,0,1,8,15.7,5,4.4,13.2,6,6.7,13.3,3,12.8,14.6,4,321104,221.8
0,0,1,7,20.3,3,0,0,4,0.9,17.6,6,2,9.7,5,422650,359
8.8,22.4,5,0,0,1,1.5,17.2,4,0,0,2,0,0,3,295020,329.6
17.8,19.8,4,0,0,2,13,22.2,1,0,0,5,12.8,18.1,3,149416,167.2
0,0,2,16.6,22.4,6,0,0,3,18.8,22.2,1,10.9,16.5,5,122884,152.4
1.5,4.9,5,0,0,2,5.4,12.3,6,0,0,3,0,0,1,125990,106.2
5,15.3,5,4.5,10.9,2,0,0,6,13,17.5,3,0,0,1,173744,254.5
4.4,14.6,6,0,0,1,10.4,19.3,3,4.9,15.8,4,0,0,2,254326,311.4
14.5,17.3,3,9.1,19.6,2,0,0,6,0,0,1,0,0,5,145506,147
0,0,1,0,0,5,0,0,4,1.9,19.8,3,20.2,23.3,6,246537,180.4
3.9,8.8,6,12.8,21.2,5,0,0,3,14.4,24,1,16.1,17.9,2,253662,255.9
0,0,1,0,0,2,0,0,6,5.3,9.4,3,9.9,16.1,5,90447,107.2
10.5,13.3,2,0,0,6,0,0,5,3.1,17.2,3,7.2,10.8,4,182273,198
5.3,17.5,4,0,0,3,0.9,1.7,5,0,0,6,11.8,12.2,1,94578,194.2
5,15.3,5,4.5,10.9,2,0,0,6,13,17.5,3,0,0,1,173744,254.5
4.4,14.6,6,0,0,1,10.4,19.3,3,4.9,15.8,4,0,0,2,254326,311.4
14.5,17.3,3,9.1,19.6,2,0,0,6,0,0,1,0,0,5,145506,147
0,0,1,0,0,5,0,0,4,1.9,19.8,3,20.2,23.3,6,246537,180.4
3.9,8.8,6,12.8,21.2,5,0,0,3,14.4,24,1,16.1,17.9,2,253662,255.9
0,0,1,0,0,2,0,0,6,5.3,9.4,3,9.9,16.1,5,90447,107.2
10.5,13.3,2,0,0,6,0,0,5,3.1,17.2,3,7.2,10.8,4,182273,198
5.3,17.5,4,0,0,3,0.9,1.7,5,0,0,6,11.8,12.2,1,94578,194.2
5,15.3,5,4.5,10.9,2,0,0,6,13,17.5,3,0,0,1,173744,254.5
6,14,2,14.9,20.3,3,0,0,4,7.8,23.6,5,0,0,6,247243,300.4
6.9,23.9,4,0,0,5,19.8,21.8,6,0,0,2,0,0,1,166350,271
15.9,18.5,2,5.2,6.4,6,21.3,22.1,5,0,0,1,0.2,20.6,4,213016,302.2
14.8,20.6,1,8.6,20.9,2,5.8,14.6,5,0,0,6,8.9,9.4,3,303553,286.4
0,0,6,21.5,23.2,4,3.4,9,2,14.2,15.2,3,3.2,16.9,1,181044,234.2
0,0,4,3.5,14.1,5,11.9,17.8,1,1,5.4,6,0,0,2,235516,188.4
0,0,4,0,0,5,3.2,18.5,1,0,0,6,19.4,21.7,2,182494,150
3.1,18.6,6,0.1,12.4,3,0,0,1,0,0,5,0,0,2,281699,355.5
0,0,3,0,0,6,8.5,23.6,4,0,0,1,0,0,5,108540,120.8
11.2,22.9,6,0,0,1,0.8,18.4,5,2.5,10,4,0,0,3,416379,376.3
0,0,1,0.3,15.2,3,0,0,5,2.7,9.1,4,0,0,6,242317,200.2
11,19.7,2,0,0,1,2.5,11.5,3,2.7,3.5,5,16.7,18.6,4,225406,231.7
0.8,5.8,6,0,0,3,0,0,2,1.3,17.5,4,8.6,16.6,1,259232,300.6
1.9,13.9,2,0,0,1,17.5,20.5,3,0,0,4,0,0,6,97090,204
0,0,3,1,14.8,6,9.2,18.6,1,0,0,4,0,0,5,259218,213.2
0,0,1,9.5,13.3,2,0,0,3,20,23.6,6,3.8,10.8,4,137788,150.8
16.4,21.9,6,0,0,1,5.3,16.9,4,8.7,17.3,2,0,0,3,273437,244.1
7.8,22.7,3,0,0,6,10.4,11.4,2,1.7,18.8,5,0,0,4,333761,368.3
0,0,3,13.5,15.6,4,7.3,12.5,2,12.7,23.5,5,0,0,1,184162,149
0,0,2,4.8,17.9,6,6.9,20.1,5,0,0,3,9,20.3,4,416675,372.2
0.9,17.8,6,6.4,11.5,2,0,0,5,0,0,3,0,0,1,216492,304.5
10.4,10.8,2,1,18.3,1,19.4,23.2,6,0,0,5,0,0,4,207523,209.4
8,11.9,1,15.4,18.2,2,0,0,3,14.6,16.7,4,8.4,14.2,5,98687,172.9
14.8,20.6,1,8.6,20.9,2,5.8,14.6,5,0,0,6,8.9,9.4,3,303553,286.4
0,0,6,21.5,23.2,4,3.4,9,2,14.2,15.2,3,3.2,16.9,1,181044,234.2
0,0,4,3.5,14.1,5,11.9,17.8,1,1,5.4,6,0,0,2,235516,188.4
0,0,4,0,0,5,3.2,18.5,1,0,0,6,19.4,21.7,2,182494,150
13.1,21.5,6,0,0,5,9.6,19.6,2,0.3,0.5,4,9.2,13.5,1,215139,259.2
5.4,13.9,1,0,0,4,0,0,3,9.1,18.1,2,0,0,6,123081,199.5
16.1,22.9,5,0,0,4,13.2,23.7,3,0,0,2,0,0,1,183434,186
1.5,12.2,3,15.5,18.4,1,0,0,4,8.5,18,6,0,0,5,215709,265.5
0,0,3,3.7,9.9,5,0,0,1,0,0,2,5.5,16.1,4,129300,189.2
0,0,4,0,0,3,10.3,19.7,1,2,10.3,6,0,0,2,173361,141.6
0,0,5,4.3,12.6,4,0,0,2,0,0,3,6.7,16.1,1,151581,195.8
4.6,10.5,4,0,0,2,13.1,21.5,5,0,0,1,0.1,4.1,3,135050,203.7
4.8,15.1,5,0,0,1,14.4,22,6,0,0,2,0,0,4,128650,215.3
0,0,3,0,0,6,2.2,21.5,4,14.3,20.3,1,0,0,5,228999,202.4
7.1,14.8,1,0,0,5,10.3,14.9,6,20.1,24,3,12.9,12.9,2,134620,183.5
5.7,8.9,6,0.3,9.2,1,1.9,12.2,5,0,0,4,0,0,3,229556,219.4
0,0,2,0.6,17.2,6,0,0,4,0,0,3,6.5,23.9,1,395827,374.8
1.5,12.2,3,15.5,18.4,1,0,0,4,8.5,18,6,0,0,5,215709,265.5
0,0,3,3.7,9.9,5,0,0,1,0,0,2,5.5,16.1,4,129300,189.2
0,0,4,0,0,3,10.3,19.7,1,2,10.3,6,0,0,2,173361,141.6
0,0,5,4.3,12.6,4,0,0,2,0,0,3,6.7,16.1,1,151581,195.8
4.6,10.5,4,0,0,2,13.1,21.5,5,0,0,1,0.1,4.1,3,135050,203.7
4.8,15.1,5,0,0,1,14.4,22,6,0,0,2,0,0,4,128650,215.3
0,0,3,0,0,6,2.2,21.5,4,14.3,20.3,1,0,0,5,228999,202.4
7.1,14.8,1,0,0,5,10.3,14.9,6,20.1,24,3,12.9,12.9,2,134620,183.5
5.7,8.9,6,0.3,9.2,1,1.9,12.2,5,0,0,4,0,0,3,229556,219.4
0,0,2,0.6,17.2,6,0,0,4,0,0,3,6.5,23.9,1,395827,374.8
1.5,12.2,3,15.5,18.4,1,0,0,4,8.5,18,6,0,0,5,215709,265.5
0,0,3,3.7,9.9,5,0,0,1,0,0,2,5.5,16.1,4,129300,189.2
0,0,4,0,0,3,10.3,19.7,1,2,10.3,6,0,0,2,173361,141.6
0,0,5,4.3,12.6,4,0,0,2,0,0,3,6.7,16.1,1,151581,195.8
4.6,10.5,4,0,0,2,13.1,21.5,5,0,0,1,0.1,4.1,3,135050,203.7
7.6,18.2,4,0,0,3,1,8.6,2,9.9,10,6,8.4,10,5,171199,239.8
0,0,2,9.2,13.9,5,14,17.1,1,2.3,2.3,3,7.8,21,6,259452,230.2
0,0,6,0,0,3,4.1,7.2,2,10.1,11.4,1,6.2,12.1,5,90331,106
0,0,1,0,0,3,9.2,16.1,6,0,0,2,6,13.4,5,131726,144
0,0,4,2.1,17.2,5,0,0,6,0,0,3,0,0,1,181254,151
0,0,4,0,0,2,5.1,10.1,6,3.3,15.2,1,3.9,17.5,3,295494,298.4
0,0,2,5,19.8,5,0,0,3,0,0,6,0,0,1,179112,148
14.7,15.7,1,0,0,3,0,0,5,3,5.2,2,7.8,18.4,4,111682,159.8
6.8,15.1,4,3.1,4.7,3,0,0,5,0,0,1,0,0,6,54734,140.5
8,9.9,1,0.7,13.4,6,0.4,22.6,4,0,0,3,15.2,16.7,5,387496,351.1
4.6,13.1,6,0,0,3,0,0,2,0,0,1,0,0,4,68425,127.5
7.6,18.2,4,0,0,3,1,8.6,2,9.9,10,6,8.4,10,5,171199,239.8
0,0,2,9.2,13.9,5,14,17.1,1,2.3,2.3,3,7.8,21,6,259452,230.2
0,0,6,0,0,3,4.1,7.2,2,10.1,11.4,1,6.2,12.1,5,90331,106
0,0,1,0,0,3,9.2,16.1,6,0,0,2,6,13.4,5,131726,144
0,0,4,2.1,17.2,5,0,0,6,0,0,3,0,0,1,181254,151
0,0,4,0,0,2,5.1,10.1,6,3.3,15.2,1,3.9,17.5,3,295494,298.4
0,0,2,5,19.8,5,0,0,3,0,0,6,0,0,1,179112,148
14.7,15.7,1,0,0,3,0,0,5,3,5.2,2,7.8,18.4,4,111682,159.8
6.8,15.1,4,3.1,4.7,3,0,0,5,0,0,1,0,0,6,54734,140.5
8,9.9,1,0.7,13.4,6,0.4,22.6,4,0,0,3,15.2,16.7,5,387496,351.1
4.6,13.1,6,0,0,3,0,0,2,0,0,1,0,0,4,68425,127.5
7.6,18.2,4,0,0,3,1,8.6,2,9.9,10,6,8.4,10,5,171199,239.8
0,0,2,9.2,13.9,5,14,17.1,1,2.3,2.3,3,7.8,21,6,259452,230.2
0,0,6,0,0,3,4.1,7.2,2,10.1,11.4,1,6.2,12.1,5,90331,106
0,0,1,0,0,3,9.2,16.1,6,0,0,2,6,13.4,5,131726,144
0,0,4,2.1,17.2,5,0,0,6,0,0,3,0,0,1,181254,151
0,0,4,0,0,2,5.1,10.1,6,3.3,15.2,1,3.9,17.5,3,295494,298.4
0,0,2,5,19.8,5,0,0,3,0,0,6,0,0,1,179112,148
14.7,15.7,1,0,0,3,0,0,5,3,5.2,2,7.8,18.4,4,111682,159.8
6.8,15.1,4,3.1,4.7,3,0,0,5,0,0,1,0,0,6,54734,140.5
3.1,4.7,1,6.9,13.6,2,18.7,22.1,6,0,0,3,0,0,4,122018,118.2
0,0,4,13.5,13.8,2,3.9,17.1,6,0,0,3,0,0,5,169728,108.6
0,0,4,8,11,5,5.5,10.2,2,12,17.2,6,0,0,1,153180,109.2
13.6,20.6,3,10.6,12.1,5,7.4,14.7,6,11.5,17.2,1,0,0,2,246685,224
8.2,9.2,2,4.4,16.4,5,10.5,14.9,1,4.3,20.7,3,15.9,21.3,6,473544,366.2
5.8,7.2,5,14.3,22.9,1,2.2,6.1,6,0,0,2,5.9,11.1,3,186233,200.6
0,0,2,0,0,4,1.9,19.1,6,0,0,5,0.9,3.9,1,231130,173.6
1.3,3.7,2,11.8,23.8,3,0,0,5,0.3,8.1,1,2.6,12.3,4,291684,334.8
8,19.9,3,0,0,5,13.7,20.2,4,0.4,16.8,2,0,0,6,289471,361.7
0,0,5,7.4,15,2,0,0,6,3.3,17.5,3,3.4,6.8,1,270475,230.4
0,0,1,19.4,20.4,4,0,0,2,1.7,22.4,5,0,0,6,215706,175.6
0,0,6,9.8,20.3,4,0,0,5,0,0,2,21.1,22.5,1,137202,121.8
2,2.5,5,0.2,20.2,4,9.2,14,1,16.4,17.4,3,6.4,13.7,2,295186,341.5
11,23.7,4,3.5,14.6,5,0,0,3,0,0,1,14.9,15.6,2,270506,309.9
2.2,17.2,6,0.4,0.7,1,0,0,4,23,23,2,0,0,3,135353,228
16.1,23.1,5,0,0,2,0,0,3,0,0,6,4.1,15,4,175770,235.8
0,0,6,0,0,4,4.1,16.1,5,0,0,3,7.1,13.3,2,175228,170.4
0,0,2,21.5,22.5,4,0,0,6,0,0,5,6.1,21.8,1,157053,198.4
0,0,5,0,0,3,1.6,20.5,6,8.5,22.9,2,0,0,4,343480,266.4
11.9,20.9,1,3,21.9,6,0,0,4,0,0,5,0,0,3,322365,324
15.2,22.3,3,8.5,13.4,2,5,10,6,0,0,1,0,0,4,244119,195.5
0,0,2,13.3,20.1,3,0,0,5,8.7,22.6,6,0.5,12.3,4,302728,320.8
5.3,10.9,5,20.7,23.5,6,0,0,2,0,0,1,9.1,22.5,3,227831,272.8
5.8,7.2,5,14.3,22.9,1,2.2,6.1,6,0,0,2,5.9,11.1,3,186233,200.6
0,0,2,0,0,4,1.9,19.1,6,0,0,5,0.9,3.9,1,231130,173.6
6.7,16.2,3,8.7,21.2,4,0.5,4.1,5,0,0,2,0,0,1,249208,296.3
0,0,4,10.4,24,5,11.7,21.6,1,0,0,6,0,0,3,219750,215.2
8.1,8.1,5,6.3,9,4,8.1,18.2,1,0,0,6,0,0,2,110856,107.8
0,0,5,0,0,3,2.2,20.6,1,5.2,8.9,2,0,0,4,209038,176.8
5.6,15,4,23.6,23.8,3,15.8,18.6,2,11.9,19.3,1,0,0,5,134741,224.6
0,0,1,0.1,18.4,3,0.4,1.9,5,2.8,6.1,2,0,0,4,266745,221.4
0,0,3,9.5,23.6,1,0,0,2,3.8,17.7,4,6.4,7.9,6,279951,270.2
0,0,3,0,0,4,13.6,22.7,5,0,0,2,7.3,19.2,1,169737,215.6
0,0,6,0,0,3,6.1,14.7,2,15.6,15.7,4,0.1,19.1,5,245424,297.6
4.6,5.4,5,10.6,18.8,3,0,0,6,0,0,2,4.5,11.7,1,168452,180.4
12.3,21.5,1,6.3,13.7,3,0,0,6,0,0,4,0,0,2,204247,212
0.7,4.8,4,1.2,8.6,6,1.2,13.4,2,0,0,3,0,0,1,230992,233.1
10.8,19.8,4,15.6,17.9,2,10.1,11,1,0,0,3,0,0,5,100012,165.2
9.6,13.9,5,0,0,6,0.3,3.4,1,3.9,7.8,4,0,0,2,100902,120.5
11.6,12,1,0,0,3,0,0,2,0,0,6,3.4,16.2,4,84120,159.6
0,0,3,0,0,4,13.6,22.7,5,0,0,2,7.3,19.2,1,169737,215.6
0,0,6,0,0,3,6.1,14.7,2,15.6,15.7,4,0.1,19.1,5,245424,297.6
4.6,5.4,5,10.6,18.8,3,0,0,6,0,0,2,4.5,11.7,1,168452,180.4
