 sex, mstatus, age, children, occupation, education, income, avbal, avtrans,status,score,status_multiplier,expected_profit,actual_status,actual_score,actual_status_multiplier,is_status_diff,actual_profit,absolute_score_diff
M,single,26.89,0,legal,professional,9634.85,58058.66,7533.45,B,5.13,1.0,5.13,None,6.5,0.0,True,0.0,1.37
M,divorced,29.55,3,finance,professional,14156.64,59093.96,3939.75,B,4.95,1.0,4.95,None,5.8,0.0,True,0.0,0.8499999999999996
M,single,27.75,0,finance,postgrad,9498.67,47118.65,4224.75,B,4.89,1.0,4.89,None,5.2,0.0,True,0.0,0.3100000000000005
M,single,27.58,0,medicine,postgrad,10187.79,43593.55,4030.05,B,4.84,1.0,4.84,B,5.0,1.0,False,5.0,0.16000000000000014
F,single,27.28,0,IT,professional,10594.21,38196.33,5128.79,B,4.81,1.0,4.81,None,5.2,0.0,True,0.0,0.39000000000000057
M,single,20.45,0,legal,postgrad,10175.69,44571.74,3717.04,B,4.8,1.0,4.8,None,4.6,0.0,True,0.0,0.20000000000000018
F,single,26.35,0,finance,postgrad,8693.24,41444.32,4680.47,B,4.8,1.0,4.8,None,5.1,0.0,True,0.0,0.2999999999999998
M,single,26.57,0,education,professional,9135.73,29647.39,4777.72,B,4.73,1.0,4.73,None,4.8,0.0,True,0.0,0.0699999999999994
F,single,27.25,0,construct,postgrad,11968.81,52477.87,6196.94,B,4.72,1.0,4.72,B,6.0,1.0,False,6.0,1.2800000000000002
F,single,20.53,0,IT,postgrad,8854.37,29699.34,4821.16,B,4.65,1.0,4.65,None,4.4,0.0,True,0.0,0.25
M,divorced,26.99,1,finance,postgrad,11344.0,43173.66,2605.7,B,4.63,1.0,4.63,None,4.6,0.0,True,0.0,0.03000000000000025
F,single,24.28,0,education,professional,5218.82,55185.81,2521.92,B,4.61,1.0,4.61,B,4.6,1.0,False,4.6,0.010000000000000675
F,single,26.97,0,education,postgrad,5973.57,46769.52,2757.94,B,4.6,1.0,4.6,None,4.6,0.0,True,0.0,0.0
F,single,20.34,0,IT,postgrad,9447.91,44678.77,2778.65,B,4.6,1.0,4.6,None,4.3,0.0,True,0.0,0.2999999999999998
F,single,25.3,0,legal,postgrad,7470.73,22845.25,4926.92,B,4.54,1.0,4.54,B,4.5,1.0,False,4.5,0.040000000000000036
F,single,26.65,0,finance,postgrad,9017.27,31691.01,3251.98,B,4.52,1.0,4.52,None,4.4,0.0,True,0.0,0.11999999999999922
M,single,27.52,0,finance,postgrad,12681.79,37182.94,2302.94,B,4.52,1.0,4.52,B,4.4,1.0,False,4.4,0.11999999999999922
F,divorced,26.86,3,government,professional,12079.58,41877.14,3804.19,B,4.52,1.0,4.52,None,5.0,0.0,True,0.0,0.4800000000000004
M,single,28.01,0,IT,postgrad,8941.37,26194.45,3302.81,B,4.51,1.0,4.51,B,4.3,1.0,False,4.3,0.20999999999999996
M,single,18.05,0,legal,tertiary,7146.27,42008.8,2515.25,B,4.51,1.0,4.51,B,3.9,1.0,False,3.9,0.6099999999999999
M,divorced,27.43,1,legal,tertiary,8152.68,38831.16,2533.63,B,4.5,1.0,4.5,None,4.4,0.0,True,0.0,0.09999999999999964
F,single,26.53,0,finance,postgrad,9136.49,29980.17,3149.81,B,4.49,1.0,4.49,None,4.3,0.0,True,0.0,0.1900000000000004
F,single,24.15,0,government,professional,9682.75,28834.05,5565.15,B,4.49,1.0,4.49,B,4.9,1.0,False,4.9,0.41000000000000014
F,single,22.79,0,medicine,tertiary,5604.65,47311.22,2492.98,B,4.48,1.0,4.48,None,4.3,0.0,True,0.0,0.1800000000000006
F,single,27.35,0,finance,tertiary,9672.19,36804.97,2944.84,B,4.48,1.0,4.48,B,4.5,1.0,False,4.5,0.019999999999999574
F,single,22.51,0,legal,tertiary,11833.53,38616.71,2825.67,B,4.48,1.0,4.48,None,4.3,0.0,True,0.0,0.1800000000000006
F,single,26.76,0,manuf,professional,8655.32,28706.6,5948.3,B,4.45,1.0,4.45,None,5.1,0.0,True,0.0,0.6499999999999995
M,single,23.94,0,manuf,professional,5210.01,25637.5,6130.17,B,4.44,1.0,4.44,None,4.8,0.0,True,0.0,0.35999999999999943
M,single,18.08,0,finance,postgrad,5897.78,29939.58,2598.58,B,4.43,1.0,4.43,None,3.5,0.0,True,0.0,0.9299999999999997
M,single,25.21,0,medicine,tertiary,11536.24,44581.29,1880.48,B,4.43,1.0,4.43,None,4.3,0.0,True,0.0,0.1299999999999999
M,single,26.64,0,medicine,tertiary,7883.39,40924.4,2070.51,B,4.43,1.0,4.43,None,4.2,0.0,True,0.0,0.22999999999999954
M,single,24.12,0,IT,postgrad,8481.29,29973.75,2415.78,B,4.42,1.0,4.42,None,3.9,0.0,True,0.0,0.52
F,divorced,27.72,2,manuf,postgrad,8164.99,37036.28,3839.36,B,4.4,1.0,4.4,None,4.7,0.0,True,0.0,0.2999999999999998
M,single,24.01,0,medicine,tertiary,8342.05,36571.76,2171.43,B,4.4,1.0,4.4,None,4.0,0.0,True,0.0,0.40000000000000036
M,single,27.99,0,IT,postgrad,8246.85,16293.02,3837.06,B,4.37,1.0,4.37,None,4.1,0.0,True,0.0,0.27000000000000046
F,single,26.61,0,finance,postgrad,8160.49,17256.59,4169.39,B,4.36,1.0,4.36,None,4.2,0.0,True,0.0,0.16000000000000014
F,single,23.06,0,government,postgrad,8590.48,45466.31,2491.77,B,4.35,1.0,4.35,B,4.3,1.0,False,4.3,0.04999999999999982
M,single,19.98,0,legal,tertiary,6658.17,28885.78,2521.68,B,4.35,1.0,4.35,None,3.6,0.0,True,0.0,0.7499999999999996
F,single,18.66,0,finance,tertiary,9500.83,28145.32,2949.99,B,4.35,1.0,4.35,None,3.7,0.0,True,0.0,0.6499999999999995
M,single,27.73,0,manuf,postgrad,6887.98,28523.57,3847.55,B,4.34,1.0,4.34,B,4.4,1.0,False,4.4,0.0600000000000005
M,single,21.03,0,medicine,tertiary,10604.03,29717.48,2259.08,B,4.33,1.0,4.33,None,3.7,0.0,True,0.0,0.6299999999999999
F,single,27.33,0,construct,postgrad,7256.32,36230.87,3443.15,B,4.33,1.0,4.33,None,4.5,0.0,True,0.0,0.16999999999999993
M,single,27.83,0,education,professional,7606.13,25985.05,2239.41,B,4.33,1.0,4.33,None,3.9,0.0,True,0.0,0.43000000000000016
F,single,27.33,0,legal,tertiary,10612.94,30905.59,2531.05,B,4.33,1.0,4.33,None,4.2,0.0,True,0.0,0.1299999999999999
M,single,21.99,0,legal,tertiary,10435.02,32261.0,2114.47,B,4.33,1.0,4.33,None,3.8,0.0,True,0.0,0.5300000000000002
M,single,27.83,0,IT,tertiary,7155.73,23620.83,2857.41,B,4.32,1.0,4.32,B,4.0,1.0,False,4.0,0.3200000000000003
F,single,27.23,0,medicine,tertiary,10012.8,31858.8,2313.96,B,4.31,1.0,4.31,B,4.1,1.0,False,4.1,0.20999999999999996
M,single,22.52,0,government,postgrad,7538.81,24988.51,3610.21,B,4.31,1.0,4.31,None,4.0,0.0,True,0.0,0.3099999999999996
F,single,21.68,0,medicine,tertiary,11417.49,30237.18,2474.62,B,4.31,1.0,4.31,B,3.9,1.0,False,3.9,0.4099999999999997
M,single,18.53,0,manuf,postgrad,10962.88,41120.92,2519.88,B,4.31,1.0,4.31,None,4.0,0.0,True,0.0,0.3099999999999996
M,single,27.02,0,government,postgrad,8640.56,33908.09,2503.09,B,4.3,1.0,4.3,None,4.2,0.0,True,0.0,0.09999999999999964
M,single,20.7,0,finance,tertiary,8755.92,24057.22,2609.64,B,4.29,1.0,4.29,None,3.6,0.0,True,0.0,0.69
F,single,27.86,0,government,postgrad,11236.7,37255.43,2484.54,B,4.28,1.0,4.28,None,4.4,0.0,True,0.0,0.1200000000000001
M,single,20.27,0,legal,tertiary,9416.54,25545.07,2407.1,B,4.28,1.0,4.28,None,3.6,0.0,True,0.0,0.6800000000000002
M,single,24.18,0,legal,tertiary,11620.83,31472.82,1915.85,B,4.28,1.0,4.28,None,3.9,0.0,True,0.0,0.38000000000000034
F,single,25.02,0,legal,tertiary,6997.57,29969.22,2335.81,B,4.27,1.0,4.27,None,3.9,0.0,True,0.0,0.36999999999999966
M,single,26.61,0,government,postgrad,7999.26,37884.94,2082.6,B,4.26,1.0,4.26,None,4.1,0.0,True,0.0,0.16000000000000014
F,single,27.72,0,IT,postgrad,8500.06,22447.66,2552.18,B,4.25,1.0,4.25,None,3.9,0.0,True,0.0,0.3500000000000001
M,single,19.87,0,legal,tertiary,6109.41,30874.21,1915.38,B,4.25,1.0,4.25,None,3.5,0.0,True,0.0,0.75
F,single,26.73,0,finance,postgrad,9490.79,29995.42,1804.18,B,4.24,1.0,4.24,B,3.9,1.0,False,3.9,0.3400000000000003
F,single,26.24,0,education,postgrad,6818.1,17509.88,3146.19,B,4.23,1.0,4.23,None,3.8,0.0,True,0.0,0.4300000000000006
F,single,27.66,0,legal,tertiary,11788.58,29633.68,2071.7,B,4.23,1.0,4.23,None,4.1,0.0,True,0.0,0.13000000000000078
F,single,27.67,0,IT,tertiary,6041.19,27546.34,2323.73,B,4.22,1.0,4.22,None,3.9,0.0,True,0.0,0.31999999999999984
M,single,20.33,0,finance,tertiary,5997.97,22593.05,2503.05,B,4.22,1.0,4.22,B,3.4,1.0,False,3.4,0.8199999999999998
M,single,27.71,0,education,postgrad,7774.74,26347.53,1704.24,B,4.21,1.0,4.21,None,3.7,0.0,True,0.0,0.5099999999999998
F,single,20.94,0,manuf,postgrad,5594.84,28462.19,3569.49,B,4.21,1.0,4.21,None,3.9,0.0,True,0.0,0.31000000000000005
F,single,27.65,0,IT,tertiary,8220.77,33650.08,1724.0,B,4.2,1.0,4.2,B,4.0,1.0,False,4.0,0.20000000000000018
M,single,20.28,0,government,postgrad,4770.78,24436.57,2983.04,B,4.19,1.0,4.19,B,3.6,1.0,False,3.6,0.5900000000000003
F,single,22.97,0,construct,secondary,10246.05,27583.76,4684.05,B,4.18,1.0,4.18,B,4.5,1.0,False,4.5,0.3200000000000003
M,single,28.09,0,medicine,secondary,4826.47,25979.87,2500.35,B,4.18,1.0,4.18,None,3.9,0.0,True,0.0,0.2799999999999998
M,single,28.41,0,legal,tertiary,7908.91,19077.52,2500.47,B,4.17,1.0,4.17,B,3.8,1.0,False,3.8,0.3700000000000001
F,single,25.12,0,medicine,tertiary,6944.17,26580.24,2120.95,B,4.17,1.0,4.17,None,3.7,0.0,True,0.0,0.46999999999999975
M,single,22.09,0,finance,tertiary,6169.03,24043.24,2014.73,B,4.16,1.0,4.16,None,3.4,0.0,True,0.0,0.7600000000000002
M,divorced,29.71,1,manuf,postgrad,8732.93,29703.28,2435.62,B,4.16,1.0,4.16,B,4.2,1.0,False,4.2,0.040000000000000036
F,single,19.0,0,medicine,tertiary,8042.44,21153.34,2587.34,B,4.15,1.0,4.15,None,3.4,0.0,True,0.0,0.7500000000000004
M,single,21.6,0,IT,tertiary,7520.23,19259.63,2350.38,B,4.14,1.0,4.14,None,3.4,0.0,True,0.0,0.7399999999999998
M,single,23.75,0,finance,tertiary,8048.04,23459.01,1910.67,B,4.14,1.0,4.14,None,3.5,0.0,True,0.0,0.6399999999999997
M,single,21.82,0,legal,secondary,5461.61,29025.14,1954.82,B,4.13,1.0,4.13,None,3.5,0.0,True,0.0,0.6299999999999999
M,single,26.11,0,construct,tertiary,11134.33,29668.82,2625.36,B,4.13,1.0,4.13,None,4.2,0.0,True,0.0,0.07000000000000028
F,single,28.42,0,IT,tertiary,9263.28,17073.36,2902.0,B,4.13,1.0,4.13,None,3.9,0.0,True,0.0,0.22999999999999998
F,single,20.83,0,government,postgrad,4836.99,26325.44,2731.48,B,4.12,1.0,4.12,None,3.6,0.0,True,0.0,0.52
F,single,27.33,0,finance,tertiary,4871.93,25913.4,2016.26,B,4.12,1.0,4.12,None,3.7,0.0,True,0.0,0.41999999999999993
M,single,27.1,0,manuf,postgrad,4618.22,26163.65,2734.01,B,4.12,1.0,4.12,B,3.9,1.0,False,3.9,0.2200000000000002
F,single,26.15,0,medicine,tertiary,10324.46,35264.73,1286.67,B,4.11,1.0,4.11,None,3.9,0.0,True,0.0,0.2100000000000004
M,single,28.06,0,government,postgrad,4624.59,24274.72,2467.84,B,4.11,1.0,4.11,None,3.8,0.0,True,0.0,0.3100000000000005
F,single,22.22,0,government,postgrad,7971.01,25108.56,2688.11,B,4.11,1.0,4.11,None,3.7,0.0,True,0.0,0.41000000000000014
M,single,27.79,0,medicine,tertiary,7480.7,17618.81,2330.87,B,4.1,1.0,4.1,None,3.7,0.0,True,0.0,0.39999999999999947
F,single,24.83,0,finance,tertiary,6312.26,24366.68,2018.94,B,4.1,1.0,4.1,None,3.6,0.0,True,0.0,0.49999999999999956
F,single,18.36,0,IT,tertiary,9900.36,28007.68,1684.4,B,4.1,1.0,4.1,None,3.3,0.0,True,0.0,0.7999999999999998
M,single,23.72,0,medicine,tertiary,10310.93,21226.83,1876.78,B,4.09,1.0,4.09,B,3.5,1.0,False,3.5,0.5899999999999999
F,single,20.18,0,medicine,tertiary,9122.26,14353.42,3162.93,B,4.09,1.0,4.09,None,3.5,0.0,True,0.0,0.5899999999999999
F,single,20.32,0,medicine,tertiary,6772.39,22816.7,2077.06,B,4.08,1.0,4.08,B,3.3,1.0,False,3.3,0.7800000000000002
M,single,24.26,0,manuf,postgrad,12877.39,24941.48,2449.34,B,4.08,1.0,4.08,None,3.9,0.0,True,0.0,0.18000000000000016
M,single,26.61,0,medicine,tertiary,8331.16,18160.47,2099.88,B,4.07,1.0,4.07,None,3.6,0.0,True,0.0,0.4700000000000002
M,single,22.97,0,government,tertiary,5619.73,26429.59,2406.43,B,4.07,1.0,4.07,None,3.6,0.0,True,0.0,0.4700000000000002
M,single,23.68,0,manuf,postgrad,11894.39,24037.3,2453.65,B,4.06,1.0,4.06,None,3.8,0.0,True,0.0,0.2599999999999998
M,single,18.54,0,construct,tertiary,8731.53,30395.92,2228.15,B,4.05,1.0,4.05,None,3.6,0.0,True,0.0,0.44999999999999973
F,single,26.47,0,construct,tertiary,10070.58,30279.03,2562.92,B,4.05,1.0,4.05,B,4.1,1.0,False,4.1,0.04999999999999982
F,single,27.26,0,IT,tertiary,6454.63,17717.58,2407.97,B,4.04,1.0,4.04,None,3.6,0.0,True,0.0,0.43999999999999995
F,single,27.88,0,IT,tertiary,6143.89,27405.98,1492.19,B,4.03,1.0,4.03,None,3.6,0.0,True,0.0,0.43000000000000016
M,single,23.05,0,medicine,secondary,5065.94,19894.28,2261.46,B,4.02,1.0,4.02,B,3.4,1.0,False,3.4,0.6199999999999997
M,single,21.31,0,legal,secondary,4951.68,22696.51,1959.37,B,4.01,1.0,4.01,None,3.3,0.0,True,0.0,0.71
F,single,22.92,0,finance,tertiary,5412.97,18103.46,2257.36,B,4.01,1.0,4.01,B,3.3,1.0,False,3.3,0.71
F,single,28.0,0,medicine,tertiary,5774.14,18375.19,2131.65,B,4.0,1.0,4.0,None,3.6,0.0,True,0.0,0.3999999999999999
M,single,28.0,0,education,postgrad,6174.21,12218.26,2193.1,B,3.99,1.0,3.99,B,3.4,1.0,False,3.4,0.5900000000000003
M,single,23.63,0,legal,secondary,4775.69,18682.43,2275.7,B,3.99,1.0,3.99,None,3.4,0.0,True,0.0,0.5900000000000003
M,single,18.97,0,education,tertiary,6316.49,18966.56,1700.3,B,3.98,1.0,3.98,B,3.0,1.0,False,3.0,0.98
M,single,19.86,0,manuf,postgrad,11538.29,25640.1,1960.61,B,3.98,1.0,3.98,None,3.5,0.0,True,0.0,0.48
F,single,23.58,0,government,tertiary,4991.58,27414.52,2215.81,B,3.98,1.0,3.98,None,3.6,0.0,True,0.0,0.3799999999999999
F,single,21.59,0,IT,tertiary,5417.15,16381.79,2261.73,B,3.97,1.0,3.97,None,3.2,0.0,True,0.0,0.77
M,single,21.87,0,finance,tertiary,5517.98,11030.76,2577.95,B,3.95,1.0,3.95,B,3.2,1.0,False,3.2,0.75
F,single,20.59,0,medicine,tertiary,5760.31,15851.42,2192.41,B,3.94,1.0,3.94,None,3.1,0.0,True,0.0,0.8399999999999999
M,single,24.55,0,finance,tertiary,9402.88,10879.45,2444.76,B,3.94,1.0,3.94,None,3.4,0.0,True,0.0,0.54
M,single,25.98,0,medicine,tertiary,9778.7,14931.1,1852.41,B,3.94,1.0,3.94,None,3.4,0.0,True,0.0,0.54
M,single,21.63,0,government,tertiary,4866.39,23035.46,2016.26,B,3.92,1.0,3.92,None,3.3,0.0,True,0.0,0.6200000000000001
F,single,27.98,0,manuf,postgrad,11341.44,19106.53,2524.17,B,3.91,1.0,3.91,B,3.9,1.0,False,3.9,0.010000000000000231
M,single,23.22,0,manuf,tertiary,6245.39,19780.75,2332.36,B,3.86,1.0,3.86,None,3.4,0.0,True,0.0,0.45999999999999996
F,single,20.26,0,finance,tertiary,6102.69,22341.07,1224.25,B,3.85,1.0,3.85,B,3.0,1.0,False,3.0,0.8500000000000001
M,single,19.75,0,government,postgrad,4755.01,12266.93,2644.92,B,3.85,1.0,3.85,None,3.1,0.0,True,0.0,0.75
F,single,25.92,0,manuf,postgrad,3960.13,17059.77,2536.76,B,3.82,1.0,3.82,None,3.5,0.0,True,0.0,0.31999999999999984
F,single,24.69,0,manuf,postgrad,6112.06,22546.11,1802.87,B,3.81,1.0,3.81,B,3.4,1.0,False,3.4,0.41000000000000014
F,single,26.74,0,government,postgrad,8000.0,22225.24,1489.59,B,3.8,1.0,3.8,None,3.5,0.0,True,0.0,0.2999999999999998
F,single,27.83,0,construct,secondary,6944.17,26580.24,2120.95,B,3.79,1.0,3.79,B,3.8,1.0,False,3.8,0.009999999999999787
M,single,20.73,0,government,tertiary,4646.57,22317.46,1500.4,B,3.78,1.0,3.78,None,3.1,0.0,True,0.0,0.6799999999999997
M,single,23.04,0,finance,tertiary,8302.74,22384.38,684.36,B,3.76,1.0,3.76,None,3.1,0.0,True,0.0,0.6599999999999997
F,single,21.75,0,manuf,tertiary,7148.34,20724.08,1999.23,B,3.75,1.0,3.75,None,3.3,0.0,True,0.0,0.4500000000000002
M,single,19.05,0,government,tertiary,6013.2,18606.18,1485.35,B,3.7,1.0,3.7,None,2.9,0.0,True,0.0,0.8000000000000003
F,single,19.08,0,education,tertiary,4716.94,17217.57,1017.81,B,3.66,1.0,3.66,None,2.7,0.0,True,0.0,0.96
F,single,24.07,0,government,tertiary,4336.19,20000.24,1505.45,B,3.66,1.0,3.66,None,3.2,0.0,True,0.0,0.45999999999999996
F,single,26.88,0,government,tertiary,4494.28,22755.11,1273.4,B,3.66,1.0,3.66,None,3.3,0.0,True,0.0,0.3600000000000003
F,single,28.18,0,construct,tertiary,6133.63,13400.21,2333.46,B,3.64,1.0,3.64,None,3.5,0.0,True,0.0,0.14000000000000012
F,single,27.72,0,IT,secondary,3229.27,18048.85,1203.72,B,3.63,1.0,3.63,None,3.2,0.0,True,0.0,0.4299999999999997
F,single,21.29,0,construct,postgrad,4514.35,18001.26,1474.38,B,3.61,1.0,3.61,B,3.0,1.0,False,3.0,0.6099999999999999
F,single,25.31,0,government,tertiary,4910.32,16431.02,1497.89,B,3.59,1.0,3.59,None,3.1,0.0,True,0.0,0.48999999999999977
F,single,19.89,0,finance,secondary,3362.2,16169.74,1209.59,B,3.58,1.0,3.58,B,2.7,1.0,False,2.7,0.8799999999999999
M,single,22.72,0,IT,tertiary,9146.16,13585.33,761.18,B,3.58,1.0,3.58,None,2.8,0.0,True,0.0,0.7800000000000002
F,single,27.99,0,manuf,tertiary,4762.84,18780.19,1515.17,B,3.58,1.0,3.58,None,3.3,0.0,True,0.0,0.28000000000000025
F,single,18.23,0,manuf,tertiary,5000.05,19999.59,1415.69,B,3.57,1.0,3.57,None,2.9,0.0,True,0.0,0.6699999999999999
F,single,22.07,0,finance,tertiary,5941.37,19420.47,570.93,B,3.57,1.0,3.57,None,2.8,0.0,True,0.0,0.77
M,single,27.94,0,manuf,tertiary,4800.46,18220.65,1273.5,B,3.57,1.0,3.57,None,3.3,0.0,True,0.0,0.27
M,single,20.49,0,manuf,tertiary,5448.4,15718.37,1495.3,B,3.56,1.0,3.56,None,2.9,0.0,True,0.0,0.6600000000000001
M,single,20.27,0,government,tertiary,6690.21,20000.0,832.78,B,3.54,1.0,3.54,B,2.8,1.0,False,2.8,0.7400000000000002
M,single,26.18,0,government,tertiary,7097.47,19208.17,542.77,B,3.42,1.0,3.42,B,3.1,1.0,False,3.1,0.31999999999999984
M,single,27.97,0,manuf,secondary,3566.29,18684.59,917.29,B,3.35,1.0,3.35,None,3.1,0.0,True,0.0,0.25
M,single,25.35,0,manuf,secondary,3487.12,19292.75,641.88,B,3.27,1.0,3.27,None,2.9,0.0,True,0.0,0.3700000000000001
M,married,40.7,3,medicine,professional,4692.3,60126.63,5769.39,A,5.16,0.6,3.096,None,5.7,0.0,True,0.0,0.54
M,married,62.23,1,legal,professional,4792.9,56782.38,8789.1,A,5.13,0.6,3.0780000000000003,None,5.8,0.0,True,0.0,0.6699999999999999
M,married,39.73,2,legal,postgrad,5704.01,57847.53,4500.96,A,5.05,0.6,3.03,None,5.3,0.0,True,0.0,0.25
M,married,41.66,2,legal,postgrad,16506.03,40995.4,5046.96,A,5.02,0.6,3.012,None,5.5,0.0,True,0.0,0.4800000000000004
M,married,46.59,2,legal,postgrad,6453.44,42298.11,3951.48,A,5.02,0.6,3.012,None,4.6,0.0,True,0.0,0.41999999999999993
M,married,63.46,0,legal,professional,10210.98,59923.05,4616.83,A,5.02,0.6,3.012,None,5.2,0.0,True,0.0,0.1800000000000006
M,married,51.62,2,IT,professional,8264.78,42469.55,5004.01,A,5.02,0.6,3.012,A,4.9,0.6,False,2.94,0.11999999999999922
M,married,59.27,1,legal,postgrad,13890.54,59271.23,3909.0,A,4.97,0.6,2.982,None,5.3,0.0,True,0.0,0.33000000000000007
M,married,46.16,2,medicine,postgrad,3918.2,61453.57,2631.45,A,4.94,0.6,2.964,None,4.6,0.0,True,0.0,0.34000000000000075
M,married,23.14,1,finance,postgrad,14121.98,46152.95,4610.7,A,4.92,0.6,2.952,None,5.2,0.0,True,0.0,0.28000000000000025
M,married,40.47,3,IT,postgrad,8384.61,44290.14,3681.95,A,4.89,0.6,2.934,None,4.8,0.0,True,0.0,0.08999999999999986
M,married,46.91,0,medicine,tertiary,10486.98,44494.3,3132.39,A,4.88,0.6,2.928,None,4.6,0.0,True,0.0,0.28000000000000025
M,married,49.6,1,finance,postgrad,6500.95,44748.15,3001.57,A,4.86,0.6,2.9160000000000004,None,4.3,0.0,True,0.0,0.5600000000000005
M,married,48.59,1,legal,tertiary,3737.55,42333.12,3754.7,A,4.86,0.6,2.9160000000000004,None,4.3,0.0,True,0.0,0.5600000000000005
M,married,52.54,2,legal,tertiary,3698.53,42764.1,4026.95,A,4.82,0.6,2.892,None,4.3,0.0,True,0.0,0.5200000000000005
F,married,35.03,0,legal,postgrad,9580.19,50050.05,5758.28,A,4.78,0.6,2.8680000000000003,None,5.8,0.0,True,0.0,1.0199999999999996
M,married,46.2,2,manuf,professional,12220.45,55606.33,3287.57,A,4.77,0.6,2.862,A,5.1,0.6,False,3.0599999999999996,0.33000000000000007
F,married,46.34,1,legal,postgrad,4112.24,42339.04,4231.79,A,4.76,0.6,2.8560000000000003,A,4.6,0.6,False,2.76,0.16000000000000014
M,married,39.4,2,IT,postgrad,12178.25,43062.93,2790.37,A,4.75,0.6,2.85,None,4.7,0.0,True,0.0,0.04999999999999982
M,married,33.64,2,finance,postgrad,9433.36,45688.75,2996.81,A,4.75,0.6,2.85,None,4.8,0.0,True,0.0,0.04999999999999982
M,married,39.99,1,IT,postgrad,9519.38,41999.3,2880.04,A,4.75,0.6,2.85,None,4.6,0.0,True,0.0,0.15000000000000036
M,married,50.68,2,finance,postgrad,6838.57,34968.95,3000.0,A,4.73,0.6,2.838,None,4.0,0.0,True,0.0,0.7300000000000004
M,married,26.99,0,education,professional,9787.04,55211.95,2624.05,A,4.73,0.6,2.838,None,4.9,0.0,True,0.0,0.16999999999999993
M,married,26.68,1,legal,postgrad,9822.73,54247.76,2601.97,A,4.72,0.6,2.832,None,4.9,0.0,True,0.0,0.1800000000000006
M,married,59.33,2,legal,postgrad,10497.62,44744.61,2768.2,A,4.71,0.6,2.826,None,4.3,0.0,True,0.0,0.41000000000000014
M,married,63.17,1,government,professional,11658.36,53518.2,4024.32,A,4.71,0.6,2.826,None,5.0,0.0,True,0.0,0.29000000000000004
F,married,55.04,4,legal,postgrad,10045.11,53157.56,3999.99,A,4.7,0.6,2.82,A,5.0,0.6,False,3.0,0.2999999999999998
F,married,46.85,0,legal,postgrad,13391.3,38465.3,3346.68,A,4.66,0.6,2.7960000000000003,None,4.7,0.0,True,0.0,0.040000000000000036
M,married,50.39,2,IT,postgrad,8913.8,37122.25,2316.06,A,4.65,0.6,2.79,A,4.0,0.6,False,2.4,0.6500000000000004
F,married,40.61,1,legal,postgrad,9866.57,39977.43,4368.58,A,4.65,0.6,2.79,A,5.0,0.6,False,3.0,0.34999999999999964
M,married,29.22,1,construct,postgrad,10045.11,53157.56,3999.99,A,4.64,0.6,2.784,A,5.4,0.6,False,3.24,0.7600000000000007
M,married,61.17,1,legal,postgrad,5297.12,38198.26,2935.94,A,4.63,0.6,2.778,None,3.8,0.0,True,0.0,0.8300000000000001
F,married,40.56,0,legal,postgrad,12397.32,46343.45,3398.03,A,4.61,0.6,2.766,None,5.0,0.0,True,0.0,0.3899999999999997
F,married,45.74,2,IT,postgrad,14929.95,42640.21,2966.08,A,4.61,0.6,2.766,None,4.8,0.0,True,0.0,0.1899999999999995
F,married,40.22,1,legal,postgrad,9918.84,44125.54,3542.52,A,4.6,0.6,2.76,None,4.8,0.0,True,0.0,0.20000000000000018
M,married,30.03,2,medicine,tertiary,2724.88,41304.98,3190.64,A,4.6,0.6,2.76,A,4.6,0.6,False,2.76,0.0
M,married,41.28,2,legal,tertiary,6889.26,46541.63,2152.4,A,4.59,0.6,2.7539999999999996,None,4.3,0.0,True,0.0,0.29000000000000004
F,married,38.53,1,legal,postgrad,9404.27,44198.23,3555.47,A,4.58,0.6,2.748,A,4.9,0.6,False,2.94,0.3200000000000003
F,married,42.91,1,IT,postgrad,8925.02,47058.45,2881.94,A,4.57,0.6,2.742,None,4.6,0.0,True,0.0,0.02999999999999936
F,married,49.56,1,finance,postgrad,14919.37,45894.12,2738.41,A,4.57,0.6,2.742,A,4.8,0.6,False,2.88,0.22999999999999954
F,married,27.6,1,government,professional,10026.58,44389.06,5834.47,A,4.51,0.6,2.7060000000000004,None,5.6,0.0,True,0.0,1.0899999999999999
F,married,40.14,1,medicine,postgrad,6396.18,40939.57,3254.78,A,4.51,0.6,2.7060000000000004,A,4.5,0.6,False,2.6999999999999997,0.009999999999999787
F,married,51.99,2,IT,postgrad,14420.08,42809.6,2671.67,A,4.48,0.6,2.688,None,4.6,0.0,True,0.0,0.11999999999999922
M,married,47.45,3,legal,tertiary,9824.64,27201.52,2169.49,A,4.47,0.6,2.682,A,3.8,0.6,False,2.28,0.6699999999999999
M,married,50.52,2,legal,tertiary,8309.2,29479.86,2315.22,A,4.46,0.6,2.676,None,3.7,0.0,True,0.0,0.7599999999999998
F,married,46.92,1,IT,postgrad,8435.75,27903.92,2998.72,A,4.46,0.6,2.676,A,4.0,0.6,False,2.4,0.45999999999999996
F,married,39.98,1,medicine,postgrad,3253.53,60504.9,2240.09,A,4.46,0.6,2.676,None,4.6,0.0,True,0.0,0.13999999999999968
M,married,48.98,2,medicine,tertiary,7453.43,29998.62,2045.78,A,4.45,0.6,2.67,None,3.6,0.0,True,0.0,0.8500000000000001
F,married,64.07,1,finance,postgrad,8793.84,45522.56,3020.4,A,4.45,0.6,2.67,A,4.2,0.6,False,2.52,0.25
F,married,38.61,1,legal,postgrad,14361.8,42129.14,2706.48,A,4.44,0.6,2.6639999999999997,None,4.8,0.0,True,0.0,0.35999999999999943
M,married,28.84,1,IT,tertiary,5918.78,29608.3,2885.6,A,4.43,0.6,2.658,None,4.2,0.0,True,0.0,0.22999999999999954
F,married,60.11,0,legal,tertiary,9028.28,42798.99,3352.24,A,4.43,0.6,2.658,None,4.3,0.0,True,0.0,0.1299999999999999
M,married,44.27,2,IT,tertiary,9130.34,24643.5,2503.49,A,4.43,0.6,2.658,None,3.8,0.0,True,0.0,0.6299999999999999
M,married,32.17,2,government,postgrad,11302.02,42491.95,2507.79,A,4.42,0.6,2.652,A,4.7,0.6,False,2.82,0.28000000000000025
F,married,44.84,1,education,postgrad,4568.68,45893.51,1998.89,A,4.41,0.6,2.6460000000000004,A,4.0,0.6,False,2.4,0.41000000000000014
M,married,40.2,2,finance,tertiary,6436.18,37930.21,1741.46,A,4.4,0.6,2.64,None,3.9,0.0,True,0.0,0.5000000000000004
M,married,24.29,3,finance,tertiary,7513.79,27563.19,2821.53,A,4.39,0.6,2.634,None,3.9,0.0,True,0.0,0.48999999999999977
F,married,40.82,1,medicine,postgrad,4044.13,39492.08,2581.39,A,4.38,0.6,2.628,None,4.1,0.0,True,0.0,0.28000000000000025
M,married,20.71,1,legal,tertiary,9380.78,30155.19,2445.11,A,4.37,0.6,2.622,None,3.7,0.0,True,0.0,0.6699999999999999
F,married,40.53,2,legal,tertiary,6998.63,43717.07,2641.51,A,4.37,0.6,2.622,None,4.4,0.0,True,0.0,0.03000000000000025
F,married,46.65,2,manuf,professional,9434.27,53766.03,2442.15,A,4.36,0.6,2.616,None,4.6,0.0,True,0.0,0.23999999999999932
M,married,51.21,1,IT,postgrad,9951.81,15353.35,2952.69,A,4.36,0.6,2.616,None,3.6,0.0,True,0.0,0.7600000000000002
F,married,46.82,2,IT,tertiary,6943.69,27209.5,2960.62,A,4.34,0.6,2.604,None,3.9,0.0,True,0.0,0.43999999999999995
M,married,33.84,1,legal,tertiary,11339.01,41741.67,1517.41,A,4.34,0.6,2.604,None,4.3,0.0,True,0.0,0.040000000000000036
F,married,46.43,2,IT,tertiary,5968.51,29394.62,2806.46,A,4.33,0.6,2.5980000000000003,None,3.8,0.0,True,0.0,0.5300000000000002
M,married,25.85,0,finance,tertiary,9065.22,31662.09,2131.4,A,4.33,0.6,2.5980000000000003,None,4.0,0.0,True,0.0,0.33000000000000007
M,married,55.44,2,IT,tertiary,9831.1,20110.43,2788.28,A,4.32,0.6,2.592,None,3.6,0.0,True,0.0,0.7200000000000002
F,married,35.7,4,legal,tertiary,9925.85,30000.0,3580.32,A,4.31,0.6,2.5860000000000003,None,4.5,0.0,True,0.0,0.1900000000000004
M,married,26.76,2,finance,tertiary,5177.57,24000.81,2853.94,A,4.31,0.6,2.5860000000000003,None,3.9,0.0,True,0.0,0.4099999999999997
M,married,33.94,2,legal,tertiary,6983.69,30828.24,1932.0,A,4.29,0.6,2.574,A,3.9,0.6,False,2.34,0.3900000000000001
M,married,43.18,2,medicine,tertiary,6926.56,41565.53,1044.89,A,4.29,0.6,2.574,None,3.8,0.0,True,0.0,0.4900000000000002
M,married,40.77,0,legal,tertiary,8793.8,29779.08,1685.83,A,4.29,0.6,2.574,None,3.8,0.0,True,0.0,0.4900000000000002
M,married,27.95,3,legal,tertiary,4321.95,29995.21,2197.22,A,4.29,0.6,2.574,None,3.9,0.0,True,0.0,0.3900000000000001
F,married,46.46,2,legal,tertiary,2798.99,43531.06,1777.19,A,4.28,0.6,2.568,A,3.8,0.6,False,2.28,0.4800000000000004
M,married,36.55,2,medicine,tertiary,10233.66,17949.87,2947.99,A,4.27,0.6,2.562,A,4.0,0.6,False,2.4,0.2699999999999996
M,married,37.62,2,IT,tertiary,5698.99,20079.05,2737.27,A,4.27,0.6,2.562,A,3.7,0.6,False,2.22,0.5699999999999994
M,married,39.01,1,legal,tertiary,7586.11,27090.26,1803.25,A,4.25,0.6,2.55,None,3.7,0.0,True,0.0,0.5499999999999998
M,married,28.34,3,finance,tertiary,6888.33,19419.06,2957.27,A,4.25,0.6,2.55,None,3.9,0.0,True,0.0,0.3500000000000001
F,married,40.56,3,legal,tertiary,2420.5,38886.13,2389.5,A,4.24,0.6,2.544,A,3.9,0.6,False,2.34,0.3400000000000003
F,married,25.19,2,medicine,postgrad,12525.02,42467.24,2043.48,A,4.24,0.6,2.544,None,4.4,0.0,True,0.0,0.16000000000000014
M,married,35.61,2,legal,tertiary,11836.42,46907.68,971.43,A,4.24,0.6,2.544,A,4.3,0.6,False,2.5799999999999996,0.05999999999999961
M,married,40.03,2,legal,secondary,2885.12,29314.62,2246.47,A,4.24,0.6,2.544,None,3.7,0.0,True,0.0,0.54
M,married,46.77,1,medicine,secondary,2366.25,27766.59,1771.76,A,4.23,0.6,2.5380000000000003,A,3.3,0.6,False,1.9799999999999998,0.9300000000000006
F,married,25.35,2,finance,tertiary,9598.42,28998.7,3382.92,A,4.23,0.6,2.5380000000000003,None,4.3,0.0,True,0.0,0.0699999999999994
M,married,35.45,3,IT,tertiary,6156.12,24890.49,2035.59,A,4.22,0.6,2.532,None,3.7,0.0,True,0.0,0.5199999999999996
F,married,40.12,1,construct,postgrad,7748.21,56723.03,2341.16,A,4.21,0.6,2.526,None,4.7,0.0,True,0.0,0.4900000000000002
F,married,40.7,1,legal,tertiary,10070.58,30279.03,2562.92,A,4.21,0.6,2.526,A,4.1,0.6,False,2.4599999999999995,0.11000000000000032
F,married,40.32,2,finance,tertiary,9167.21,26335.74,3011.28,A,4.21,0.6,2.526,None,4.1,0.0,True,0.0,0.11000000000000032
F,married,29.31,2,legal,tertiary,3817.63,44482.93,2176.91,A,4.19,0.6,2.514,A,4.3,0.6,False,2.5799999999999996,0.10999999999999943
F,married,44.48,3,finance,tertiary,7326.87,32765.06,2012.5,A,4.19,0.6,2.514,None,3.8,0.0,True,0.0,0.39000000000000057
M,married,48.46,3,construct,tertiary,5485.75,22446.17,2782.75,A,4.18,0.6,2.508,A,3.6,0.6,False,2.16,0.5799999999999996
F,married,28.44,1,IT,tertiary,9692.85,24417.25,3595.77,A,4.18,0.6,2.508,A,4.4,0.6,False,2.64,0.22000000000000064
F,married,40.09,3,legal,tertiary,3148.99,44393.4,1788.78,A,4.17,0.6,2.502,A,4.0,0.6,False,2.4,0.16999999999999993
F,married,34.44,2,construct,professional,7856.06,46329.71,2790.83,A,4.17,0.6,2.502,None,4.7,0.0,True,0.0,0.5300000000000002
M,married,38.71,2,finance,tertiary,8857.65,26090.0,1519.27,A,4.16,0.6,2.496,A,3.7,0.6,False,2.22,0.45999999999999996
F,married,40.23,2,medicine,tertiary,9182.73,24951.12,2795.0,A,4.15,0.6,2.49,A,4.0,0.6,False,2.4,0.15000000000000036
M,married,34.84,2,IT,tertiary,6116.28,17258.63,2504.46,A,4.15,0.6,2.49,None,3.7,0.0,True,0.0,0.4500000000000002
F,married,36.78,1,IT,tertiary,2889.67,27988.48,2797.51,A,4.13,0.6,2.478,None,3.9,0.0,True,0.0,0.22999999999999998
F,married,34.37,3,legal,tertiary,6961.62,30343.04,2488.26,A,4.13,0.6,2.478,A,4.1,0.6,False,2.4599999999999995,0.03000000000000025
F,married,31.38,1,IT,tertiary,5941.22,33316.44,2415.98,A,4.13,0.6,2.478,A,4.2,0.6,False,2.52,0.07000000000000028
M,married,25.56,0,legal,tertiary,10260.4,35395.14,1114.47,A,4.13,0.6,2.478,None,3.8,0.0,True,0.0,0.33000000000000007
M,married,31.02,1,legal,tertiary,7411.52,27703.36,1478.36,A,4.12,0.6,2.472,None,3.8,0.0,True,0.0,0.3200000000000003
M,married,44.99,2,legal,secondary,838.14,22850.38,2008.52,A,4.12,0.6,2.472,None,3.2,0.0,True,0.0,0.9199999999999999
F,married,53.6,2,IT,tertiary,5755.46,27183.44,2447.51,A,4.12,0.6,2.472,None,3.5,0.0,True,0.0,0.6200000000000001
M,married,38.93,2,finance,tertiary,9234.6,17514.71,2053.93,A,4.11,0.6,2.4659999999999997,A,3.6,0.6,False,2.16,0.5100000000000002
M,married,63.99,2,IT,tertiary,5273.06,22759.7,1868.24,A,4.11,0.6,2.4659999999999997,None,2.9,0.0,True,0.0,1.2100000000000004
F,married,63.95,1,construct,tertiary,2511.49,41205.04,3674.55,A,4.1,0.6,2.4599999999999995,A,3.8,0.6,False,2.28,0.2999999999999998
F,married,29.98,1,IT,tertiary,6264.93,37430.31,1961.08,A,4.09,0.6,2.454,None,4.2,0.0,True,0.0,0.11000000000000032
F,married,31.29,2,construct,tertiary,10246.05,27583.76,4684.05,A,4.09,0.6,2.454,None,4.9,0.0,True,0.0,0.8100000000000005
M,married,31.44,1,medicine,secondary,615.68,29551.14,2001.58,A,4.09,0.6,2.454,None,3.7,0.0,True,0.0,0.3899999999999997
F,married,25.67,3,legal,tertiary,2840.58,31347.46,2545.73,A,4.08,0.6,2.448,None,3.8,0.0,True,0.0,0.28000000000000025
M,married,36.13,2,IT,tertiary,9069.81,24841.44,1389.41,A,4.08,0.6,2.448,None,3.6,0.0,True,0.0,0.48
F,married,34.07,3,medicine,tertiary,8731.53,30395.92,2228.15,A,4.08,0.6,2.448,None,4.1,0.0,True,0.0,0.019999999999999574
M,married,24.47,2,IT,tertiary,5979.78,20251.57,1967.58,A,4.07,0.6,2.4419999999999997,None,3.4,0.0,True,0.0,0.6700000000000004
M,married,35.29,0,construct,secondary,13323.66,42042.22,1863.74,A,4.06,0.6,2.4359999999999995,None,4.5,0.0,True,0.0,0.4400000000000004
F,married,33.36,3,construct,tertiary,9305.9,35464.91,3320.64,A,4.06,0.6,2.4359999999999995,A,4.6,0.6,False,2.76,0.54
F,married,26.67,3,IT,postgrad,4290.53,23065.61,2749.82,A,4.06,0.6,2.4359999999999995,A,3.8,0.6,False,2.28,0.2599999999999998
F,married,46.06,1,IT,tertiary,2245.75,23966.91,2069.44,A,4.06,0.6,2.4359999999999995,None,3.3,0.0,True,0.0,0.7599999999999998
F,married,26.82,2,manuf,postgrad,2768.09,46537.77,2617.61,A,4.06,0.6,2.4359999999999995,None,4.4,0.0,True,0.0,0.34000000000000075
F,married,59.03,1,IT,tertiary,7211.81,25190.41,2488.96,A,4.05,0.6,2.43,A,3.4,0.6,False,2.04,0.6499999999999999
M,married,33.97,2,legal,secondary,4048.28,19121.36,2432.52,A,4.05,0.6,2.43,None,3.6,0.0,True,0.0,0.44999999999999973
M,married,39.69,1,IT,tertiary,6630.4,22001.79,1375.16,A,4.05,0.6,2.43,None,3.4,0.0,True,0.0,0.6499999999999999
F,married,44.75,1,construct,tertiary,2420.5,38886.13,2389.5,A,4.04,0.6,2.424,A,3.8,0.6,False,2.28,0.2400000000000002
F,married,32.01,3,medicine,tertiary,6975.77,33648.43,1888.27,A,4.04,0.6,2.424,None,4.1,0.0,True,0.0,0.05999999999999961
F,married,27.54,1,medicine,tertiary,6798.78,24071.67,2773.21,A,4.04,0.6,2.424,A,3.9,0.6,False,2.34,0.14000000000000012
F,married,32.34,0,IT,tertiary,9324.07,31754.51,1931.44,A,4.03,0.6,2.418,None,4.1,0.0,True,0.0,0.0699999999999994
M,married,40.24,1,finance,tertiary,7111.72,29216.66,866.4,A,4.03,0.6,2.418,None,3.4,0.0,True,0.0,0.6300000000000003
F,married,45.84,1,government,tertiary,7649.88,34605.84,1954.4,A,4.03,0.6,2.418,None,3.8,0.0,True,0.0,0.23000000000000043
F,married,32.75,1,finance,tertiary,9684.66,25024.12,2399.26,A,4.02,0.6,2.4119999999999995,A,4.1,0.6,False,2.4599999999999995,0.08000000000000007
F,married,33.93,2,construct,tertiary,9925.85,30000.0,3580.32,A,4.02,0.6,2.4119999999999995,None,4.6,0.0,True,0.0,0.5800000000000001
M,married,38.63,2,education,tertiary,6195.22,30178.78,860.69,A,4.02,0.6,2.4119999999999995,None,3.4,0.0,True,0.0,0.6199999999999997
F,married,40.53,3,construct,tertiary,9911.99,34117.96,2520.57,A,3.98,0.6,2.388,A,4.2,0.6,False,2.52,0.2200000000000002
F,married,40.06,1,medicine,secondary,565.3,33930.54,2115.66,A,3.97,0.6,2.3819999999999997,None,3.6,0.0,True,0.0,0.3700000000000001
F,married,32.03,2,IT,tertiary,4684.66,23872.56,2414.29,A,3.97,0.6,2.3819999999999997,None,3.8,0.0,True,0.0,0.17000000000000037
F,married,31.65,1,medicine,tertiary,10084.81,21412.57,2426.2,A,3.95,0.6,2.37,None,4.0,0.0,True,0.0,0.04999999999999982
M,married,31.96,2,manuf,tertiary,5800.28,30750.91,1703.91,A,3.95,0.6,2.37,None,3.9,0.0,True,0.0,0.050000000000000266
M,married,39.99,1,legal,secondary,3712.54,26923.28,1204.08,A,3.95,0.6,2.37,None,3.3,0.0,True,0.0,0.6500000000000004
M,married,37.32,0,medicine,secondary,2014.83,19378.84,1860.56,A,3.93,0.6,2.358,None,3.3,0.0,True,0.0,0.6300000000000003
M,married,40.03,1,government,postgrad,5956.05,22001.91,1419.04,A,3.93,0.6,2.358,None,3.3,0.0,True,0.0,0.6300000000000003
F,married,38.29,1,legal,tertiary,7018.56,28016.89,1590.69,A,3.93,0.6,2.358,None,3.7,0.0,True,0.0,0.22999999999999998
M,married,41.2,1,education,tertiary,2639.18,23111.15,954.5,A,3.93,0.6,2.358,A,3.0,0.6,False,1.7999999999999998,0.9300000000000002
M,married,27.17,1,manuf,tertiary,2581.46,24783.18,2313.63,A,3.93,0.6,2.358,A,3.6,0.6,False,2.16,0.33000000000000007
F,married,47.34,1,finance,tertiary,5238.33,22848.29,1419.34,A,3.92,0.6,2.352,A,3.2,0.6,False,1.92,0.7199999999999998
F,married,60.79,1,medicine,tertiary,11541.86,41465.27,1015.0,A,3.92,0.6,2.352,None,3.7,0.0,True,0.0,0.21999999999999975
M,married,44.67,1,IT,tertiary,8132.24,24369.63,597.14,A,3.92,0.6,2.352,A,3.2,0.6,False,1.92,0.7199999999999998
F,married,38.62,2,legal,secondary,2461.96,33127.71,1802.65,A,3.91,0.6,2.346,None,3.6,0.0,True,0.0,0.31000000000000005
F,married,43.09,1,medicine,tertiary,8675.32,34730.28,922.67,A,3.9,0.6,2.34,None,3.6,0.0,True,0.0,0.2999999999999998
F,married,39.7,1,finance,tertiary,5604.65,34789.52,1106.47,A,3.9,0.6,2.34,A,3.6,0.6,False,2.16,0.2999999999999998
M,married,58.73,3,government,tertiary,3875.37,26507.23,1494.47,A,3.89,0.6,2.334,None,2.9,0.0,True,0.0,0.9900000000000002
M,married,21.65,2,finance,tertiary,8658.32,12209.48,1994.63,A,3.89,0.6,2.334,A,3.1,0.6,False,1.8599999999999999,0.79
F,married,41.62,3,construct,tertiary,4235.67,36480.94,2008.87,A,3.89,0.6,2.334,None,3.8,0.0,True,0.0,0.0900000000000003
F,married,34.53,1,medicine,tertiary,6267.99,17977.05,2518.18,A,3.89,0.6,2.334,None,3.7,0.0,True,0.0,0.18999999999999995
F,married,49.13,0,finance,tertiary,9367.54,17905.79,1835.19,A,3.89,0.6,2.334,None,3.3,0.0,True,0.0,0.5900000000000003
F,married,20.93,3,legal,tertiary,8723.22,27094.27,1661.69,A,3.87,0.6,2.322,None,3.4,0.0,True,0.0,0.4700000000000002
F,married,38.47,1,government,tertiary,6299.49,34777.6,1826.64,A,3.87,0.6,2.322,None,3.9,0.0,True,0.0,0.029999999999999805
F,married,37.25,2,legal,secondary,2846.08,33184.85,1632.77,A,3.86,0.6,2.316,A,3.6,0.6,False,2.16,0.2599999999999998
F,married,22.13,2,government,postgrad,7982.32,24856.72,2456.92,A,3.86,0.6,2.316,A,3.6,0.6,False,2.16,0.2599999999999998
F,married,33.66,0,legal,tertiary,10684.12,33426.58,1148.4,A,3.86,0.6,2.316,None,3.9,0.0,True,0.0,0.040000000000000036
F,married,31.17,1,finance,tertiary,4711.3,19715.99,2231.81,A,3.85,0.6,2.31,A,3.7,0.6,False,2.22,0.1499999999999999
M,married,33.62,1,government,tertiary,4676.3,16609.5,2228.5,A,3.85,0.6,2.31,None,3.5,0.0,True,0.0,0.3500000000000001
M,married,32.13,1,finance,tertiary,7392.7,13758.24,1571.25,A,3.85,0.6,2.31,None,3.4,0.0,True,0.0,0.4500000000000002
F,married,49.53,0,construct,secondary,11504.91,31682.71,2278.78,A,3.85,0.6,2.31,A,4.0,0.6,False,2.4,0.1499999999999999
F,married,40.09,3,IT,tertiary,5995.07,28073.97,1258.01,A,3.85,0.6,2.31,None,3.5,0.0,True,0.0,0.3500000000000001
F,married,21.25,3,legal,tertiary,8713.94,28111.64,1501.08,A,3.84,0.6,2.3040000000000003,None,3.4,0.0,True,0.0,0.43999999999999995
F,married,38.85,2,finance,tertiary,9274.25,22096.08,1641.84,A,3.84,0.6,2.3040000000000003,A,3.6,0.6,False,2.16,0.23999999999999977
M,married,26.31,0,medicine,secondary,767.14,26966.95,1226.49,A,3.84,0.6,2.3040000000000003,None,3.3,0.0,True,0.0,0.54
F,married,57.31,2,legal,tertiary,10259.43,29768.45,1138.13,A,3.83,0.6,2.298,None,3.4,0.0,True,0.0,0.43000000000000016
M,married,51.06,2,government,tertiary,5115.53,28372.85,862.96,A,3.83,0.6,2.298,None,3.0,0.0,True,0.0,0.8300000000000001
F,married,55.16,3,manuf,tertiary,2234.88,34782.83,2113.26,A,3.83,0.6,2.298,A,3.4,0.6,False,2.04,0.43000000000000016
M,married,27.61,2,construct,tertiary,5606.32,20161.65,2020.67,A,3.81,0.6,2.286,None,3.6,0.0,True,0.0,0.20999999999999996
F,married,44.65,2,IT,tertiary,5825.72,22830.97,1196.25,A,3.81,0.6,2.286,None,3.2,0.0,True,0.0,0.6099999999999999
M,married,26.42,1,government,tertiary,7286.08,22451.48,1486.78,A,3.81,0.6,2.286,A,3.5,0.6,False,2.1,0.31000000000000005
M,married,55.89,1,government,tertiary,5972.5,28840.04,934.99,A,3.81,0.6,2.286,None,3.0,0.0,True,0.0,0.81
M,married,44.98,0,IT,tertiary,8599.29,17046.94,690.07,A,3.81,0.6,2.286,A,3.0,0.6,False,1.7999999999999998,0.81
F,married,38.98,2,legal,secondary,944.06,30007.02,1632.35,A,3.8,0.6,2.28,None,3.4,0.0,True,0.0,0.3999999999999999
F,married,45.95,2,legal,tertiary,4425.72,23745.44,1017.28,A,3.8,0.6,2.28,None,3.0,0.0,True,0.0,0.7999999999999998
F,married,55.06,2,construct,tertiary,6677.95,25302.96,2467.71,A,3.8,0.6,2.28,A,3.5,0.6,False,2.1,0.2999999999999998
F,married,40.03,2,medicine,secondary,2869.23,20000.6,2192.15,A,3.78,0.6,2.2680000000000002,None,3.4,0.0,True,0.0,0.3799999999999999
F,married,35.78,0,medicine,tertiary,8629.33,29549.86,1034.47,A,3.78,0.6,2.2680000000000002,A,3.7,0.6,False,2.22,0.07999999999999963
F,married,48.32,2,education,tertiary,5024.25,24697.8,933.74,A,3.78,0.6,2.2680000000000002,None,3.0,0.0,True,0.0,0.7799999999999998
M,married,39.67,2,medicine,secondary,2398.56,12410.33,1799.99,A,3.77,0.6,2.262,A,3.0,0.6,False,1.7999999999999998,0.77
F,married,47.37,2,finance,tertiary,2040.54,11800.41,2001.23,A,3.77,0.6,2.262,None,2.8,0.0,True,0.0,0.9700000000000002
M,married,39.72,2,construct,postgrad,2011.95,19571.83,1457.42,A,3.77,0.6,2.262,A,3.1,0.6,False,1.8599999999999999,0.6699999999999999
M,married,25.78,2,government,tertiary,6407.14,17167.2,1811.22,A,3.76,0.6,2.256,None,3.3,0.0,True,0.0,0.45999999999999996
F,married,39.88,2,finance,tertiary,7856.82,24281.62,1147.59,A,3.76,0.6,2.256,A,3.4,0.6,False,2.04,0.3599999999999999
F,married,39.47,1,construct,secondary,2691.3,29845.58,2584.33,A,3.76,0.6,2.256,None,3.8,0.0,True,0.0,0.040000000000000036
F,married,37.04,2,construct,secondary,6658.17,28885.78,2521.68,A,3.74,0.6,2.244,None,4.0,0.0,True,0.0,0.2599999999999998
F,married,22.56,0,IT,tertiary,8645.42,14359.31,2330.38,A,3.74,0.6,2.244,None,3.3,0.0,True,0.0,0.4400000000000004
M,married,31.77,2,legal,secondary,4566.78,23674.7,874.48,A,3.74,0.6,2.244,None,3.3,0.0,True,0.0,0.4400000000000004
F,married,37.73,2,government,tertiary,4999.87,19768.52,2487.0,A,3.74,0.6,2.244,None,3.6,0.0,True,0.0,0.14000000000000012
M,married,40.1,1,IT,tertiary,6057.94,19913.19,583.91,A,3.74,0.6,2.244,None,3.0,0.0,True,0.0,0.7400000000000002
M,married,56.02,1,manuf,tertiary,5754.79,27581.37,1008.85,A,3.74,0.6,2.244,None,3.0,0.0,True,0.0,0.7400000000000002
F,married,61.9,0,IT,tertiary,9054.83,16987.88,1834.08,A,3.73,0.6,2.238,A,3.0,0.6,False,1.7999999999999998,0.73
F,married,42.99,1,construct,secondary,7453.43,29998.62,2045.78,A,3.73,0.6,2.238,None,3.8,0.0,True,0.0,0.06999999999999984
M,married,37.24,2,finance,tertiary,9934.74,23748.84,411.86,A,3.73,0.6,2.238,A,3.3,0.6,False,1.9799999999999998,0.43000000000000016
F,married,40.01,1,government,tertiary,3810.54,30564.97,1500.13,A,3.73,0.6,2.238,A,3.5,0.6,False,2.1,0.22999999999999998
F,married,46.7,3,education,tertiary,4128.59,19146.88,1025.45,A,3.72,0.6,2.2319999999999998,None,2.9,0.0,True,0.0,0.8200000000000003
F,married,40.96,1,government,tertiary,7439.03,27763.75,1477.5,A,3.72,0.6,2.2319999999999998,None,3.6,0.0,True,0.0,0.1200000000000001
F,married,28.81,1,finance,tertiary,3885.23,11388.31,2761.98,A,3.71,0.6,2.226,A,3.5,0.6,False,2.1,0.20999999999999996
M,married,39.64,1,legal,secondary,1377.08,12324.87,1658.48,A,3.71,0.6,2.226,A,2.9,0.6,False,1.74,0.81
F,married,20.26,3,manuf,postgrad,4093.65,21938.71,2500.08,A,3.71,0.6,2.226,A,3.3,0.6,False,1.9799999999999998,0.41000000000000014
M,married,25.58,1,finance,tertiary,8652.49,24485.09,466.86,A,3.71,0.6,2.226,None,3.2,0.0,True,0.0,0.5099999999999998
F,married,21.25,3,IT,tertiary,5560.75,22291.94,1425.89,A,3.7,0.6,2.22,None,3.1,0.0,True,0.0,0.6000000000000001
F,married,57.28,0,IT,tertiary,9103.96,12274.62,2131.76,A,3.7,0.6,2.22,None,3.1,0.0,True,0.0,0.6000000000000001
F,married,61.61,1,legal,secondary,2405.51,27666.07,1457.48,A,3.7,0.6,2.22,None,2.8,0.0,True,0.0,0.9000000000000004
F,married,38.23,1,government,tertiary,6245.14,25720.66,1637.63,A,3.69,0.6,2.214,None,3.6,0.0,True,0.0,0.08999999999999986
M,married,67.94,2,retired,postgrad,4035.98,23098.13,1424.49,A,3.69,0.6,2.214,A,2.6,0.6,False,1.56,1.0899999999999999
F,married,26.31,1,manuf,tertiary,4908.35,28837.06,1998.55,A,3.68,0.6,2.208,None,3.7,0.0,True,0.0,0.020000000000000018
M,married,39.85,1,manuf,tertiary,2802.35,23062.5,1066.32,A,3.67,0.6,2.202,None,3.1,0.0,True,0.0,0.5699999999999998
F,married,36.74,2,IT,secondary,1990.35,25611.45,1421.66,A,3.67,0.6,2.202,None,3.3,0.0,True,0.0,0.3700000000000001
M,married,38.8,1,IT,secondary,2107.56,10159.21,1701.85,A,3.66,0.6,2.1959999999999997,None,2.9,0.0,True,0.0,0.7600000000000002
F,married,38.94,4,IT,secondary,2783.93,16931.62,2010.78,A,3.66,0.6,2.1959999999999997,A,3.2,0.6,False,1.92,0.45999999999999996
F,married,55.15,1,government,tertiary,4178.69,26745.92,1489.37,A,3.66,0.6,2.1959999999999997,None,3.0,0.0,True,0.0,0.6600000000000001
F,married,46.3,1,construct,secondary,2121.04,32484.54,1473.57,A,3.66,0.6,2.1959999999999997,None,3.3,0.0,True,0.0,0.3600000000000003
M,married,58.91,3,government,tertiary,4162.26,13661.73,1662.58,A,3.65,0.6,2.19,None,2.6,0.0,True,0.0,1.0499999999999998
F,married,57.52,1,IT,tertiary,7471.02,22820.1,982.6,A,3.65,0.6,2.19,None,2.9,0.0,True,0.0,0.75
F,married,37.75,1,finance,secondary,2194.75,24281.61,1421.11,A,3.65,0.6,2.19,None,3.3,0.0,True,0.0,0.3500000000000001
M,married,40.59,2,finance,secondary,1983.83,21437.11,623.98,A,3.64,0.6,2.184,None,2.9,0.0,True,0.0,0.7400000000000002
F,married,50.76,2,legal,secondary,3188.08,19353.57,1393.07,A,3.63,0.6,2.178,None,2.8,0.0,True,0.0,0.8300000000000001
F,married,38.56,2,finance,secondary,2294.82,22270.27,1455.51,A,3.63,0.6,2.178,None,3.2,0.0,True,0.0,0.4299999999999997
F,married,20.34,2,government,postgrad,9172.96,14208.96,2495.88,A,3.63,0.6,2.178,A,3.3,0.6,False,1.9799999999999998,0.33000000000000007
F,married,32.91,2,government,tertiary,6215.7,19233.31,2131.26,A,3.63,0.6,2.178,A,3.6,0.6,False,2.16,0.029999999999999805
F,married,44.84,2,construct,postgrad,1939.03,14563.74,2113.17,A,3.63,0.6,2.178,None,3.0,0.0,True,0.0,0.6299999999999999
F,married,44.7,1,education,tertiary,5585.7,17850.38,963.03,A,3.63,0.6,2.178,None,2.9,0.0,True,0.0,0.73
M,married,45.81,4,government,tertiary,3258.88,11245.09,1242.13,A,3.62,0.6,2.1719999999999997,None,2.7,0.0,True,0.0,0.9199999999999999
M,married,47.43,0,construct,tertiary,8876.88,14013.84,1060.62,A,3.62,0.6,2.1719999999999997,None,3.0,0.0,True,0.0,0.6200000000000001
F,married,40.21,1,manuf,tertiary,3590.23,25608.18,1635.64,A,3.62,0.6,2.1719999999999997,None,3.4,0.0,True,0.0,0.2200000000000002
M,married,41.42,3,manuf,tertiary,6948.1,19978.25,900.07,A,3.61,0.6,2.166,None,3.1,0.0,True,0.0,0.5099999999999998
F,married,49.02,2,finance,secondary,2000.76,24829.13,919.62,A,3.61,0.6,2.166,None,2.8,0.0,True,0.0,0.81
M,married,39.64,1,government,tertiary,4267.17,20013.4,765.15,A,3.59,0.6,2.154,None,3.0,0.0,True,0.0,0.5899999999999999
M,married,38.92,1,finance,secondary,1799.81,9646.1,1500.35,A,3.59,0.6,2.154,None,2.8,0.0,True,0.0,0.79
M,married,32.0,0,medicine,secondary,2843.02,8365.08,1766.99,A,3.58,0.6,2.148,None,3.1,0.0,True,0.0,0.48
M,married,33.73,2,manuf,tertiary,3542.9,16241.9,1437.96,A,3.58,0.6,2.148,None,3.2,0.0,True,0.0,0.3799999999999999
F,married,34.06,1,government,tertiary,4387.86,18689.84,1940.07,A,3.57,0.6,2.142,None,3.5,0.0,True,0.0,0.06999999999999984
F,married,34.04,1,construct,secondary,8793.8,29779.08,1685.83,A,3.57,0.6,2.142,A,3.9,0.6,False,2.34,0.33000000000000007
F,married,40.26,2,manuf,tertiary,4615.42,24099.57,1496.82,A,3.56,0.6,2.136,A,3.3,0.6,False,1.9799999999999998,0.26000000000000023
F,married,38.24,2,legal,secondary,2608.09,18379.8,1469.98,A,3.55,0.6,2.13,A,3.1,0.6,False,1.8599999999999999,0.44999999999999973
F,married,36.52,2,medicine,secondary,2204.65,14888.87,1900.26,A,3.55,0.6,2.13,None,3.2,0.0,True,0.0,0.34999999999999964
F,married,20.75,2,medicine,tertiary,9076.48,17854.06,1179.77,A,3.55,0.6,2.13,None,3.0,0.0,True,0.0,0.5499999999999998
M,married,39.89,2,medicine,secondary,2097.07,9689.24,1311.35,A,3.55,0.6,2.13,None,2.7,0.0,True,0.0,0.8499999999999996
M,married,50.06,2,legal,secondary,3032.63,10746.96,916.79,A,3.54,0.6,2.124,None,2.4,0.0,True,0.0,1.1400000000000001
F,married,39.7,1,government,tertiary,7787.38,19795.83,1407.11,A,3.53,0.6,2.1180000000000003,None,3.4,0.0,True,0.0,0.1299999999999999
M,married,68.42,1,retired,tertiary,3303.76,24191.62,1009.77,A,3.52,0.6,2.112,None,2.5,0.0,True,0.0,1.02
F,married,63.65,2,education,tertiary,3999.61,22499.39,824.16,A,3.52,0.6,2.112,A,2.5,0.6,False,1.5,1.02
F,married,36.6,4,legal,secondary,3280.48,19315.89,1300.58,A,3.52,0.6,2.112,None,3.2,0.0,True,0.0,0.31999999999999984
M,married,40.08,3,education,secondary,849.73,11810.84,1057.24,A,3.52,0.6,2.112,None,2.7,0.0,True,0.0,0.8199999999999998
F,married,27.5,2,government,tertiary,4955.4,23279.49,1434.1,A,3.52,0.6,2.112,None,3.4,0.0,True,0.0,0.1200000000000001
M,married,37.99,2,construct,secondary,7259.99,15079.99,1394.59,A,3.49,0.6,2.094,A,3.2,0.6,False,1.92,0.29000000000000004
M,married,41.2,3,government,secondary,553.51,17051.27,1109.04,A,3.48,0.6,2.088,None,2.8,0.0,True,0.0,0.6800000000000002
M,married,37.03,2,construct,secondary,9030.04,9827.37,1991.14,A,3.48,0.6,2.088,None,3.4,0.0,True,0.0,0.08000000000000007
F,married,38.28,2,government,tertiary,4630.6,18236.23,1441.66,A,3.47,0.6,2.082,None,3.2,0.0,True,0.0,0.27
M,married,53.83,1,manuf,secondary,2541.97,19138.09,1025.43,A,3.47,0.6,2.082,A,2.6,0.6,False,1.56,0.8700000000000001
M,married,65.42,1,retired,tertiary,3746.48,19887.25,1050.8,A,3.46,0.6,2.076,None,2.4,0.0,True,0.0,1.06
F,married,36.1,2,IT,secondary,2456.04,16038.8,1423.61,A,3.46,0.6,2.076,None,3.1,0.0,True,0.0,0.3599999999999999
M,married,40.24,1,government,secondary,1765.29,19167.67,849.43,A,3.46,0.6,2.076,A,2.9,0.6,False,1.74,0.56
