index,F,M,married,widowed,single,divorced,age,children,construct,education,finance,government,IT,legal,manuf,medicine,retired,secondary,tertiary,postgrad,professional,income,avbal,avtrans,decision
1,1,0,1,0,0,0,56.82,1,0,0,0,0,0,1,0,0,0,1,0,0,0,3105.39,33003.48,1776.81,None
2,0,1,0,1,0,0,87.35,3,0,0,0,0,0,0,0,0,1,0,1,0,0,4874.08,18941.99,863.56,None
3,0,1,0,0,1,0,28.75,0,0,0,0,0,0,0,1,0,0,0,0,0,1,14232.37,30013.32,3231.14,B
4,1,0,1,0,0,0,35.71,0,0,1,0,0,0,0,0,0,0,0,0,1,0,3214.93,15423.24,1996.09,None
5,0,1,0,0,1,0,20.53,0,1,0,0,0,0,0,0,0,0,0,1,0,0,3214.93,15423.24,1996.09,None
6,1,0,1,0,0,0,60.39,0,0,0,0,0,0,0,1,0,0,1,0,0,0,2478.11,11436.23,463.68,None
7,1,0,1,0,0,0,23.07,2,0,0,0,0,0,1,0,0,0,0,0,0,1,19715.69,60259.76,5624.25,None
8,1,0,1,0,0,0,31.88,1,0,1,0,0,0,0,0,0,0,1,0,0,0,3356.69,7424.35,145.25,None
9,0,1,1,0,0,0,62.71,3,1,0,0,0,0,0,0,0,0,0,1,0,0,3356.69,7424.35,145.25,None
10,0,1,0,0,0,1,43.52,2,0,0,0,0,1,0,0,0,0,1,0,0,0,673.86,10977.69,200.38,None
11,1,0,1,0,0,0,66.15,0,0,0,0,0,0,0,0,0,1,0,1,0,0,2350.12,15075,1687.73,None
12,0,1,1,0,0,0,26.41,1,0,1,0,0,0,0,0,0,0,0,1,0,0,3983.86,13557.57,984.02,None
13,0,1,1,0,0,0,22.81,0,0,0,1,0,0,0,0,0,0,0,0,1,0,5167.35,19008.33,1141.05,None
14,0,1,0,0,0,1,47.2,3,0,0,1,0,0,0,0,0,0,0,1,0,0,5358.23,23972.95,1988.45,None
15,0,1,0,0,1,0,21.38,0,0,0,0,0,0,0,0,1,0,1,0,0,0,1790.78,20102.4,2204.08,None
16,1,0,1,0,0,0,40,1,0,0,0,0,0,0,1,0,0,0,1,0,0,7167.15,15068.04,1748.94,None
17,1,0,0,0,1,0,34.09,0,1,0,0,0,0,0,0,0,0,0,0,1,0,7167.15,15068.04,1748.94,None
18,0,1,0,0,1,0,25.39,0,0,0,0,1,0,0,0,0,0,0,1,0,0,4943.25,5899.82,1577.68,None
19,1,0,0,0,1,0,41.74,0,0,0,0,0,0,0,0,1,0,1,0,0,0,2869.25,15317.34,980.39,None
20,0,1,0,0,0,1,51.85,0,0,0,0,0,0,0,1,0,0,0,0,1,0,10274.65,26727.86,2259.59,None
21,0,1,1,0,0,0,28.38,4,0,0,0,0,1,0,0,0,0,0,1,0,0,5657.13,17438.08,1994.03,A
22,1,0,1,0,0,0,25.74,0,0,0,1,0,0,0,0,0,0,0,0,0,1,13094.17,51277.41,3747.48,None
23,1,0,0,0,1,0,28.03,0,0,0,0,0,0,0,1,0,0,0,0,1,0,9986.75,44775.16,2662.94,None
24,0,1,0,0,1,0,27.43,0,0,1,0,0,0,0,0,0,0,0,1,0,0,4121.55,19983.49,1102.11,None
25,1,0,1,0,0,0,39.95,2,0,0,0,0,0,1,0,0,0,0,1,0,0,3302.41,24920.76,1165.51,A
26,1,0,0,0,0,1,30.81,3,0,0,1,0,0,0,0,0,0,0,1,0,0,8656.88,15072.42,2290.34,None
27,0,1,0,0,0,1,45.17,1,0,0,1,0,0,0,0,0,0,0,0,1,0,5378.92,21331.51,2838.42,None
28,0,1,1,0,0,0,39.13,2,0,0,1,0,0,0,0,0,0,1,0,0,0,1262.29,21288.97,1963.87,None
29,1,0,0,0,1,0,44.43,0,0,0,0,0,0,0,0,1,0,0,1,0,0,7058.44,41237.96,3912.06,None
30,1,0,0,0,1,0,23.84,0,0,0,0,0,0,0,1,0,0,1,0,0,0,3853.06,11865.44,712.75,None
31,0,1,0,1,0,0,70.83,1,0,0,0,0,0,0,0,0,1,0,0,1,0,2604.68,13671.58,1026.93,None
32,0,1,1,0,0,0,61.49,4,0,0,0,0,0,0,1,0,0,1,0,0,0,1376.26,12145.47,1235.43,A
33,0,1,0,0,1,0,20.91,0,0,0,0,0,0,0,0,1,0,0,0,1,0,10622.85,25455.03,3927.36,None
34,1,0,1,0,0,0,35.31,2,0,0,0,0,0,0,1,0,0,1,0,0,0,1584.06,16853.17,1028.19,None
35,0,1,1,0,0,0,39.97,3,0,0,0,0,0,0,0,1,0,0,0,1,0,9675.09,54522.38,3774.26,A
36,0,1,1,0,0,0,23.43,1,0,0,1,0,0,0,0,0,0,0,1,0,0,3791.18,31456.42,1342.56,None
37,0,1,0,0,0,1,57.12,3,1,0,0,0,0,0,0,0,0,0,1,0,0,3791.18,31456.42,1342.56,None
38,1,0,0,0,0,1,44.77,1,1,0,0,0,0,0,0,0,0,0,0,1,0,3791.18,31456.42,1342.56,None
39,0,1,0,0,1,0,28,0,0,0,0,0,0,1,0,0,0,0,1,0,0,9956.44,30937.8,3866.72,None
40,0,1,0,0,1,0,26.9,0,0,0,0,0,0,0,1,0,0,0,1,0,0,5000.87,25165.38,2360.42,B
41,0,1,0,0,1,0,24.13,0,0,0,0,0,0,0,1,0,0,0,1,0,0,7797.77,1850.62,1311.82,None
42,1,0,1,0,0,0,41.94,2,0,0,1,0,0,0,0,0,0,0,0,1,0,3561.05,28721.1,3967.53,None
43,1,0,0,0,1,0,34.23,0,0,0,0,1,0,0,0,0,0,0,1,0,0,5011.08,39541.94,1501.54,None
44,1,0,0,0,1,0,25.93,0,0,0,0,0,1,0,0,0,0,1,0,0,0,1662.21,12033.74,1286.34,None
45,0,1,0,0,1,0,25.83,0,0,0,0,0,0,1,0,0,0,0,1,0,0,7226.4,29092.73,2682.05,None
46,0,1,0,0,0,1,32.6,3,0,0,0,0,1,0,0,0,0,1,0,0,0,1045.43,22064.53,1101.11,None
47,1,0,0,0,0,1,44.25,2,0,0,0,0,1,0,0,0,0,1,0,0,0,1645.65,9154.42,1364.2,None
48,0,1,1,0,0,0,44.65,1,0,0,0,1,0,0,0,0,0,0,1,0,0,5194.72,13796.11,1628.31,A
49,1,0,0,0,0,1,28.66,1,0,0,0,0,0,1,0,0,0,0,1,0,0,6612.07,28284.88,3669.22,B
50,0,1,0,1,0,0,56.51,1,0,0,0,0,1,0,0,0,0,0,1,0,0,8917.89,11595.8,1444.51,None
51,0,1,1,0,0,0,29.83,2,1,0,0,0,0,0,0,0,0,0,0,0,1,8917.89,11595.8,1444.51,None
52,1,0,1,0,0,0,39.76,1,0,0,0,0,0,0,1,0,0,0,1,0,0,5295.78,21398.78,1260.13,None
53,1,0,0,0,1,0,23.23,0,0,0,0,0,0,0,0,1,0,0,1,0,0,8664.08,22064.65,2269.68,B
54,0,1,1,0,0,0,36.46,2,0,0,1,0,0,0,0,0,0,0,1,0,0,5566.4,10965.36,3491.51,None
55,1,0,0,0,0,1,65.3,1,0,0,0,0,0,0,0,0,1,0,0,1,0,3328.51,10105.98,1445.43,None
56,1,0,0,0,1,0,40.12,0,0,1,0,0,0,0,0,0,0,1,0,0,0,2763,16595.83,294.69,None
57,0,1,1,0,0,0,58.89,2,0,0,0,0,0,0,1,0,0,0,1,0,0,2210.32,7543.98,1293.92,A
58,1,0,0,0,0,1,57.84,0,0,0,0,1,0,0,0,0,0,1,0,0,0,2500.88,5691.44,1278.66,None
59,1,0,1,0,0,0,40.83,0,0,0,1,0,0,0,0,0,0,0,0,1,0,8250.71,29394.42,2933.97,None
60,1,0,0,0,0,1,44.99,3,0,0,0,0,1,0,0,0,0,0,1,0,0,7370.43,21856.57,2041.91,None
61,0,1,1,0,0,0,31.11,1,0,0,1,0,0,0,0,0,0,0,0,0,1,9968.58,40680.7,4708.21,None
62,1,0,0,0,1,0,22.84,0,0,0,1,0,0,0,0,0,0,1,0,0,0,2161.05,13856.56,1200.11,None
63,0,1,0,0,0,1,57.07,2,0,0,0,0,0,0,1,0,0,0,1,0,0,4996.54,15985.3,2328.75,None
64,1,0,0,0,0,1,27.59,1,0,0,0,0,0,0,1,0,0,1,0,0,0,869.36,6742.84,912.21,None
65,0,1,1,0,0,0,33.18,1,0,0,0,0,0,0,0,1,0,1,0,0,0,2284.61,16098.74,1196.33,A
66,1,0,1,0,0,0,40.52,1,0,0,0,0,0,0,1,0,0,0,1,0,0,2513.18,4514.59,2096.18,A
67,0,1,1,0,0,0,48.22,2,0,0,0,0,0,0,0,1,0,0,1,0,0,6157.58,19623.35,3155.41,None
68,0,1,0,0,0,1,36.8,2,0,0,0,0,0,0,1,0,0,0,0,1,0,5187.16,23739.22,3320.07,None
69,1,0,0,0,1,0,23.39,0,0,0,1,0,0,0,0,0,0,0,0,0,1,12847.93,33671.32,4842.15,None
70,0,1,0,1,0,0,58.15,1,0,0,0,1,0,0,0,0,0,0,1,0,0,6009.9,21335.52,744.47,None
71,0,1,1,0,0,0,59.57,1,0,0,0,0,1,0,0,0,0,0,1,0,0,5889.16,12906.45,2054.14,None
72,1,0,0,0,1,0,31.35,0,0,0,0,0,0,0,0,1,0,0,1,0,0,6908.85,18864.89,3231.41,None
73,1,0,1,0,0,0,42.03,1,0,0,0,0,0,1,0,0,0,0,1,0,0,2357.66,21720.73,1768.79,None
74,0,1,1,0,0,0,39.98,1,0,1,0,0,0,0,0,0,0,0,0,1,0,7843.23,25455.76,2704.42,None
75,1,0,0,1,0,0,60.49,2,0,0,1,0,0,0,0,0,0,0,0,1,0,9080.6,28877.91,3018.18,None
76,1,0,0,0,0,1,43.33,2,0,0,0,1,0,0,0,0,0,0,1,0,0,4958.71,28646.42,1789.41,None
77,0,1,0,0,0,1,27.47,3,0,0,0,0,0,0,1,0,0,0,0,1,0,8361.6,45263.75,3473.89,B
78,0,1,0,0,0,1,62.99,1,0,0,1,0,0,0,0,0,0,1,0,0,0,802.8,18040.08,2061.85,None
79,1,0,1,0,0,0,39.32,1,0,0,0,0,0,0,0,1,0,0,1,0,0,7230.79,38445.33,2721.86,None
80,0,1,0,0,0,1,29.71,1,0,0,1,0,0,0,0,0,0,0,1,0,0,9646.94,32848.65,1905.73,B
81,0,1,1,0,0,0,39.39,0,0,0,0,1,0,0,0,0,0,0,1,0,0,5554.4,19919.86,1018.94,A
82,1,0,1,0,0,0,39.88,0,0,0,0,0,0,0,1,0,0,1,0,0,0,3154.09,16423.29,748.04,None
83,0,1,1,0,0,0,38.37,0,0,0,1,0,0,0,0,0,0,0,0,1,0,9390.76,13989.95,3580.26,None
84,0,1,1,0,0,0,39.79,1,0,0,0,0,1,0,0,0,0,1,0,0,0,579.42,16311.43,814.35,None
85,0,1,1,0,0,0,65.61,2,0,0,0,0,0,0,0,0,1,0,0,0,1,5351.61,37993.15,1498.5,None
86,1,0,0,0,1,0,22.11,0,0,1,0,0,0,0,0,0,0,0,1,0,0,5581.19,20631.73,967.65,None
87,0,1,0,0,1,0,45.63,0,1,0,0,0,0,0,0,0,0,0,1,0,0,5581.19,20631.73,967.65,None
88,0,1,0,0,1,0,40.44,0,0,0,1,0,0,0,0,0,0,1,0,0,0,1996.56,19775.39,861.81,None
89,0,1,1,0,0,0,31.41,0,0,0,0,1,0,0,0,0,0,1,0,0,0,2577.15,8128.83,865.83,None
90,1,0,1,0,0,0,39.78,1,0,0,0,0,0,1,0,0,0,0,1,0,0,6991.31,20261.34,2400.23,None
91,0,1,0,0,0,1,45.45,2,0,0,1,0,0,0,0,0,0,0,1,0,0,9046.3,29269.81,3420.82,None
92,1,0,0,1,0,0,57.16,3,0,0,0,1,0,0,0,0,0,0,1,0,0,4963.11,19252.75,2157.89,None
93,1,0,1,0,0,0,66.9,0,0,0,0,0,0,0,0,0,1,1,0,0,0,1927.01,5491.91,815.74,None
94,0,1,0,0,0,1,56.77,2,0,0,0,1,0,0,0,0,0,0,0,0,1,3680.44,24848.83,3538.4,None
95,1,0,0,0,1,0,21.77,0,0,0,0,1,0,0,0,0,0,0,0,0,1,9074.18,45822.57,3808.06,None
96,0,1,0,0,1,0,44.25,0,0,0,0,1,0,0,0,0,0,0,0,1,0,9828.13,39151.61,1585.55,None
97,0,1,0,0,0,1,43.1,1,0,0,0,0,1,0,0,0,0,1,0,0,0,2440.21,19562.72,1236.97,None
98,1,0,1,0,0,0,51.22,4,0,0,0,1,0,0,0,0,0,0,1,0,0,5259.4,19997,2231.66,None
99,0,1,0,0,0,1,57.57,0,1,0,0,0,0,0,0,0,0,1,0,0,0,5259.4,19997,2231.66,None
100,0,1,0,0,1,0,32.82,0,0,0,0,0,0,0,1,0,0,0,0,1,0,11710.38,22848.83,3276.89,None
101,1,0,1,0,0,0,53.5,1,0,0,0,0,0,0,1,0,0,0,1,0,0,6527.98,19557.48,746.47,A
102,0,1,0,0,1,0,28.04,0,0,0,1,0,0,0,0,0,0,1,0,0,0,2966.88,21066.84,1196.25,None
103,1,0,0,1,0,0,50.86,1,0,0,0,0,0,1,0,0,0,1,0,0,0,3146.1,8741.4,1175.31,None
104,0,1,1,0,0,0,56.94,1,0,0,0,1,0,0,0,0,0,0,1,0,0,4978.89,18633.57,1335.63,None
105,1,0,1,0,0,0,61.92,3,0,0,1,0,0,0,0,0,0,1,0,0,0,1778.85,15817.56,831.48,None
106,1,0,0,1,0,0,58.67,2,0,0,0,1,0,0,0,0,0,1,0,0,0,2500.62,14213.94,453,None
107,0,1,1,0,0,0,61.31,3,0,0,0,0,1,0,0,0,0,0,1,0,0,4670.3,22049.58,2548.68,A
108,1,0,1,0,0,0,55.76,1,1,0,0,0,0,0,0,0,0,0,1,0,0,4670.3,22049.58,2548.68,None
109,1,0,1,0,0,0,37.65,3,0,0,0,0,0,1,0,0,0,0,0,0,1,7642.11,78385.03,6008.57,None
110,1,0,0,0,1,0,44.45,0,0,0,0,0,1,0,0,0,0,0,0,1,0,11037.44,43257.93,2113.02,None
111,0,1,1,0,0,0,66.36,0,0,0,0,0,0,0,0,0,1,0,0,1,0,3875.63,20791.49,1077.71,None
112,0,1,1,0,0,0,32.7,1,1,0,0,0,0,0,0,0,0,0,1,0,0,3875.63,20791.49,1077.71,None
113,1,0,1,0,0,0,43.9,4,0,1,0,0,0,0,0,0,0,0,1,0,0,3546.13,14623.72,999.89,None
114,1,0,0,0,1,0,28.57,0,0,0,1,0,0,0,0,0,0,0,0,1,0,13056.93,35535.66,4908.91,None
115,1,0,0,0,1,0,24.41,0,1,0,0,0,0,0,0,0,0,1,0,0,0,13056.93,35535.66,4908.91,None
116,0,1,1,0,0,0,39.62,0,0,0,0,0,0,0,1,0,0,0,1,0,0,2463.54,1694.22,1500.08,None
117,0,1,1,0,0,0,52.79,2,0,0,0,1,0,0,0,0,0,0,1,0,0,4408.43,24776.96,1946.16,None
118,0,1,0,0,0,1,45.59,2,1,0,0,0,0,0,0,0,0,1,0,0,0,4408.43,24776.96,1946.16,None
119,1,0,0,0,1,0,27.97,0,0,0,0,1,0,0,0,0,0,0,0,1,0,11814.06,39759.75,1111.54,None
120,0,1,1,0,0,0,39.9,2,0,1,0,0,0,0,0,0,0,0,1,0,0,3455.08,19904.04,544.94,None
121,1,0,0,1,0,0,49.66,2,0,1,0,0,0,0,0,0,0,1,0,0,0,2992.71,11353.67,303.33,None
122,1,0,0,1,0,0,61.05,1,0,0,1,0,0,0,0,0,0,0,0,1,0,12020.48,47258.04,3712.02,None
123,0,1,0,0,1,0,45.85,0,0,0,0,0,0,0,0,1,0,0,0,0,1,12214.12,72994.93,7301.07,None
124,1,0,0,0,0,1,56.94,0,1,0,0,0,0,0,0,0,0,1,0,0,0,12214.12,72994.93,7301.07,None
125,0,1,1,0,0,0,37.51,1,0,0,1,0,0,0,0,0,0,1,0,0,0,1450.11,15996.83,735.94,None
126,0,1,0,0,1,0,26.66,0,0,0,0,0,0,0,1,0,0,0,0,0,1,8650.53,10467.77,3871.36,None
127,1,0,1,0,0,0,39.97,2,0,0,0,1,0,0,0,0,0,0,1,0,0,4906.33,20328.02,673.85,None
128,0,1,0,0,1,0,27.67,0,1,0,0,0,0,0,0,0,0,0,0,1,0,4906.33,20328.02,673.85,B
129,0,1,1,0,0,0,41.77,0,0,0,0,0,0,0,1,0,0,0,1,0,0,5849.22,28504.76,1458.2,None
130,1,0,0,1,0,0,59.71,3,0,0,1,0,0,0,0,0,0,0,0,0,1,10170.47,45338.34,4761.22,None
131,1,0,0,0,1,0,28.31,0,0,0,1,0,0,0,0,0,0,0,1,0,0,7067.84,14085.66,3020.8,None
132,1,0,0,0,1,0,35.06,0,0,0,0,0,0,0,1,0,0,1,0,0,0,3508.96,12346.86,437.7,None
133,1,0,1,0,0,0,58.36,1,0,0,0,0,1,0,0,0,0,0,1,0,0,2510.42,23947.57,1990.3,A
134,0,1,1,0,0,0,36.71,1,0,0,0,1,0,0,0,0,0,1,0,0,0,4030.26,2377.23,409.25,None
135,1,0,0,0,0,1,34.82,2,0,0,0,0,0,0,0,1,0,0,1,0,0,6701.74,16363.95,3541.74,None
136,1,0,0,0,1,0,28.77,0,0,0,1,0,0,0,0,0,0,1,0,0,0,2231.17,16432.66,1186.89,None
137,0,1,0,0,1,0,21.75,0,0,0,0,1,0,0,0,0,0,1,0,0,0,3086.05,10153.88,592.97,B
138,1,0,1,0,0,0,49.28,0,0,0,0,0,0,0,0,1,0,0,1,0,0,6967.26,28809.91,1473.94,None
139,0,1,0,0,1,0,21.62,0,0,0,1,0,0,0,0,0,0,0,1,0,0,6052.6,26303.88,2001.31,B
140,0,1,1,0,0,0,40.11,2,0,0,1,0,0,0,0,0,0,1,0,0,0,3295.55,11103.75,1225.06,A
141,0,1,1,0,0,0,40.06,2,0,0,0,0,0,0,1,0,0,1,0,0,0,2320.77,19511.52,1260.93,A
142,1,0,0,0,1,0,30.49,0,1,0,0,0,0,0,0,0,0,0,0,1,0,2320.77,19511.52,1260.93,None
143,0,1,0,0,0,1,46.15,2,0,0,0,0,0,1,0,0,0,0,1,0,0,6234.92,18363.03,3940.24,None
144,0,1,1,0,0,0,38.09,1,0,0,1,0,0,0,0,0,0,0,0,1,0,10279.43,14525.43,3731.24,None
145,1,0,1,0,0,0,43.42,0,0,0,1,0,0,0,0,0,0,0,1,0,0,6140.75,36572.83,2015.91,None
146,1,0,1,0,0,0,58.98,2,0,0,0,0,0,0,1,0,0,0,1,0,0,3507.01,12834.27,1958.05,A
147,1,0,1,0,0,0,50.84,0,0,0,1,0,0,0,0,0,0,0,0,1,0,10716.45,34888.58,3899.33,A
148,0,1,0,0,0,1,32.18,0,0,0,1,0,0,0,0,0,0,0,1,0,0,6118.91,24017.18,2372,None
149,1,0,1,0,0,0,39.45,1,0,0,0,0,0,0,1,0,0,1,0,0,0,2417.48,11452.9,271.75,A
150,0,1,0,0,1,0,25.43,0,0,0,0,0,1,0,0,0,0,1,0,0,0,2181.87,12695.79,1233.78,None
151,1,0,0,0,1,0,27.35,0,0,0,0,0,1,0,0,0,0,1,0,0,0,1211.64,14537.96,1127.08,None
152,1,0,0,1,0,0,60.08,0,0,0,0,1,0,0,0,0,0,0,0,1,0,8446.99,14132.2,1077.38,None
153,1,0,1,0,0,0,63.91,3,1,0,0,0,0,0,0,0,0,0,0,1,0,8446.99,14132.2,1077.38,A
154,1,0,1,0,0,0,34.14,2,0,0,0,0,0,0,1,0,0,0,0,1,0,8634.24,44913.59,2236.69,None
155,0,1,0,0,0,1,45.01,1,0,1,0,0,0,0,0,0,0,0,0,1,0,6764.74,12294.81,1840.94,None
156,0,1,0,0,0,1,55.07,2,1,0,0,0,0,0,0,0,0,1,0,0,0,6764.74,12294.81,1840.94,None
157,1,0,1,0,0,0,42.01,1,0,0,1,0,0,0,0,0,0,0,1,0,0,5721.88,26370.11,642.18,A
158,0,1,1,0,0,0,26.28,2,0,0,0,0,0,0,0,1,0,0,1,0,0,7010.4,24533.69,1329.07,None
159,1,0,0,0,1,0,26.56,0,0,0,0,0,0,0,1,0,0,0,0,1,0,8892.31,25245.63,2545.98,B
160,0,1,0,0,0,1,44.2,0,0,0,0,1,0,0,0,0,0,0,1,0,0,2256.53,20103.89,1618.65,None
161,0,1,1,0,0,0,40.81,3,1,0,0,0,0,0,0,0,0,0,0,0,1,2256.53,20103.89,1618.65,None
162,0,1,0,0,1,0,34.44,0,0,0,0,1,0,0,0,0,0,1,0,0,0,2381.57,17593.71,278.01,None
163,1,0,1,0,0,0,28.36,2,0,0,0,0,1,0,0,0,0,1,0,0,0,1557.8,16706.25,1236.9,None
164,0,1,0,0,0,1,64.46,3,0,0,1,0,0,0,0,0,0,0,1,0,0,6624.39,18540.12,1867.26,None
165,1,0,1,0,0,0,50.24,2,0,0,0,0,0,0,0,1,0,0,0,1,0,12275.08,28592.25,4309.14,None
166,0,1,0,0,0,1,36.74,0,0,0,0,1,0,0,0,0,0,0,1,0,0,7737.91,11885.22,1548.4,None
167,0,1,1,0,0,0,39.96,1,0,0,0,0,0,0,1,0,0,0,0,1,0,11223.81,16528.01,1250.11,None
168,1,0,1,0,0,0,32.09,2,1,0,0,0,0,0,0,0,0,1,0,0,0,11223.81,16528.01,1250.11,None
169,1,0,1,0,0,0,26.77,3,0,0,0,0,1,0,0,0,0,0,1,0,0,7828.41,24030.28,1793.85,None
170,0,1,0,1,0,0,45.64,2,0,0,0,0,0,1,0,0,0,0,0,1,0,11076.64,39165.49,4656.02,None
171,0,1,1,0,0,0,27.53,1,0,0,0,1,0,0,0,0,0,0,0,1,0,10168.13,46470.32,2624.87,A
172,1,0,0,0,1,0,26.71,0,1,0,0,0,0,0,0,0,0,1,0,0,0,10168.13,46470.32,2624.87,B
173,1,0,1,0,0,0,43.92,1,0,0,0,1,0,0,0,0,0,1,0,0,0,2545.29,8967.41,915.71,None
174,0,1,1,0,0,0,34.88,1,0,0,0,0,0,0,1,0,0,1,0,0,0,722.07,11707.8,843.7,None
175,1,0,1,0,0,0,58.26,1,0,0,0,0,0,0,0,1,0,0,1,0,0,6886.83,29094.03,1178.01,None
176,1,0,0,1,0,0,55.51,1,0,0,0,1,0,0,0,0,0,0,1,0,0,6855.79,16536.76,877.52,None
177,0,1,0,0,0,1,31.46,1,0,1,0,0,0,0,0,0,0,1,0,0,0,1989.72,11991.44,303.69,None
178,1,0,1,0,0,0,39.8,1,0,0,0,1,0,0,0,0,0,1,0,0,0,3742.28,14590.72,769.22,None
179,0,1,0,0,1,0,29.26,0,0,0,1,0,0,0,0,0,0,0,1,0,0,5998.49,11741.35,2034.94,None
180,1,0,0,1,0,0,41.66,3,0,0,0,0,1,0,0,0,0,1,0,0,0,2200.89,25663.49,1212.2,None
181,1,0,0,0,0,1,45,0,0,0,0,0,1,0,0,0,0,1,0,0,0,1463.39,16051.12,1213.22,None
182,1,0,1,0,0,0,29.26,1,1,0,0,0,0,0,0,0,0,0,1,0,0,1463.39,16051.12,1213.22,A
183,0,1,1,0,0,0,36.83,2,0,0,1,0,0,0,0,0,0,0,1,0,0,5717.02,27100.5,1031.46,None
184,1,0,1,0,0,0,30.27,3,1,0,0,0,0,0,0,0,0,1,0,0,0,5717.02,27100.5,1031.46,None
185,1,0,0,0,1,0,28.1,0,0,0,0,1,0,0,0,0,0,0,0,1,0,7999.78,13969.58,2650.37,None
186,1,0,1,0,0,0,51.61,1,1,0,0,0,0,0,0,0,0,0,0,1,0,7999.78,13969.58,2650.37,A
187,0,1,0,0,1,0,20.84,0,0,0,0,0,0,1,0,0,0,1,0,0,0,2749.09,13471.51,1863.63,None
188,0,1,0,0,1,0,27.85,0,0,0,1,0,0,0,0,0,0,1,0,0,0,2509.43,21737.39,1027.04,None
189,1,0,0,0,0,1,49.69,2,1,0,0,0,0,0,0,0,0,0,1,0,0,2509.43,21737.39,1027.04,None
190,1,0,0,0,0,1,35.64,2,0,0,0,1,0,0,0,0,0,0,0,0,1,10875.01,40252.13,1017.16,None
191,0,1,0,0,0,1,50.23,3,0,1,0,0,0,0,0,0,0,0,1,0,0,5560.42,28887.65,999.76,None
192,1,0,1,0,0,0,31.07,3,0,0,0,1,0,0,0,0,0,0,1,0,0,3951.12,20632.88,1478.18,A
193,0,1,0,0,0,1,66.41,3,0,0,0,0,0,0,0,0,1,0,1,0,0,2219.78,20866.69,1398.47,None
194,1,0,1,0,0,0,38.8,1,0,0,0,1,0,0,0,0,0,0,0,1,0,8081.6,19182.55,2260.06,None
195,1,0,1,0,0,0,29.01,2,0,0,0,0,1,0,0,0,0,0,1,0,0,7488.13,36289.03,806.72,None
196,1,0,0,1,0,0,86.8,2,0,0,0,0,0,0,0,0,1,0,0,0,1,4689.28,33038,1353.32,None
197,1,0,0,0,1,0,38.09,0,0,0,0,0,0,0,0,1,0,0,0,0,1,18900.69,50930.82,6210.63,None
198,0,1,1,0,0,0,32.84,2,0,0,0,0,1,0,0,0,0,0,1,0,0,3448.01,18036.78,2607.85,None
199,0,1,1,0,0,0,55.67,0,0,0,0,0,1,0,0,0,0,1,0,0,0,2594.06,19719.45,1660.6,None
200,0,1,0,0,1,0,23.33,0,0,0,0,0,0,0,0,1,0,0,1,0,0,10339.55,28237.32,1395.03,B
201,1,0,1,0,0,0,35.82,1,0,0,1,0,0,0,0,0,0,0,0,0,1,11144.99,33709.7,7672.02,A
202,1,0,1,0,0,0,68.66,1,0,0,0,0,0,0,0,0,1,0,0,1,0,2999.64,20974.84,1270.29,None
203,0,1,1,0,0,0,43.13,0,0,0,0,1,0,0,0,0,0,0,0,1,0,8045.89,21474.17,1800.08,None
204,1,0,0,0,0,1,73.3,2,0,0,0,0,0,0,0,0,1,0,1,0,0,4378.06,14914.94,1372.8,None
205,1,0,1,0,0,0,26.39,1,0,0,0,0,0,0,1,0,0,1,0,0,0,1535.98,12060.32,796.67,A
206,0,1,0,0,1,0,28.74,0,0,0,0,0,1,0,0,0,0,0,1,0,0,4295.75,19601.9,792.41,None
207,0,1,1,0,0,0,26.64,3,0,0,0,0,0,0,0,1,0,1,0,0,0,508.1,14406.19,1713.48,None
208,0,1,1,0,0,0,39.98,3,0,0,0,0,0,0,1,0,0,0,1,0,0,2248.96,20332.04,1651.66,None
209,1,0,1,0,0,0,30.18,3,1,0,0,0,0,0,0,0,0,0,0,1,0,2248.96,20332.04,1651.66,None
210,0,1,0,0,1,0,27.69,0,0,0,0,1,0,0,0,0,0,1,0,0,0,2082.23,17948.54,982.88,None
211,1,0,0,0,1,0,21.99,0,0,0,0,0,0,1,0,0,0,0,1,0,0,9465.08,17810.63,2466.62,B
212,1,0,0,0,1,0,21.23,0,0,0,0,0,0,0,1,0,0,0,1,0,0,7253.39,8782.71,1781.74,None
213,1,0,1,0,0,0,22.09,1,0,0,0,0,1,0,0,0,0,1,0,0,0,1500.4,21697.37,1862.66,None
214,0,1,1,0,0,0,24.35,0,0,0,0,0,0,0,0,1,0,1,0,0,0,2600.58,17139.96,2255.63,A
215,1,0,1,0,0,0,29.22,3,0,0,1,0,0,0,0,0,0,0,0,1,0,11316.8,34265.83,3322.55,None
216,1,0,1,0,0,0,41.34,2,0,0,0,0,1,0,0,0,0,0,1,0,0,5331.59,34455.95,1429.28,None
217,1,0,0,0,1,0,42.45,0,0,1,0,0,0,0,0,0,0,0,0,1,0,3206.45,32625.71,2199.25,None
218,0,1,0,0,1,0,26.52,0,0,0,0,0,1,0,0,0,0,0,1,0,0,8686.04,11643.91,2039.02,B
219,1,0,0,0,0,1,28.94,0,0,0,0,0,1,0,0,0,0,0,1,0,0,9185.92,23511,1782.03,None
220,0,1,1,0,0,0,38.32,4,0,0,1,0,0,0,0,0,0,1,0,0,0,2834.5,13840.58,1621.68,A
221,1,0,1,0,0,0,64.08,0,0,0,0,1,0,0,0,0,0,0,1,0,0,3532.75,24530.75,1575.74,None
222,1,0,1,0,0,0,64.38,4,1,0,0,0,0,0,0,0,0,0,1,0,0,3532.75,24530.75,1575.74,None
223,0,1,0,0,1,0,27.01,0,0,0,1,0,0,0,0,0,0,0,1,0,0,6845.55,24968.19,2027,None
224,1,0,1,0,0,0,31.78,0,0,0,0,0,0,0,1,0,0,1,0,0,0,1487.43,12210.94,952.73,A
225,0,1,0,0,1,0,39.76,0,0,0,0,1,0,0,0,0,0,0,1,0,0,4331.79,24014.18,1500.92,None
226,1,0,1,0,0,0,41.04,1,0,0,0,0,0,0,1,0,0,1,0,0,0,3826.66,19680.21,752.83,None
227,1,0,1,0,0,0,40.29,0,0,0,1,0,0,0,0,0,0,0,0,1,0,5914.94,19348.1,3012.47,None
228,1,0,0,0,1,0,28.24,0,0,1,0,0,0,0,0,0,0,1,0,0,0,1991.69,4492.65,303.23,None
229,1,0,0,0,0,1,63.93,0,0,0,0,0,0,0,0,1,0,0,0,0,1,11960.26,61138.6,6896.69,None
230,0,1,0,1,0,0,85.45,3,0,0,0,0,0,0,0,0,1,0,1,0,0,2532.79,15022.52,842.1,None
231,0,1,1,0,0,0,37.02,2,0,0,0,1,0,0,0,0,0,1,0,0,0,2120.58,14361.43,838.99,None
232,0,1,1,0,0,0,40.39,2,0,0,0,0,0,1,0,0,0,1,0,0,0,3621.7,17251.08,1817.26,None
233,0,1,0,1,0,0,44.81,2,0,0,0,1,0,0,0,0,0,0,1,0,0,5658.75,19880.98,2343.09,None
234,1,0,0,0,1,0,38.03,0,0,0,1,0,0,0,0,0,0,0,0,1,0,7109.13,29609.07,3001.48,None
235,0,1,0,1,0,0,62.13,2,0,1,0,0,0,0,0,0,0,0,1,0,0,3993.99,21914.89,1784.22,None
236,1,0,0,1,0,0,79.38,2,0,0,0,0,0,0,0,0,1,1,0,0,0,1440.97,9955.54,1124.78,None
237,1,0,0,1,0,0,80.8,0,0,0,0,0,0,0,0,0,1,0,0,1,0,4001.88,28406.52,1328.02,None
238,1,0,0,0,1,0,23.36,0,1,0,0,0,0,0,0,0,0,0,0,1,0,4001.88,28406.52,1328.02,None
239,1,0,1,0,0,0,40.37,2,1,0,0,0,0,0,0,0,0,0,1,0,0,4001.88,28406.52,1328.02,A
240,0,1,1,0,0,0,31.98,1,0,0,0,0,0,0,1,0,0,1,0,0,0,3880.48,11596.28,211.76,None
241,1,0,0,0,1,0,28.25,0,0,0,1,0,0,0,0,0,0,0,1,0,0,4995.42,24000.3,1621.18,None
242,0,1,0,0,1,0,30.89,0,0,0,0,0,0,1,0,0,0,0,1,0,0,7551.81,22593.02,2691.9,None
243,0,1,0,0,0,1,69.94,1,0,0,0,0,0,0,0,0,1,0,1,0,0,4437.68,21442.62,473.72,None
244,0,1,0,0,1,0,44.81,0,0,0,0,0,1,0,0,0,0,0,0,1,0,9134.84,47529.84,3537.32,None
245,1,0,0,0,1,0,31.29,0,0,0,0,1,0,0,0,0,0,0,1,0,0,5416.61,20017.6,2437.66,None
246,0,1,1,0,0,0,47.35,2,0,0,0,0,0,0,1,0,0,0,1,0,0,2866.3,18821,1161.29,A
247,0,1,0,1,0,0,65.3,1,0,0,0,0,0,0,0,0,1,0,0,1,0,2767.03,10176.98,1795.02,None
248,1,0,1,0,0,0,54.5,2,0,0,0,0,1,0,0,0,0,1,0,0,0,1391.94,18549.12,1724.06,None
249,0,1,0,1,0,0,43.35,0,0,0,1,0,0,0,0,0,0,1,0,0,0,1662.56,14508.79,1197.35,None
250,0,1,0,0,0,1,47.78,0,0,0,0,0,0,0,0,1,0,0,0,1,0,9390.82,17968.03,2414.97,None
251,0,1,1,0,0,0,38.65,1,0,1,0,0,0,0,0,0,0,1,0,0,0,1996.59,18509.98,475.83,A
252,1,0,1,0,0,0,28.9,0,0,0,0,0,0,0,1,0,0,0,1,0,0,6966.33,21990.4,2153.95,None
253,0,1,1,0,0,0,39.86,0,0,0,0,0,0,0,1,0,0,0,0,0,1,6084.82,42728.23,5584.11,None
254,0,1,1,0,0,0,28.13,4,0,0,0,0,0,0,0,1,0,1,0,0,0,3821.92,21615.32,823.58,None
255,0,1,0,0,1,0,44.6,0,0,0,0,0,1,0,0,0,0,0,0,1,0,13794.92,13342.87,3221.08,None
256,1,0,0,0,0,1,38.99,3,0,0,0,0,0,0,1,0,0,1,0,0,0,1770.34,20869.3,926.4,None
257,1,0,1,0,0,0,38.52,2,0,0,0,0,1,0,0,0,0,1,0,0,0,1525.86,16513.18,1277.17,None
258,1,0,0,0,1,0,28.32,0,0,0,1,0,0,0,0,0,0,0,0,1,0,9067.76,40767.69,3553.09,None
259,1,0,1,0,0,0,48.01,2,0,0,0,0,0,0,1,0,0,0,1,0,0,5584.26,20010.4,1482.22,None
260,1,0,1,0,0,0,55.78,2,1,0,0,0,0,0,0,0,0,0,1,0,0,5584.26,20010.4,1482.22,A
261,1,0,0,0,0,1,57.43,3,0,0,0,1,0,0,0,0,0,1,0,0,0,3149.69,12134.08,795.49,None
262,1,0,0,0,0,1,45.16,2,0,0,0,1,0,0,0,0,0,0,0,1,0,7311.08,18248.45,3152.17,None
263,0,1,0,0,1,0,24.62,0,0,0,0,0,0,0,1,0,0,1,0,0,0,2333.57,9458.71,295.89,None
264,0,1,1,0,0,0,44.42,3,0,0,0,0,0,1,0,0,0,0,0,1,0,16074.76,38266.96,3526.25,A
265,1,0,1,0,0,0,58.6,1,0,0,1,0,0,0,0,0,0,0,1,0,0,7307.93,20024.65,2774.01,None
266,1,0,1,0,0,0,38.95,2,0,0,0,0,1,0,0,0,0,0,1,0,0,5981.44,27497.47,1459.83,A
267,1,0,0,0,0,1,27.56,2,0,0,0,1,0,0,0,0,0,0,0,1,0,2536.2,25039.67,3442.84,None
268,0,1,1,0,0,0,40.01,2,0,0,0,0,0,0,0,1,0,1,0,0,0,3233.24,20215.56,1121.44,A
269,0,1,1,0,0,0,23.99,3,1,0,0,0,0,0,0,0,0,0,0,0,1,3233.24,20215.56,1121.44,None
270,1,0,0,0,0,1,45.87,2,0,0,1,0,0,0,0,0,0,0,1,0,0,6179.19,21269.47,1503.78,None
271,0,1,1,0,0,0,30.84,0,0,0,0,1,0,0,0,0,0,1,0,0,0,1941.58,15737.93,215.52,None
272,1,0,0,1,0,0,65.63,2,0,0,0,0,0,0,0,0,1,0,0,1,0,4009.99,10476.27,509.94,None
273,1,0,0,0,0,1,44.97,3,0,0,1,0,0,0,0,0,0,0,1,0,0,6695,20729.48,2259.65,None
274,1,0,0,0,1,0,32.22,0,0,0,0,0,0,0,1,0,0,1,0,0,0,2980.29,12719.64,893.49,None
275,0,1,1,0,0,0,50.55,2,0,0,1,0,0,0,0,0,0,0,0,1,0,6265.25,36320.75,3731.41,A
276,1,0,0,1,0,0,50.42,1,1,0,0,0,0,0,0,0,0,0,1,0,0,6265.25,36320.75,3731.41,None
277,1,0,0,0,1,0,35.89,0,0,0,0,0,0,0,1,0,0,0,1,0,0,2212.73,11873.57,1080.16,None
278,1,0,1,0,0,0,37.98,4,0,0,0,1,0,0,0,0,0,1,0,0,0,1181.14,19858.82,823.23,None
279,0,1,1,0,0,0,50.27,2,0,0,0,0,1,0,0,0,0,0,0,1,0,12644.42,17608.87,3388.32,None
280,1,0,0,0,1,0,26.22,0,1,0,0,0,0,0,0,0,0,0,0,1,0,12644.42,17608.87,3388.32,B
281,1,0,1,0,0,0,28.46,2,0,0,0,0,0,1,0,0,0,1,0,0,0,3647.41,25342.83,2610.19,None
282,1,0,0,0,1,0,43.63,0,0,1,0,0,0,0,0,0,0,1,0,0,0,1268.31,14855.89,684,None
283,1,0,1,0,0,0,46.83,4,0,0,1,0,0,0,0,0,0,0,1,0,0,5715.3,10225.96,1579.61,None
284,1,0,0,1,0,0,74.28,1,0,0,0,0,0,0,0,0,1,1,0,0,0,1445.29,11096.25,820.81,None
285,0,1,0,0,0,1,65.7,1,0,0,0,0,0,0,0,0,1,0,1,0,0,4642.65,12208.85,1339.7,None
286,0,1,0,0,1,0,45.27,0,0,0,0,1,0,0,0,0,0,0,1,0,0,5406.25,15012.63,1084.38,None
287,0,1,0,0,0,1,42.84,0,0,0,0,0,0,0,1,0,0,0,1,0,0,6321.12,19969.13,1572.46,None
288,1,0,1,0,0,0,40.07,1,0,0,0,1,0,0,0,0,0,0,1,0,0,2627.26,19714.35,1404.2,A
289,1,0,1,0,0,0,69.09,1,0,0,0,0,0,0,0,0,1,1,0,0,0,1932.81,9124.46,781.4,A
290,0,1,1,0,0,0,36.25,0,0,0,0,0,0,0,0,1,0,1,0,0,0,2126.57,9519.55,1788.15,A
291,0,1,0,1,0,0,44.25,3,0,0,0,0,0,0,1,0,0,1,0,0,0,4497.39,12198.9,881.98,None
292,1,0,1,0,0,0,59.34,2,0,0,0,0,1,0,0,0,0,0,1,0,0,5897.32,30069.58,724.83,A
293,0,1,0,1,0,0,62.99,2,0,0,0,0,0,1,0,0,0,0,1,0,0,2804.96,31031.11,2590.77,None
294,0,1,0,0,0,1,62.22,2,0,0,0,1,0,0,0,0,0,1,0,0,0,2488.64,10866.6,968.54,None
295,0,1,0,0,1,0,20.46,0,0,0,0,0,0,1,0,0,0,0,0,1,0,7573.42,27623.04,4959.68,B
296,1,0,0,1,0,0,85.5,1,0,0,0,0,0,0,0,0,1,0,1,0,0,2570.37,16876.54,400.03,None
297,0,1,0,0,0,1,66.09,0,0,0,0,0,0,0,0,0,1,1,0,0,0,534.9,7015.03,788.32,None
298,1,0,1,0,0,0,67.67,3,0,0,0,0,0,0,0,0,1,0,0,1,0,3972.5,19529.2,1445.9,A
299,1,0,1,0,0,0,69.84,3,0,0,0,0,0,0,0,0,1,0,0,1,0,3073.23,33108.03,424.79,A
300,1,0,0,0,1,0,42.04,0,0,0,0,1,0,0,0,0,0,1,0,0,0,2141.49,18951.46,795.97,None
301,0,1,1,0,0,0,50.59,0,0,0,0,0,0,0,1,0,0,0,1,0,0,3085.8,35105.37,891.45,None
302,1,0,1,0,0,0,58.67,2,0,0,0,0,1,0,0,0,0,1,0,0,0,2461.32,11150.49,1260.11,None
303,1,0,0,1,0,0,53.6,1,0,1,0,0,0,0,0,0,0,0,1,0,0,3337.16,28301.52,1257.7,None
304,0,1,0,0,1,0,28.58,0,0,0,0,0,1,0,0,0,0,0,1,0,0,7339.9,13364.08,1591.63,B
305,1,0,0,1,0,0,70.46,2,0,0,0,0,0,0,0,0,1,0,0,1,0,5797.28,33672.38,519.92,None
306,1,0,0,0,1,0,23.56,0,0,0,0,0,1,0,0,0,0,0,0,1,0,5704.32,17544.8,3000.02,None
307,1,0,1,0,0,0,40,2,0,0,0,0,0,0,1,0,0,0,1,0,0,4247.5,20500.39,1443.43,A
308,0,1,0,0,0,1,41.63,2,0,0,0,0,0,0,1,0,0,0,1,0,0,5588.66,16456.78,1150.25,None
309,0,1,0,1,0,0,50.85,4,0,0,0,0,0,0,1,0,0,0,0,1,0,9310.84,25973.99,2505.14,None
310,1,0,1,0,0,0,42.4,0,0,0,0,1,0,0,0,0,0,0,1,0,0,5188.82,20342.63,1445.37,None
311,1,0,1,0,0,0,63.48,2,0,0,0,0,0,1,0,0,0,0,0,1,0,9463.68,17361.7,3999.6,None
312,0,1,1,0,0,0,46.15,2,0,0,0,0,0,1,0,0,0,1,0,0,0,2729.69,18324.89,2709.47,None
313,1,0,0,0,1,0,35.34,0,0,0,0,1,0,0,0,0,0,0,1,0,0,5452.64,5402.37,2343.84,None
314,1,0,1,0,0,0,49.66,1,0,0,0,0,1,0,0,0,0,0,0,1,0,7505.61,46430.14,2997.21,None
315,0,1,0,1,0,0,57.88,1,0,0,0,0,0,0,0,1,0,1,0,0,0,5382.84,21458.64,1585.45,None
316,1,0,1,0,0,0,39.01,2,1,0,0,0,0,0,0,0,0,0,1,0,0,5382.84,21458.64,1585.45,None
317,1,0,0,0,1,0,43.1,0,1,0,0,0,0,0,0,0,0,1,0,0,0,5382.84,21458.64,1585.45,None
318,1,0,0,0,1,0,27.59,0,0,0,0,1,0,0,0,0,0,0,1,0,0,7485.82,21420.86,2433.15,None
319,0,1,0,0,1,0,24.41,0,1,0,0,0,0,0,0,0,0,0,1,0,0,7485.82,21420.86,2433.15,None
320,1,0,0,0,1,0,27.98,0,0,0,0,1,0,0,0,0,0,0,0,0,1,8888.45,51543.76,1953.44,None
321,1,0,1,0,0,0,23.88,1,0,0,0,0,0,1,0,0,0,0,0,0,1,12039.95,51404.59,3137.56,None
322,1,0,1,0,0,0,38.36,2,0,0,0,1,0,0,0,0,0,1,0,0,0,3303.45,8427.29,1217.02,None
323,0,1,0,0,0,1,39.76,4,0,0,0,0,1,0,0,0,0,0,1,0,0,7747.57,21820.13,2569.67,None
324,1,0,1,0,0,0,67.02,0,0,0,0,0,0,0,0,0,1,0,1,0,0,2161.14,15849.68,1348.57,A
325,0,1,1,0,0,0,39.63,1,0,0,0,0,0,0,1,0,0,0,1,0,0,7793.29,20860.62,1468.64,A
326,1,0,0,0,1,0,20.73,0,0,0,0,0,1,0,0,0,0,1,0,0,0,2948.88,12580.51,721.98,None
327,0,1,1,0,0,0,32.03,3,0,0,0,0,1,0,0,0,0,0,0,1,0,9066.49,32186.72,2999.98,None
328,0,1,0,1,0,0,89.91,2,0,0,0,0,0,0,0,0,1,0,1,0,0,3830.58,16578.83,1259.18,None
329,0,1,1,0,0,0,39.04,2,1,0,0,0,0,0,0,0,0,0,0,1,0,3830.58,16578.83,1259.18,A
330,0,1,1,0,0,0,68.51,1,0,0,0,0,0,0,0,0,1,0,1,0,0,4215.06,4563.31,1651.31,A
331,1,0,1,0,0,0,38.74,0,0,0,0,0,0,0,1,0,0,0,1,0,0,5024.36,25499.6,1074.15,None
332,0,1,1,0,0,0,42.07,1,0,0,0,0,0,0,1,0,0,0,1,0,0,5637.61,36424.14,989.58,A
333,0,1,0,0,1,0,32.64,0,0,0,0,0,0,0,1,0,0,0,1,0,0,3837.49,22595.95,1480.21,None
334,1,0,1,0,0,0,50.11,1,0,0,1,0,0,0,0,0,0,1,0,0,0,843.07,16185.91,445.06,A
335,1,0,1,0,0,0,55.2,1,0,0,0,0,1,0,0,0,0,1,0,0,0,1583.69,16304.24,659.55,None
336,1,0,0,0,0,1,27.37,4,0,0,0,0,1,0,0,0,0,1,0,0,0,1987.63,15818.82,1099.65,None
337,0,1,0,1,0,0,58.83,2,0,0,1,0,0,0,0,0,0,1,0,0,0,2864.27,7819.02,650.9,None
338,0,1,1,0,0,0,39.95,4,0,0,0,0,0,1,0,0,0,0,0,1,0,8882.35,40293.11,5939.93,None
339,0,1,0,0,1,0,33.3,0,0,0,0,0,1,0,0,0,0,1,0,0,0,2138.89,22048.03,265.22,None
340,0,1,0,0,1,0,20.94,0,0,0,1,0,0,0,0,0,0,1,0,0,0,2014.88,8745.38,1850.98,None
341,0,1,0,0,0,1,47.09,2,1,0,0,0,0,0,0,0,0,1,0,0,0,2014.88,8745.38,1850.98,None
342,1,0,1,0,0,0,34.21,1,0,0,0,0,0,1,0,0,0,0,1,0,0,8891.85,42118.33,2018.23,A
343,1,0,1,0,0,0,49.38,0,1,0,0,0,0,0,0,0,0,1,0,0,0,8891.85,42118.33,2018.23,A
344,1,0,0,0,0,1,65.66,1,0,0,0,0,0,0,0,0,1,1,0,0,0,872.52,9633.83,708.01,None
345,1,0,0,0,0,1,53.49,0,0,0,0,0,0,1,0,0,0,0,0,1,0,10167.85,30890.61,5220.9,None
346,1,0,1,0,0,0,59.56,2,0,0,0,0,1,0,0,0,0,1,0,0,0,1738.57,16035.35,1301.17,None
347,0,1,0,0,1,0,35.89,0,0,0,0,0,0,0,1,0,0,0,0,1,0,3777.18,25017.73,2498.86,None
348,1,0,1,0,0,0,37.94,2,1,0,0,0,0,0,0,0,0,0,0,0,1,3777.18,25017.73,2498.86,A
349,0,1,1,0,0,0,39.63,0,0,0,1,0,0,0,0,0,0,0,0,0,1,12048.15,34593.71,7299.56,None
350,0,1,0,0,1,0,29.44,0,1,0,0,0,0,0,0,0,0,0,0,0,1,12048.15,34593.71,7299.56,None
351,1,0,0,0,1,0,27.79,0,0,0,0,0,0,0,1,0,0,1,0,0,0,3197.57,11993.19,1374.47,None
352,1,0,1,0,0,0,32.96,2,0,0,0,0,1,0,0,0,0,0,1,0,0,7467.59,34680.22,1984.68,None
353,0,1,0,0,1,0,23.21,0,0,0,0,1,0,0,0,0,0,0,0,1,0,2987.97,42676.55,2496.35,None
354,1,0,0,0,1,0,33.99,0,0,0,0,0,0,0,1,0,0,1,0,0,0,3052.68,12092.85,851.02,None
355,1,0,1,0,0,0,50.18,0,0,0,1,0,0,0,0,0,0,1,0,0,0,511.38,7457.52,1153.44,None
356,1,0,1,0,0,0,41.31,2,1,0,0,0,0,0,0,0,0,1,0,0,0,511.38,7457.52,1153.44,None
357,1,0,0,0,0,1,38.84,1,0,0,1,0,0,0,0,0,0,0,0,1,0,9518.87,14494.98,1667.17,None
358,0,1,1,0,0,0,48.96,0,1,0,0,0,0,0,0,0,0,0,1,0,0,9518.87,14494.98,1667.17,A
359,1,0,0,0,0,1,70.1,1,0,0,0,0,0,0,0,0,1,1,0,0,0,1833.28,16831.52,924.95,None
360,1,0,0,0,0,1,37.96,2,0,0,0,1,0,0,0,0,0,0,1,0,0,7573.87,7463.45,582.86,None
361,1,0,1,0,0,0,37.81,0,0,0,0,0,0,0,1,0,0,0,1,0,0,6670.27,25640.38,527.66,None
362,0,1,0,0,0,1,62.28,3,1,0,0,0,0,0,0,0,0,0,1,0,0,6670.27,25640.38,527.66,None
363,0,1,1,0,0,0,25.93,2,0,0,0,0,1,0,0,0,0,0,1,0,0,4985.57,10973.46,2729.26,A
364,1,0,1,0,0,0,48.21,1,1,0,0,0,0,0,0,0,0,0,1,0,0,4985.57,10973.46,2729.26,A
365,0,1,1,0,0,0,28.07,0,0,0,0,1,0,0,0,0,0,0,1,0,0,5002.68,12144.19,2225.71,None
366,1,0,1,0,0,0,35.48,1,0,0,0,0,0,0,1,0,0,1,0,0,0,3356.19,8739.98,294.13,None
367,0,1,1,0,0,0,39.2,3,0,0,0,0,0,0,1,0,0,0,0,1,0,2889.19,12049.87,2636.81,None
368,0,1,0,0,0,1,45.01,3,0,0,1,0,0,0,0,0,0,0,1,0,0,8859.35,15480.89,1845.23,None
369,1,0,0,0,1,0,26.23,0,0,0,0,0,0,0,1,0,0,0,1,0,0,4951.78,26957.78,761.54,None
370,1,0,1,0,0,0,35.93,2,0,0,0,0,0,0,1,0,0,0,1,0,0,3124.31,17124.01,867.15,A
371,0,1,1,0,0,0,38.63,2,0,0,0,0,1,0,0,0,0,0,1,0,0,6307.21,25866.39,716.93,A
372,1,0,0,1,0,0,55.1,1,0,0,0,0,0,1,0,0,0,0,1,0,0,6710.38,27755.88,1209.6,None
373,0,1,0,0,0,1,69.66,0,0,0,0,0,0,0,0,0,1,0,0,1,0,5657.63,25986.84,1349.48,None
374,0,1,0,0,1,0,18.05,0,1,0,0,0,0,0,0,0,0,0,1,0,0,5657.63,25986.84,1349.48,None
375,1,0,1,0,0,0,38.33,0,0,0,0,0,1,0,0,0,0,1,0,0,0,1708.38,15048.69,480.3,None
376,1,0,0,1,0,0,81.56,2,0,0,0,0,0,0,0,0,1,0,1,0,0,3960.11,15056.3,679.79,None
377,1,0,0,0,0,1,71.72,1,0,0,0,0,0,0,0,0,1,0,1,0,0,2836.73,7133.06,243.67,None
378,1,0,0,0,1,0,47.55,0,0,0,0,0,0,0,1,0,0,0,1,0,0,7760.13,13585.9,1608.84,None
379,1,0,1,0,0,0,37.95,2,0,0,0,0,0,0,1,0,0,0,1,0,0,6338.04,33152.18,1795.56,A
380,0,1,1,0,0,0,39.2,2,0,0,0,0,1,0,0,0,0,0,1,0,0,6021.57,29708.62,2023.66,A
381,0,1,0,1,0,0,59.76,2,0,0,1,0,0,0,0,0,0,0,0,1,0,7019.95,12112.66,3000.81,None
382,1,0,0,0,0,1,38.53,1,1,0,0,0,0,0,0,0,0,0,1,0,0,7019.95,12112.66,3000.81,None
383,1,0,1,0,0,0,59.65,0,0,0,0,0,1,0,0,0,0,0,1,0,0,3420.04,24980.83,3009.88,None
384,1,0,0,0,0,1,42.3,1,0,0,1,0,0,0,0,0,0,0,0,1,0,4630.31,28998.11,3166.05,None
385,1,0,0,0,0,1,26.6,1,0,0,0,1,0,0,0,0,0,1,0,0,0,1804.89,10185.35,687.71,None
386,0,1,0,0,1,0,43.98,0,0,0,0,0,0,0,1,0,0,0,0,0,1,4856.72,29800.92,3829.94,None
387,1,0,0,0,1,0,40.55,0,0,0,0,0,0,1,0,0,0,0,1,0,0,7035.51,44155.93,3188.92,None
388,0,1,0,0,1,0,47.89,0,0,0,0,0,0,0,1,0,0,1,0,0,0,1426.36,4914.78,1328.45,None
389,0,1,1,0,0,0,49.97,3,0,0,1,0,0,0,0,0,0,0,1,0,0,6182.02,35875.1,1303.76,None
390,1,0,0,0,1,0,45.12,0,0,0,0,1,0,0,0,0,0,1,0,0,0,2441.51,14167.96,924.49,None
391,0,1,1,0,0,0,59.58,0,0,1,0,0,0,0,0,0,0,1,0,0,0,2973.54,3234.87,1017.62,None
392,1,0,1,0,0,0,44.07,2,0,0,1,0,0,0,0,0,0,1,0,0,0,767.75,11850.44,1325.96,None
393,0,1,1,0,0,0,37.71,0,0,0,0,0,0,1,0,0,0,1,0,0,0,3216.32,7789.15,1319.78,None
394,0,1,1,0,0,0,43.64,2,0,0,0,0,0,0,1,0,0,1,0,0,0,1926.66,14675,1185.01,None
395,0,1,0,0,1,0,25.99,0,0,1,0,0,0,0,0,0,0,0,0,0,1,11239.19,55977.79,4318.37,None
396,0,1,0,0,1,0,27.74,0,1,0,0,0,0,0,0,0,0,0,0,1,0,11239.19,55977.79,4318.37,B
397,1,0,1,0,0,0,40.87,2,0,0,0,0,0,1,0,0,0,1,0,0,0,2884.27,10959.44,1065.22,None
398,0,1,1,0,0,0,44.59,2,0,1,0,0,0,0,0,0,0,0,0,0,1,6724.33,30160.66,3153.15,None
399,1,0,0,0,1,0,24.72,0,1,0,0,0,0,0,0,0,0,0,1,0,0,6724.33,30160.66,3153.15,None
400,0,1,0,0,1,0,19.69,0,0,0,1,0,0,0,0,0,0,0,1,0,0,5937.34,25586.27,1342.67,None
401,0,1,0,1,0,0,57.03,0,0,0,0,1,0,0,0,0,0,0,1,0,0,4441.41,1590.23,748.14,None
402,1,0,1,0,0,0,30.93,2,0,0,0,1,0,0,0,0,0,0,1,0,0,4180.72,8735.23,1499.7,A
403,1,0,1,0,0,0,39.52,2,0,0,0,1,0,0,0,0,0,1,0,0,0,4166.72,15307.29,236.68,A
404,1,0,0,0,0,1,32.59,1,0,0,0,0,1,0,0,0,0,0,1,0,0,4906.49,23105.66,1834.93,None
405,1,0,0,0,1,0,22.22,0,0,0,0,1,0,0,0,0,0,0,0,1,0,5636.37,25011.36,2535.67,None
406,0,1,0,0,0,1,47.06,1,0,0,1,0,0,0,0,0,0,1,0,0,0,1257.84,19956.19,425.87,None
407,1,0,1,0,0,0,39.96,3,0,0,0,0,1,0,0,0,0,1,0,0,0,2253.39,13349.16,777.23,A
408,1,0,0,0,0,1,47.29,4,0,1,0,0,0,0,0,0,0,0,0,1,0,3900.43,15212.5,883,None
409,1,0,1,0,0,0,40.26,1,0,0,0,0,1,0,0,0,0,1,0,0,0,3286.1,18494.87,1221.27,None
410,1,0,0,0,1,0,28,0,0,0,0,1,0,0,0,0,0,1,0,0,0,1843.91,4531.9,1208.46,None
411,0,1,1,0,0,0,57.46,1,0,0,0,0,0,1,0,0,0,1,0,0,0,4661.25,23557.58,1737.89,None
412,1,0,0,0,0,1,42.3,3,0,0,0,0,0,1,0,0,0,0,1,0,0,6728.16,31189.5,3695.57,None
413,1,0,1,0,0,0,40,0,0,0,0,0,1,0,0,0,0,0,0,1,0,10653.49,30033.14,4103.15,None
414,1,0,0,0,0,1,50.04,1,0,0,0,0,0,0,1,0,0,0,1,0,0,5298.03,33920.4,1500.14,None
415,1,0,0,0,0,1,51.41,1,0,0,0,0,1,0,0,0,0,1,0,0,0,3434.82,17621.82,1209.87,None
416,0,1,0,0,1,0,41.63,0,0,0,1,0,0,0,0,0,0,1,0,0,0,1282,15890.52,1446.68,None
417,0,1,0,0,1,0,20,0,0,0,0,0,1,0,0,0,0,0,1,0,0,6776.93,32781.6,2804.99,None
418,0,1,1,0,0,0,25.31,2,0,0,0,0,1,0,0,0,0,1,0,0,0,2015.87,14953.83,1199.88,None
419,1,0,1,0,0,0,40.15,1,0,0,0,1,0,0,0,0,0,0,0,1,0,7538.49,4638.31,1880.18,None
420,0,1,0,0,0,1,47.2,2,0,0,1,0,0,0,0,0,0,1,0,0,0,2360.47,13504.55,2195.52,None
421,1,0,1,0,0,0,49.11,2,0,0,1,0,0,0,0,0,0,0,1,0,0,9219.76,28814.28,1230.7,A
422,0,1,1,0,0,0,32.64,1,0,0,0,0,0,1,0,0,0,0,1,0,0,10283.55,30008.13,1748.56,A
423,0,1,0,0,1,0,18.13,0,0,1,0,0,0,0,0,0,0,0,1,0,0,2349.42,9989.01,1007.41,None
424,1,0,0,0,1,0,34.08,0,0,0,0,0,1,0,0,0,0,0,1,0,0,3995.66,16378.48,2116.76,None
425,1,0,0,0,1,0,36.11,0,0,0,0,0,0,0,1,0,0,0,1,0,0,6934.92,26534.28,1434.66,None
426,0,1,0,0,1,0,45.81,0,0,0,0,0,1,0,0,0,0,1,0,0,0,1743.26,14885.43,1206.65,None
427,1,0,0,0,0,1,41.38,4,0,0,0,0,0,0,1,0,0,0,0,1,0,7996.04,35515.14,2094.92,None
428,1,0,0,0,0,1,66.65,1,0,0,0,0,0,0,0,0,1,0,0,1,0,4425.45,29600.36,1122.1,None
429,1,0,1,0,0,0,37.75,3,0,1,0,0,0,0,0,0,0,1,0,0,0,2044.98,13226.12,181.69,None
430,0,1,0,0,1,0,27.22,0,0,0,0,1,0,0,0,0,0,0,1,0,0,4706.28,20140.35,1368.86,None
431,1,0,0,0,1,0,27.96,0,0,0,0,1,0,0,0,0,0,0,1,0,0,7295.89,25399.72,1505.92,None
432,1,0,0,0,0,1,44.79,1,0,0,1,0,0,0,0,0,0,1,0,0,0,1093.26,17643.79,1357.15,None
433,0,1,0,0,0,1,59.06,2,0,1,0,0,0,0,0,0,0,1,0,0,0,1539.08,21834.78,776.93,None
434,0,1,0,0,1,0,24.35,0,0,0,0,0,0,0,1,0,0,1,0,0,0,2048.54,11285.16,978.51,None
435,1,0,0,0,0,1,41.92,2,0,0,0,1,0,0,0,0,0,0,0,1,0,2500.22,16570.72,2739.64,None
436,1,0,0,0,0,1,72.92,2,0,0,0,0,0,0,0,0,1,0,0,1,0,5358.66,10731.84,1063.16,None
437,1,0,0,0,0,1,48.5,0,1,0,0,0,0,0,0,0,0,0,0,1,0,5358.66,10731.84,1063.16,None
438,0,1,0,0,0,1,46.27,0,0,0,0,0,0,0,1,0,0,0,1,0,0,5797.69,36154.76,1410.4,None
439,1,0,0,0,1,0,29.83,0,0,0,0,1,0,0,0,0,0,0,0,1,0,7797.2,25054.15,3970.1,None
440,0,1,0,1,0,0,79.78,0,0,0,0,0,0,0,0,0,1,0,1,0,0,3667.55,15010.56,665.02,None
441,0,1,0,0,1,0,21.53,0,0,0,0,0,1,0,0,0,0,0,1,0,0,9941.92,18677.31,2009.22,None
442,1,0,0,0,0,1,41.65,0,0,1,0,0,0,0,0,0,0,0,1,0,0,3176.8,20000.59,780.2,None
443,1,0,0,0,1,0,45.23,0,0,0,0,1,0,0,0,0,0,0,0,1,0,6684.38,27636.88,3950.75,None
444,1,0,0,0,1,0,23.55,0,0,0,0,0,0,1,0,0,0,1,0,0,0,3000.36,26802.91,929.53,None
445,0,1,0,1,0,0,59.71,2,0,1,0,0,0,0,0,0,0,1,0,0,0,2647.72,12061.22,84.43,None
446,0,1,0,0,0,1,41.72,2,0,0,0,1,0,0,0,0,0,0,1,0,0,2485.13,23438.27,1462.45,None
447,0,1,1,0,0,0,32.63,4,0,0,1,0,0,0,0,0,0,1,0,0,0,1730.58,16511.9,1851.99,None
448,1,0,0,0,0,1,27.43,2,0,1,0,0,0,0,0,0,0,1,0,0,0,2035.53,11471.68,439.72,None
449,1,0,1,0,0,0,56.83,1,0,0,1,0,0,0,0,0,0,1,0,0,0,2371.89,21955.26,1614.6,None
450,1,0,1,0,0,0,33.35,1,0,0,0,0,0,1,0,0,0,0,1,0,0,4437.66,19844.82,2489.46,A
451,1,0,0,0,1,0,25.82,0,0,0,1,0,0,0,0,0,0,0,1,0,0,2350.48,26244.81,2214.36,None
452,1,0,1,0,0,0,59.96,0,0,0,1,0,0,0,0,0,0,0,1,0,0,7351.53,33034.05,674.53,None
453,0,1,0,0,0,1,43.19,0,0,0,0,1,0,0,0,0,0,0,1,0,0,4449.75,22624.1,1274.35,None
454,0,1,0,0,0,1,41.15,0,0,0,1,0,0,0,0,0,0,1,0,0,0,738.95,15779.52,1382.27,None
455,1,0,1,0,0,0,51.92,1,0,1,0,0,0,0,0,0,0,0,0,1,0,4892.6,25482.14,2894.78,A
456,0,1,1,0,0,0,36.28,1,0,1,0,0,0,0,0,0,0,1,0,0,0,1591,10211.59,916.71,None
457,1,0,1,0,0,0,51.17,0,0,0,0,0,1,0,0,0,0,0,0,1,0,9308.28,30079.84,1885.25,None
458,0,1,0,0,1,0,27.51,0,0,0,0,0,0,0,1,0,0,0,1,0,0,6062.1,20560.95,1295.14,None
459,1,0,1,0,0,0,28.16,1,0,0,0,0,0,1,0,0,0,0,1,0,0,2880.85,29718.85,2538.6,A
460,0,1,1,0,0,0,68.16,0,0,0,0,0,0,0,0,0,1,1,0,0,0,1951.32,2700.51,765.54,None
461,1,0,0,0,1,0,34,0,0,0,1,0,0,0,0,0,0,0,1,0,0,7185.3,23265.02,1103.85,None
462,1,0,0,0,1,0,44.57,0,0,0,0,0,0,0,1,0,0,1,0,0,0,1674.91,14522.72,488.82,None
463,1,0,1,0,0,0,36.81,2,0,0,0,0,0,0,1,0,0,0,1,0,0,5223.23,19613.9,2069.82,None
464,0,1,1,0,0,0,30.86,3,0,0,0,0,0,0,1,0,0,0,1,0,0,4975.3,17166.43,1169.43,None
465,1,0,0,0,1,0,41.86,0,0,0,1,0,0,0,0,0,0,0,0,1,0,3652.92,30785.56,3152.84,None
466,0,1,0,0,1,0,32.12,0,0,0,0,0,1,0,0,0,0,0,1,0,0,6000.39,24503.51,787.1,None
467,1,0,1,0,0,0,38.82,2,0,0,1,0,0,0,0,0,0,0,0,0,1,12786.15,33769.61,2758.88,None
468,0,1,1,0,0,0,55.76,1,0,0,0,1,0,0,0,0,0,0,0,1,0,13393.43,3794.19,2492.07,None
469,1,0,0,0,1,0,27.94,0,0,0,0,0,1,0,0,0,0,1,0,0,0,2987.61,13622.4,547.52,None
470,0,1,0,0,1,0,47.48,0,0,0,0,0,0,0,1,0,0,1,0,0,0,1138.75,6919.85,341.5,None
471,1,0,0,0,0,1,64.89,2,0,0,0,0,0,0,1,0,0,1,0,0,0,1791.56,11295.41,799.94,None
472,0,1,0,1,0,0,58.66,0,0,0,0,1,0,0,0,0,0,0,1,0,0,5006.93,10404.44,1448.95,None
473,1,0,0,0,1,0,28.03,0,0,0,0,0,1,0,0,0,0,0,1,0,0,6163.24,11725.56,2001.96,B
474,0,1,0,0,0,1,31.26,1,0,0,0,0,0,0,1,0,0,0,0,0,1,3514.06,55554.49,3809.98,None
475,1,0,0,1,0,0,58.72,1,0,0,0,0,1,0,0,0,0,0,0,0,1,7700.25,45038.76,2355.94,None
476,0,1,0,0,0,1,67.84,2,0,0,0,0,0,0,0,0,1,0,0,1,0,2625.81,20696.63,867.35,None
477,0,1,0,0,1,0,27.05,0,0,0,1,0,0,0,0,0,0,1,0,0,0,2374.29,16314.95,746.54,None
478,0,1,1,0,0,0,38.76,2,0,0,1,0,0,0,0,0,0,0,0,0,1,16070.13,49844.14,4705.1,None
479,0,1,0,0,0,1,42.64,2,0,0,0,1,0,0,0,0,0,0,1,0,0,6406.75,39372.53,1783.25,None
480,0,1,0,0,0,1,45.32,1,0,0,0,0,0,0,0,1,0,0,1,0,0,10719.57,29524.05,2074.57,None
481,0,1,0,0,1,0,23.65,0,0,0,0,0,0,0,1,0,0,1,0,0,0,1121.06,12028.5,1285.31,None
482,1,0,0,0,0,1,71.11,0,0,0,0,0,0,0,0,0,1,0,1,0,0,3261.51,12437.5,1138.77,None
483,1,0,1,0,0,0,30.46,0,0,0,0,1,0,0,0,0,0,0,0,1,0,8210.81,13904.08,2881.68,A
484,1,0,1,0,0,0,43.98,2,0,0,0,0,0,1,0,0,0,1,0,0,0,3165.79,8494.17,1903.63,None
485,1,0,0,0,1,0,20.28,0,0,0,0,0,0,1,0,0,0,0,1,0,0,6781.92,21991.83,2884,B
486,1,0,1,0,0,0,26.86,2,0,1,0,0,0,0,0,0,0,0,1,0,0,2109.48,19095.84,1103.11,None
487,0,1,0,1,0,0,51.84,2,0,1,0,0,0,0,0,0,0,0,1,0,0,5959.18,4796.45,1720.6,None
488,0,1,1,0,0,0,35.5,0,0,0,0,0,1,0,0,0,0,0,0,1,0,13632.16,39115.7,1235.37,None
489,0,1,1,0,0,0,40.83,0,0,0,1,0,0,0,0,0,0,0,1,0,0,4203.52,17934.65,1215.02,None
490,0,1,0,0,1,0,25.53,0,0,0,0,0,1,0,0,0,0,1,0,0,0,1990.25,17078.56,1141.5,None
491,0,1,0,0,0,1,34.9,0,0,0,0,1,0,0,0,0,0,1,0,0,0,2564.85,18698.4,768.51,None
492,0,1,0,0,0,1,57.09,1,0,0,1,0,0,0,0,0,0,0,0,1,0,12961.14,29922.37,1981.44,None
493,0,1,0,0,1,0,40.81,0,0,1,0,0,0,0,0,0,0,0,1,0,0,3907.75,19774.9,1484.8,None
494,0,1,1,0,0,0,67.7,2,0,0,0,0,0,0,0,0,1,0,1,0,0,3500.03,15629.71,361.46,None
495,0,1,1,0,0,0,38.96,3,0,0,1,0,0,0,0,0,0,1,0,0,0,1926.55,15713.06,875.48,A
496,0,1,1,0,0,0,45.42,4,1,0,0,0,0,0,0,0,0,0,0,0,1,1926.55,15713.06,875.48,A
497,1,0,0,0,1,0,28.01,0,0,0,0,0,0,1,0,0,0,1,0,0,0,2312.22,16175.42,1226.34,None
498,0,1,0,0,0,1,59.35,1,0,0,0,0,0,0,1,0,0,0,1,0,0,7478.17,4814.42,2436.66,None
499,1,0,0,0,1,0,23.14,0,0,1,0,0,0,0,0,0,0,1,0,0,0,1793.76,16597.95,595.33,B
500,1,0,0,0,1,0,25.05,0,0,0,1,0,0,0,0,0,0,1,0,0,0,2569.11,18864.38,724.63,None
501,1,0,0,0,0,1,52.36,2,0,0,0,1,0,0,0,0,0,0,0,0,1,11524.54,20139.88,6080.2,None
502,1,0,1,0,0,0,52.27,0,0,0,0,0,0,0,0,1,0,0,0,0,1,11564.12,60286.61,4299.58,None
503,1,0,1,0,0,0,39.84,3,0,0,1,0,0,0,0,0,0,0,1,0,0,4421.93,28299.57,2460.58,None
504,0,1,0,1,0,0,45.28,4,0,0,0,0,0,1,0,0,0,0,1,0,0,7000.99,19806.22,2508.43,None
505,1,0,1,0,0,0,36.61,0,0,0,1,0,0,0,0,0,0,1,0,0,0,661.03,18118.42,2003.13,None
506,0,1,1,0,0,0,20.2,0,1,0,0,0,0,0,0,0,0,0,1,0,0,661.03,18118.42,2003.13,None
507,1,0,0,0,0,1,47.56,3,0,0,1,0,0,0,0,0,0,0,0,1,0,8414.09,41495.14,2999.48,None
508,1,0,0,0,1,0,28.17,0,0,1,0,0,0,0,0,0,0,0,1,0,0,4007.31,15915.4,1159.84,None
509,0,1,0,0,1,0,27.84,0,0,0,0,1,0,0,0,0,0,0,1,0,0,3327.88,5597.75,1518.82,None
510,1,0,0,0,1,0,32.37,0,0,0,1,0,0,0,0,0,0,0,1,0,0,2588.95,15714.75,3062.53,None
511,1,0,0,0,1,0,25.82,0,0,0,1,0,0,0,0,0,0,0,0,1,0,7689.36,33416.4,1990.2,None
512,1,0,1,0,0,0,33.64,0,0,1,0,0,0,0,0,0,0,0,1,0,0,3473.84,19627.13,206.98,None
513,0,1,0,0,1,0,39.5,0,0,0,0,0,1,0,0,0,0,0,1,0,0,7128.14,26372.59,2004.44,None
514,0,1,0,0,1,0,23.73,0,0,0,0,1,0,0,0,0,0,0,1,0,0,4964.64,33168.59,1383.66,None
515,1,0,0,0,1,0,40.04,0,0,0,1,0,0,0,0,0,0,0,1,0,0,6009.25,22844.52,1212.4,None
516,0,1,0,0,1,0,25.08,0,0,0,0,0,0,0,1,0,0,0,0,1,0,9923.55,15604.72,2390.99,B
517,1,0,1,0,0,0,54.59,2,0,0,0,0,0,0,1,0,0,1,0,0,0,1086.68,12004.37,1325.86,None
518,0,1,1,0,0,0,32.14,0,1,0,0,0,0,0,0,0,0,0,0,0,1,1086.68,12004.37,1325.86,None
519,0,1,0,0,0,1,28.32,2,0,0,0,1,0,0,0,0,0,1,0,0,0,2545.87,16096.29,669.68,None
520,1,0,1,0,0,0,38.67,2,0,0,1,0,0,0,0,0,0,0,1,0,0,6010.26,24031.64,1818.17,None
521,0,1,0,0,1,0,28.51,0,0,0,0,0,0,1,0,0,0,0,1,0,0,6886.37,29409.99,2183.31,None
522,1,0,1,0,0,0,39.94,0,0,0,0,0,0,0,1,0,0,0,1,0,0,2422.48,19799.41,671.26,None
523,1,0,0,0,0,1,72.76,3,0,0,0,0,0,0,0,0,1,1,0,0,0,1720.76,9972.16,507.67,None
524,1,0,0,0,0,1,65.93,1,0,0,0,0,0,0,0,0,1,1,0,0,0,369.52,11737.27,501.45,None
525,0,1,1,0,0,0,37.34,2,0,0,0,0,0,0,1,0,0,0,1,0,0,5386.55,36293.6,2308.35,None
526,1,0,0,1,0,0,63.37,1,0,0,1,0,0,0,0,0,0,0,0,1,0,8904.19,42256.39,3002.36,None
527,0,1,0,0,1,0,20.06,0,0,0,1,0,0,0,0,0,0,0,1,0,0,2431.12,26988.85,2345.84,None
528,1,0,1,0,0,0,67.27,0,0,0,0,0,0,0,0,0,1,1,0,0,0,849.11,9750.49,808.63,None
529,1,0,0,0,0,1,37.47,1,0,1,0,0,0,0,0,0,0,0,0,0,1,2280.32,36550.24,4633.44,None
530,1,0,1,0,0,0,39.88,1,0,0,1,0,0,0,0,0,0,1,0,0,0,1669.85,21423.57,1399.68,None
531,1,0,1,0,0,0,31.23,2,0,1,0,0,0,0,0,0,0,1,0,0,0,2642.01,19508.46,966.06,A
532,1,0,1,0,0,0,63.52,3,0,0,0,1,0,0,0,0,0,1,0,0,0,2723.4,21821.02,1324.28,None
533,0,1,1,0,0,0,24.03,1,0,0,0,0,1,0,0,0,0,1,0,0,0,668.36,8383.41,1290.08,A
534,1,0,1,0,0,0,31.49,0,0,0,1,0,0,0,0,0,0,0,0,1,0,6800.7,44445.76,4463.2,None
535,1,0,0,1,0,0,81.65,1,0,0,0,0,0,0,0,0,1,0,1,0,0,3500,23900.27,1053.77,None
536,1,0,0,0,1,0,27.66,0,0,0,1,0,0,0,0,0,0,1,0,0,0,3496.41,25664.44,1258.45,B
537,0,1,0,0,0,1,56.74,2,1,0,0,0,0,0,0,0,0,1,0,0,0,3496.41,25664.44,1258.45,None
538,0,1,1,0,0,0,39.47,3,1,0,0,0,0,0,0,0,0,0,0,0,1,3496.41,25664.44,1258.45,None
539,1,0,0,0,1,0,47.27,0,1,0,0,0,0,0,0,0,0,1,0,0,0,3496.41,25664.44,1258.45,None
540,0,1,0,1,0,0,74.32,2,0,0,0,0,0,0,0,0,1,0,0,1,0,5635.27,29054.95,1202.14,None
541,1,0,0,0,1,0,22.18,0,0,0,0,0,1,0,0,0,0,1,0,0,0,1978.39,24109.96,1201.7,None
542,0,1,0,0,1,0,28.09,0,0,0,0,1,0,0,0,0,0,1,0,0,0,4328.09,17795.27,476.61,B
543,0,1,0,0,1,0,28,0,0,0,1,0,0,0,0,0,0,0,1,0,0,3490.7,23951.87,2029.82,None
544,0,1,0,0,0,1,49.02,2,0,0,1,0,0,0,0,0,0,0,1,0,0,2103.48,18577.7,995.2,None
545,1,0,0,0,0,1,33.37,1,0,0,0,0,0,0,0,1,0,1,0,0,0,782.64,15740.16,2098.98,None
546,0,1,1,0,0,0,53.59,3,0,0,0,1,0,0,0,0,0,1,0,0,0,2973.28,12826.05,947.26,A
547,0,1,1,0,0,0,59.33,1,0,0,0,0,0,0,0,1,0,0,0,1,0,5827.99,51649.47,5181,None
548,1,0,1,0,0,0,40,0,0,0,1,0,0,0,0,0,0,1,0,0,0,1927.54,8991.29,1003.8,None
549,1,0,0,0,0,1,59.63,3,0,0,1,0,0,0,0,0,0,0,0,1,0,12837.16,15063.45,3669.4,None
550,1,0,1,0,0,0,42.64,1,0,0,0,1,0,0,0,0,0,0,1,0,0,6464.9,20359.66,724.33,None
551,1,0,0,0,1,0,47.58,0,0,0,0,1,0,0,0,0,0,0,1,0,0,2772.29,37824.75,1302.39,None
552,0,1,1,0,0,0,45.57,0,0,0,0,0,0,1,0,0,0,0,1,0,0,7436.51,29997.64,2585.14,None
553,1,0,0,0,1,0,23.23,0,0,0,0,0,0,0,1,0,0,0,0,1,0,8593.5,25264.35,1916.31,None
554,0,1,1,0,0,0,32.28,2,0,0,0,0,0,0,1,0,0,0,1,0,0,3558.33,19216.65,713.24,A
555,1,0,1,0,0,0,61.78,2,0,0,0,1,0,0,0,0,0,1,0,0,0,2573.98,12465.27,673.91,A
556,1,0,0,0,0,1,26.02,4,0,0,0,0,1,0,0,0,0,0,0,1,0,7491.84,32860.11,3965.97,None
557,1,0,0,0,0,1,43.12,2,0,1,0,0,0,0,0,0,0,0,0,0,1,8206.02,13127.97,3001.39,None
558,0,1,0,0,0,1,37.27,3,0,0,0,0,0,0,1,0,0,0,0,0,1,16029.98,6796.77,5218.89,None
559,0,1,0,0,0,1,28.27,1,0,0,1,0,0,0,0,0,0,0,1,0,0,8350.2,37003.44,1985.23,None
560,0,1,1,0,0,0,39.54,0,0,0,0,0,0,0,1,0,0,0,1,0,0,4309.54,7927.33,1483.46,A
561,1,0,0,0,0,1,25.4,0,0,0,0,0,0,0,1,0,0,0,0,1,0,9358.84,22671.85,2623.8,None
562,1,0,1,0,0,0,64.84,1,0,1,0,0,0,0,0,0,0,0,0,0,1,7233.79,41562.61,2924.97,A
563,1,0,0,0,1,0,21.01,0,0,0,0,1,0,0,0,0,0,0,0,0,1,11982.47,53421.89,1783.68,B
564,1,0,0,0,1,0,31.34,0,0,0,0,0,1,0,0,0,0,0,0,1,0,9092.44,17367.56,3472.77,None
565,1,0,0,1,0,0,83.39,3,0,0,0,0,0,0,0,0,1,0,0,1,0,4534.29,18716.42,890.08,None
566,1,0,0,0,1,0,19.48,0,0,0,0,0,0,0,1,0,0,0,1,0,0,5784.71,17111.17,2196.83,None
567,0,1,1,0,0,0,49.75,1,0,0,0,1,0,0,0,0,0,0,1,0,0,2964.94,29658.66,673.27,None
568,0,1,1,0,0,0,39.52,2,0,0,0,0,0,0,1,0,0,1,0,0,0,2219.61,16136.1,280.08,A
569,1,0,0,0,1,0,28,0,1,0,0,0,0,0,0,0,0,1,0,0,0,2219.61,16136.1,280.08,None
570,0,1,1,0,0,0,40.87,1,1,0,0,0,0,0,0,0,0,1,0,0,0,2219.61,16136.1,280.08,None
571,1,0,1,0,0,0,29.26,1,0,0,0,0,1,0,0,0,0,1,0,0,0,1980.27,12651.33,1287.25,None
572,0,1,0,0,0,1,48.92,2,0,0,0,0,1,0,0,0,0,0,0,0,1,10970.75,33154.26,6616.19,None
573,1,0,0,0,0,1,32.66,0,0,0,0,0,1,0,0,0,0,0,0,1,0,7297.42,46047.68,4702.1,None
574,1,0,0,0,0,1,45.12,4,0,0,1,0,0,0,0,0,0,0,1,0,0,4701.98,19347.37,2230.32,None
575,0,1,0,0,0,1,38.5,0,0,0,0,0,1,0,0,0,0,1,0,0,0,2145.01,25493.3,1536.71,None
576,0,1,0,0,0,1,73.59,1,0,0,0,0,0,0,0,0,1,0,1,0,0,3435.89,12174.21,863.93,None
577,0,1,1,0,0,0,40,1,0,0,0,1,0,0,0,0,0,1,0,0,0,3466.81,10199.24,239.32,None
578,1,0,0,0,1,0,27.52,0,0,0,0,0,0,0,1,0,0,0,1,0,0,5001.26,19843.27,1535.52,None
579,1,0,1,0,0,0,40.02,0,0,0,0,0,0,0,1,0,0,1,0,0,0,3157.55,12058.29,281.39,None
580,1,0,0,0,0,1,37.37,3,0,0,1,0,0,0,0,0,0,0,1,0,0,6633.34,16885.31,3406.88,None
581,0,1,0,0,1,0,18.86,0,0,0,0,0,0,0,1,0,0,0,1,0,0,2863.63,19999.31,1954.86,None
582,0,1,1,0,0,0,65.63,2,0,0,0,0,0,0,0,0,1,0,1,0,0,2622.6,15668.92,330.88,None
583,1,0,0,0,0,1,28.05,3,0,0,0,1,0,0,0,0,0,0,0,1,0,7708.39,19249.76,2485.03,B
584,1,0,0,0,0,1,55.56,1,0,0,0,1,0,0,0,0,0,1,0,0,0,3241.13,11092.16,799.95,None
585,1,0,0,0,1,0,39.2,0,0,0,0,0,0,1,0,0,0,1,0,0,0,3094.49,8101.6,1704.52,None
586,1,0,1,0,0,0,41.41,2,0,0,0,1,0,0,0,0,0,0,1,0,0,7892.99,8815.18,1638.76,None
587,0,1,0,1,0,0,60,2,0,0,0,1,0,0,0,0,0,0,1,0,0,4606.89,25168.39,560.9,None
588,1,0,0,1,0,0,77.2,1,0,0,0,0,0,0,0,0,1,0,1,0,0,4851.14,23010.71,1765.31,None
589,1,0,1,0,0,0,39.15,2,0,0,0,0,0,0,1,0,0,0,0,1,0,8191.96,25443.89,3700.28,None
590,1,0,1,0,0,0,43.03,2,0,0,0,1,0,0,0,0,0,1,0,0,0,619.15,2872.72,1216.9,A
591,1,0,0,0,0,1,51.02,1,0,1,0,0,0,0,0,0,0,0,0,1,0,4356.52,33630.3,913.01,None
592,1,0,0,1,0,0,65.19,0,0,0,0,0,0,0,0,0,1,1,0,0,0,781.87,17593.72,652.56,None
593,1,0,0,0,1,0,20.05,0,0,0,1,0,0,0,0,0,0,1,0,0,0,1756.45,7872.09,1199.28,B
594,0,1,0,0,1,0,46.44,0,0,0,0,0,0,0,0,1,0,0,0,1,0,7119.24,33107.69,4774.8,None
595,1,0,0,1,0,0,59.72,2,0,1,0,0,0,0,0,0,0,0,0,0,1,7999.92,44733.84,3010.56,None
596,0,1,0,0,1,0,28,0,0,0,0,1,0,0,0,0,0,0,0,0,1,10121.36,46721.65,3037.19,None
597,1,0,1,0,0,0,31.68,1,0,0,0,0,0,0,1,0,0,1,0,0,0,2730.97,15406.86,830.33,None
598,0,1,0,0,0,1,44.99,2,0,0,0,1,0,0,0,0,0,1,0,0,0,1028.85,9153.72,1082.24,None
599,1,0,0,0,1,0,37.35,0,0,0,0,0,0,0,1,0,0,1,0,0,0,2368.34,6049.24,1076.91,None
600,0,1,1,0,0,0,49.01,1,0,1,0,0,0,0,0,0,0,1,0,0,0,756.7,6730.93,45.76,None
601,0,1,0,0,1,0,32.81,0,0,0,1,0,0,0,0,0,0,1,0,0,0,3361.07,15616.08,2119.05,None
602,1,0,0,0,1,0,44.21,0,0,0,0,1,0,0,0,0,0,1,0,0,0,2418.01,12000.81,582.9,None
603,1,0,1,0,0,0,35.56,2,1,0,0,0,0,0,0,0,0,0,1,0,0,2418.01,12000.81,582.9,A
604,1,0,0,0,0,1,36.61,1,0,0,0,1,0,0,0,0,0,1,0,0,0,1534.41,12415.32,804.11,None
605,0,1,0,0,1,0,23.23,0,0,0,0,1,0,0,0,0,0,0,0,1,0,8675.55,10094.5,2773.25,None
606,1,0,1,0,0,0,49.03,2,0,0,0,0,0,1,0,0,0,0,1,0,0,7440.09,30042.31,2085.96,A
607,0,1,0,0,1,0,28.07,0,0,0,1,0,0,0,0,0,0,1,0,0,0,565.66,15456.75,1865,None
608,1,0,1,0,0,0,39.04,0,0,0,0,0,1,0,0,0,0,0,1,0,0,8156.1,33611.17,1846.41,None
609,1,0,1,0,0,0,26.46,0,0,0,1,0,0,0,0,0,0,0,0,1,0,4282.88,19819.25,1930.6,None
610,0,1,1,0,0,0,66.64,0,0,0,0,0,0,0,0,0,1,1,0,0,0,2282.95,9194.57,456.02,None
611,1,0,1,0,0,0,41.87,0,0,0,1,0,0,0,0,0,0,1,0,0,0,1025.4,16198.76,937.61,None
612,1,0,1,0,0,0,41.21,0,0,0,0,0,0,0,1,0,0,0,1,0,0,5008.93,22921.57,1181.78,None
613,0,1,1,0,0,0,63.06,2,0,0,0,0,0,0,1,0,0,1,0,0,0,3620.18,12329.6,820.9,A
614,0,1,1,0,0,0,39.74,1,1,0,0,0,0,0,0,0,0,1,0,0,0,3620.18,12329.6,820.9,None
615,1,0,1,0,0,0,50.07,0,0,0,0,0,0,0,1,0,0,0,1,0,0,5324.57,21972.23,1471.24,None
616,1,0,1,0,0,0,37.61,4,0,0,0,0,0,1,0,0,0,0,1,0,0,5396.38,12431.43,991.05,None
617,0,1,0,0,1,0,41.8,0,0,1,0,0,0,0,0,0,0,0,1,0,0,4017.73,19989.3,947.94,None
618,0,1,1,0,0,0,20,3,0,0,0,1,0,0,0,0,0,1,0,0,0,4162.98,11377.4,744.48,None
619,0,1,1,0,0,0,26.66,1,0,1,0,0,0,0,0,0,0,0,1,0,0,3913,22076.67,1668.99,None
620,0,1,0,0,1,0,20.93,0,0,0,0,1,0,0,0,0,0,0,0,1,0,9983.88,24035.64,2787.52,None
621,0,1,0,0,1,0,19.33,0,0,1,0,0,0,0,0,0,0,1,0,0,0,3401.64,14374.65,69.49,None
622,1,0,0,0,0,1,68.35,3,0,0,0,0,0,0,0,0,1,0,0,0,1,7723.52,19855.56,1013.21,None
623,0,1,0,0,1,0,30.81,0,0,0,0,1,0,0,0,0,0,1,0,0,0,1001.33,12018.35,209.87,None
624,1,0,0,1,0,0,56.01,1,0,1,0,0,0,0,0,0,0,0,1,0,0,4140.42,5780.7,1724.59,None
625,1,0,0,0,0,1,30.45,1,0,0,0,0,1,0,0,0,0,0,1,0,0,5358.98,22221.96,2416.88,None
626,0,1,1,0,0,0,35.05,2,0,0,1,0,0,0,0,0,0,0,1,0,0,5295.53,22866.75,2174.63,A
627,0,1,0,0,1,0,25.63,0,0,0,0,0,0,1,0,0,0,0,1,0,0,11887.31,22585.61,3944.5,None
628,0,1,0,1,0,0,69.61,0,0,0,0,0,0,0,0,0,1,0,1,0,0,2842.85,15448.78,1147.37,None
629,0,1,0,1,0,0,59.83,0,0,0,0,0,0,0,1,0,0,1,0,0,0,2528.92,11847.88,770.2,None
630,1,0,0,1,0,0,70.02,0,0,0,0,0,0,0,0,0,1,0,0,1,0,2446.3,33356.61,1240.91,None
631,0,1,1,0,0,0,25.64,2,0,0,0,0,0,0,0,1,0,0,0,0,1,9756.36,55843.17,5122.79,A
632,1,0,1,0,0,0,39.18,2,0,1,0,0,0,0,0,0,0,0,0,0,1,9691.79,24948.8,949.69,None
633,1,0,0,0,0,1,64.73,1,0,0,0,1,0,0,0,0,0,0,0,0,1,12942.22,54919.07,1174.71,None
634,0,1,1,0,0,0,59.45,2,0,0,1,0,0,0,0,0,0,0,0,1,0,10426.73,29460.48,1042.93,None
635,1,0,1,0,0,0,39.27,2,0,0,0,0,1,0,0,0,0,1,0,0,0,933.69,12302.49,1303.04,None
636,0,1,1,0,0,0,42.51,2,0,0,0,0,0,1,0,0,0,1,0,0,0,2574.35,20220.65,828.49,None
637,1,0,1,0,0,0,38.11,2,1,0,0,0,0,0,0,0,0,1,0,0,0,2574.35,20220.65,828.49,None
638,1,0,0,0,0,1,45,2,0,0,0,1,0,0,0,0,0,0,0,0,1,15886.74,28400.25,1851.32,None
639,1,0,1,0,0,0,28.15,1,0,0,1,0,0,0,0,0,0,0,1,0,0,2746.5,18205.65,3559.71,None
640,0,1,0,0,0,1,25.17,2,0,0,1,0,0,0,0,0,0,0,1,0,0,5477.83,22224.64,2056.67,None
641,1,0,1,0,0,0,51.94,2,0,0,1,0,0,0,0,0,0,0,0,1,0,9198.67,33090.32,4961.85,None
642,1,0,0,0,0,1,69.45,2,0,0,0,0,0,0,0,0,1,0,1,0,0,2441.06,14987.41,331.35,None
643,1,0,1,0,0,0,37.92,2,0,0,1,0,0,0,0,0,0,0,0,1,0,10073.63,30795.74,3754.96,None
644,0,1,1,0,0,0,52.4,1,0,0,0,1,0,0,0,0,0,0,1,0,0,6161.74,21338.27,1551.74,None
645,1,0,1,0,0,0,69.15,1,0,0,0,0,0,0,0,0,1,1,0,0,0,1499.97,10697.22,1354.99,None
646,1,0,1,0,0,0,46.69,3,0,0,0,0,0,1,0,0,0,0,0,1,0,7174.52,51443.33,4874.25,None
647,1,0,0,0,1,0,47.75,0,0,0,0,0,1,0,0,0,0,0,1,0,0,6708.68,36184.38,2603.56,None
648,0,1,0,0,1,0,38.14,0,0,1,0,0,0,0,0,0,0,0,1,0,0,3943.67,20422.36,1799.87,None
649,0,1,0,0,0,1,34.95,1,0,0,1,0,0,0,0,0,0,1,0,0,0,1767,14617.1,2123.25,None
650,1,0,1,0,0,0,35.77,0,0,0,0,0,0,0,1,0,0,1,0,0,0,2861.86,12341.95,1379.41,A
651,1,0,1,0,0,0,45.48,1,0,0,1,0,0,0,0,0,0,1,0,0,0,1283.11,21000.74,1087.18,None
652,0,1,0,0,1,0,25.1,0,0,0,0,0,0,0,0,1,0,0,1,0,0,6179.39,25919.54,2536.51,B
653,0,1,0,0,1,0,47.58,0,0,0,0,0,1,0,0,0,0,1,0,0,0,1935.72,15992.69,556.6,None
654,0,1,1,0,0,0,42.16,1,0,0,0,0,1,0,0,0,0,0,1,0,0,4561.4,15692.33,1999.36,None
655,1,0,0,0,1,0,20.56,0,0,0,0,0,1,0,0,0,0,0,0,0,1,15454.28,25290.38,4972.15,None
656,0,1,0,0,0,1,36.16,1,0,0,0,0,0,1,0,0,0,1,0,0,0,4137.5,7285.46,1989.59,None
657,1,0,0,0,0,1,72.44,2,0,0,0,0,0,0,0,0,1,0,1,0,0,2137.24,12522.51,807.41,None
658,1,0,0,0,0,1,40.02,2,0,0,0,0,0,0,0,1,0,1,0,0,0,2892.27,12045.38,1589.89,None
659,0,1,0,0,0,1,61.14,1,0,0,0,0,1,0,0,0,0,0,0,1,0,14926.46,23191.1,2926.1,None
660,1,0,0,0,0,1,52.02,0,0,0,1,0,0,0,0,0,0,0,1,0,0,2968.22,21291.19,1369.14,None
661,1,0,0,0,1,0,39.89,0,0,1,0,0,0,0,0,0,0,0,1,0,0,3882.51,23513.36,1145.44,None
662,0,1,0,0,1,0,27.24,0,0,0,0,0,0,0,1,0,0,0,1,0,0,6232.86,8496.6,2021.78,None
663,0,1,1,0,0,0,35.22,1,0,0,0,1,0,0,0,0,0,1,0,0,0,2490.72,17113.91,284.02,None
664,0,1,0,0,1,0,27.89,0,0,0,0,0,0,1,0,0,0,0,0,0,1,14736.21,34852.12,6082.29,None
665,1,0,1,0,0,0,37.44,2,0,0,0,0,0,1,0,0,0,0,1,0,0,9218.1,29720.99,3913.3,A
666,1,0,0,0,0,1,47.95,1,0,0,0,0,0,0,0,1,0,0,1,0,0,11306.48,45672.71,3306.97,None
667,1,0,0,1,0,0,58.66,0,0,0,1,0,0,0,0,0,0,0,1,0,0,6324.61,25830.71,2448.04,None
668,1,0,1,0,0,0,22.62,1,0,0,0,0,0,0,1,0,0,0,0,1,0,6014.61,25244.07,2162.57,None
669,0,1,0,0,1,0,39.87,0,0,0,0,0,0,1,0,0,0,0,1,0,0,6993.92,18298.91,3138.53,None
670,0,1,1,0,0,0,45.33,2,0,0,0,1,0,0,0,0,0,0,0,1,0,11164.85,46632.5,2541.4,None
671,0,1,1,0,0,0,38.35,0,0,0,0,0,0,0,1,0,0,1,0,0,0,2162.07,8888.64,808.41,None
672,0,1,0,0,0,1,43.03,1,0,0,0,0,1,0,0,0,0,0,0,1,0,8884.88,17975.16,4191.64,None
673,0,1,1,0,0,0,26.59,0,0,0,0,0,0,1,0,0,0,1,0,0,0,2464.51,20019.82,1554.69,None
674,1,0,0,0,0,1,43.57,0,1,0,0,0,0,0,0,0,0,1,0,0,0,2464.51,20019.82,1554.69,None
675,1,0,0,0,0,1,59.44,1,0,0,0,0,0,1,0,0,0,0,0,1,0,8477.8,45466.29,5885.52,None
676,1,0,1,0,0,0,41.27,2,1,0,0,0,0,0,0,0,0,0,0,1,0,8477.8,45466.29,5885.52,A
677,0,1,1,0,0,0,36.86,0,0,0,0,1,0,0,0,0,0,1,0,0,0,2612.11,20001.14,570.54,None
678,1,0,0,0,1,0,29.99,0,0,0,0,0,0,1,0,0,0,1,0,0,0,1120.04,24809.72,1848.08,None
679,1,0,0,0,1,0,25.72,0,0,1,0,0,0,0,0,0,0,1,0,0,0,1110.37,12435.17,955.8,None
680,1,0,1,0,0,0,69.59,0,0,0,0,0,0,0,0,0,1,1,0,0,0,1288.69,5364,825.7,None
681,1,0,0,0,1,0,18.92,0,0,0,0,1,0,0,0,0,0,0,1,0,0,5071.84,1312.35,1290.1,None
682,0,1,1,0,0,0,48.64,1,0,0,0,0,0,0,1,0,0,0,1,0,0,3078.33,16267.37,1496.39,None
683,1,0,0,0,0,1,67.8,1,0,0,0,0,0,0,0,0,1,0,1,0,0,4233.5,21090.72,1054.93,None
684,0,1,1,0,0,0,29.59,1,1,0,0,0,0,0,0,0,0,0,1,0,0,4233.5,21090.72,1054.93,None
685,0,1,0,0,1,0,35.73,0,0,0,1,0,0,0,0,0,0,1,0,0,0,1741.13,14491.1,1045.64,None
686,0,1,0,0,0,1,51.91,2,0,0,0,0,1,0,0,0,0,1,0,0,0,1601.79,15974.7,805.82,None
687,0,1,1,0,0,0,40,1,0,0,0,0,0,0,1,0,0,0,0,1,0,5843.79,35709.73,2616.6,None
688,0,1,1,0,0,0,48.56,0,0,0,0,0,0,0,1,0,0,0,0,1,0,4772.7,27022.71,2540.78,None
689,1,0,1,0,0,0,40.17,0,0,0,1,0,0,0,0,0,0,1,0,0,0,1102.49,15841.46,1209.34,A
690,0,1,0,0,1,0,27.84,0,0,1,0,0,0,0,0,0,0,1,0,0,0,2661.86,5622.38,532.2,None
691,1,0,0,0,1,0,25.89,0,0,0,0,0,0,0,1,0,0,0,0,0,1,13205.43,15820.11,6857.32,None
692,0,1,0,1,0,0,78.21,1,0,0,0,0,0,0,0,0,1,1,0,0,0,1457.01,10017.72,1085.73,None
693,1,0,1,0,0,0,34.16,1,0,0,0,0,1,0,0,0,0,0,1,0,0,7219.35,12122.14,2029.55,A
694,0,1,0,0,0,1,56.92,2,0,0,0,0,1,0,0,0,0,0,1,0,0,4981.25,22089.9,1953.66,None
695,0,1,0,0,1,0,27.91,0,0,0,0,1,0,0,0,0,0,1,0,0,0,2244.02,10163.05,505.16,None
696,0,1,1,0,0,0,48.47,0,0,0,0,0,0,0,1,0,0,0,1,0,0,5471.97,814.95,2038.46,None
697,0,1,1,0,0,0,35.34,0,0,0,1,0,0,0,0,0,0,0,1,0,0,4296.81,23993.14,3295.92,None
698,0,1,0,1,0,0,59.99,1,0,1,0,0,0,0,0,0,0,0,0,1,0,7425.96,32669.19,1111.86,None
699,0,1,1,0,0,0,34.96,2,0,0,1,0,0,0,0,0,0,1,0,0,0,2605.72,8699.05,530.08,None
700,0,1,1,0,0,0,58.69,0,1,0,0,0,0,0,0,0,0,1,0,0,0,2605.72,8699.05,530.08,A
701,0,1,0,0,0,1,66.73,2,0,0,0,0,0,0,0,0,1,0,1,0,0,3713.81,26866.04,782.02,None
702,1,0,0,0,1,0,42.45,0,0,0,0,0,0,1,0,0,0,0,1,0,0,2865.8,42792.8,2724.65,None
703,1,0,0,0,1,0,33.52,0,0,0,0,0,0,0,1,0,0,0,1,0,0,5007.86,23172.09,2174.52,None
704,1,0,0,0,1,0,28.53,0,0,0,0,0,1,0,0,0,0,1,0,0,0,1839.69,8402.53,1383.09,None
705,1,0,1,0,0,0,31.86,0,0,0,0,1,0,0,0,0,0,1,0,0,0,2570.25,4004.41,1135.59,None
706,1,0,0,0,1,0,26.79,0,0,0,0,1,0,0,0,0,0,1,0,0,0,953.11,19712.34,789.36,None
707,1,0,0,1,0,0,72.76,3,0,0,0,0,0,0,0,0,1,0,0,1,0,3493.57,18993.73,1197.26,None
708,1,0,1,0,0,0,20.13,1,0,0,0,0,1,0,0,0,0,1,0,0,0,1427.85,19632.56,949.35,None
709,1,0,1,0,0,0,40.02,1,0,0,0,0,0,0,1,0,0,0,1,0,0,4961.27,3663.28,1493.18,None
710,0,1,0,1,0,0,60.02,0,0,0,0,0,0,0,1,0,0,0,1,0,0,4092.82,12359.94,1530.55,None
711,0,1,0,0,1,0,31.46,0,0,0,1,0,0,0,0,0,0,0,1,0,0,8266.15,12433.17,1768.08,None
712,0,1,0,0,0,1,31.98,2,0,0,1,0,0,0,0,0,0,1,0,0,0,3250.2,7661.93,966.24,None
713,0,1,1,0,0,0,30.24,0,0,0,0,0,0,0,1,0,0,0,0,0,1,10797.6,43840.12,2832.01,None
714,1,0,0,0,0,1,72.47,2,0,0,0,0,0,0,0,0,1,1,0,0,0,991.15,6977.61,485.29,None
715,1,0,0,0,1,0,26.55,0,1,0,0,0,0,0,0,0,0,1,0,0,0,991.15,6977.61,485.29,None
716,0,1,1,0,0,0,25.34,3,0,0,1,0,0,0,0,0,0,0,1,0,0,3735.53,12715.07,3315.75,None
717,1,0,0,0,0,1,45.57,0,0,0,0,0,0,0,1,0,0,1,0,0,0,3107.78,6307.33,804.89,None
718,1,0,0,0,0,1,55.84,0,0,0,0,0,0,1,0,0,0,1,0,0,0,3179.27,26469.3,1071.26,None
719,0,1,0,0,1,0,47.41,0,0,0,1,0,0,0,0,0,0,0,0,1,0,3285.71,19993.33,3407.56,None
720,0,1,0,0,0,1,43.06,2,0,0,1,0,0,0,0,0,0,0,0,1,0,5475.49,15278.83,3728.35,None
721,0,1,0,0,1,0,45.13,0,0,0,0,0,0,0,1,0,0,0,1,0,0,5767.09,20150.48,987.14,None
722,1,0,1,0,0,0,39.69,2,0,0,0,0,0,1,0,0,0,0,1,0,0,2721.66,28354.99,1185.04,A
723,0,1,1,0,0,0,34.93,1,0,0,0,1,0,0,0,0,0,0,0,1,0,9979.31,26134.38,2065.62,None
724,0,1,1,0,0,0,41.02,1,0,0,0,0,0,1,0,0,0,1,0,0,0,3803.47,20596.94,1690.89,None
725,1,0,0,0,0,1,74.79,1,0,0,0,0,0,0,0,0,1,0,1,0,0,2620.07,15527.9,1129.35,None
726,0,1,1,0,0,0,56.38,1,0,0,0,1,0,0,0,0,0,0,1,0,0,4988.09,22007.77,1495.21,A
727,0,1,0,1,0,0,53.2,0,0,0,0,1,0,0,0,0,0,0,0,1,0,8219.18,3917.26,3754.81,None
728,0,1,1,0,0,0,27.89,1,0,1,0,0,0,0,0,0,0,0,1,0,0,3728.02,34551.76,1792.58,A
729,0,1,0,0,1,0,28,0,0,1,0,0,0,0,0,0,0,0,1,0,0,3470.55,16974.69,1080.62,None
730,1,0,0,0,1,0,27.96,0,0,0,0,0,0,0,0,1,0,1,0,0,0,4879.99,6268.61,2323.3,None
731,0,1,0,0,1,0,28,0,0,0,0,1,0,0,0,0,0,1,0,0,0,4092.2,10312.22,1027.52,None
732,0,1,1,0,0,0,24.84,2,0,1,0,0,0,0,0,0,0,0,0,1,0,8578.81,40964.26,1154.56,None
733,1,0,1,0,0,0,40.29,0,0,0,0,1,0,0,0,0,0,0,1,0,0,6680,9360.44,1524.87,None
734,1,0,1,0,0,0,46.24,2,0,0,0,0,1,0,0,0,0,0,0,1,0,9920.57,31883.49,3014.12,A
735,0,1,1,0,0,0,39.85,2,0,0,0,0,1,0,0,0,0,0,1,0,0,2702.8,25967.57,2444.53,None
736,0,1,0,0,1,0,39.05,0,0,0,1,0,0,0,0,0,0,0,1,0,0,8783.51,30179.66,1292.94,None
737,0,1,1,0,0,0,36.18,2,0,0,1,0,0,0,0,0,0,1,0,0,0,1393.84,18977.67,2164.65,None
738,1,0,0,0,0,1,37.84,1,0,0,0,0,1,0,0,0,0,0,0,1,0,5661.21,47751.32,3000.84,None
739,1,0,1,0,0,0,67.78,1,0,0,0,0,0,0,0,0,1,0,1,0,0,3087.85,23905.9,1590.28,None
740,0,1,1,0,0,0,39.99,2,0,0,0,0,0,0,1,0,0,1,0,0,0,2535.76,20452.82,1338.44,None
741,0,1,0,0,1,0,34.21,0,0,0,0,0,0,0,1,0,0,1,0,0,0,2827.91,15320.42,914.79,None
742,1,0,1,0,0,0,45.32,2,0,0,1,0,0,0,0,0,0,1,0,0,0,1369.85,17973.6,1442.15,None
743,0,1,0,1,0,0,61.93,1,0,0,0,1,0,0,0,0,0,0,1,0,0,5010.56,20885.41,2227.87,None
744,0,1,1,0,0,0,40.28,2,0,0,0,1,0,0,0,0,0,0,1,0,0,4282.43,30037.17,753.6,A
745,0,1,0,0,1,0,27.18,0,0,0,0,0,0,0,1,0,0,1,0,0,0,2047.22,13802.91,795.24,None
746,0,1,1,0,0,0,26.6,1,0,0,0,1,0,0,0,0,0,1,0,0,0,1074.31,9183.26,371.26,A
747,1,0,0,0,0,1,40.66,2,0,0,1,0,0,0,0,0,0,0,1,0,0,7276.48,22529.93,2305,None
748,1,0,0,0,0,1,57.29,2,0,0,0,1,0,0,0,0,0,0,1,0,0,4995.33,26083.81,1597.76,None
749,1,0,0,0,1,0,24.83,0,1,0,0,0,0,0,0,0,0,0,1,0,0,4995.33,26083.81,1597.76,None
750,1,0,1,0,0,0,30.93,0,1,0,0,0,0,0,0,0,0,0,1,0,0,4995.33,26083.81,1597.76,None
751,1,0,0,0,1,0,27.66,0,0,0,1,0,0,0,0,0,0,0,1,0,0,3011.28,24418.57,3522.56,None
752,1,0,0,0,1,0,19.96,0,0,0,0,0,1,0,0,0,0,1,0,0,0,586.86,15931.03,1567.66,None
753,0,1,1,0,0,0,40.91,0,0,0,1,0,0,0,0,0,0,0,0,1,0,8981.14,30580.62,2276.43,None
754,1,0,0,0,1,0,45.32,0,0,1,0,0,0,0,0,0,0,0,1,0,0,5814.55,30931.06,1411.33,None
755,1,0,1,0,0,0,33.04,2,0,0,0,1,0,0,0,0,0,0,1,0,0,4831.08,33431.8,1581.59,None
756,0,1,0,0,0,1,36.29,0,0,0,0,1,0,0,0,0,0,1,0,0,0,3009.45,2229.96,795.18,None
757,1,0,0,0,1,0,21.82,0,0,0,0,0,0,0,1,0,0,0,0,1,0,4473.74,17458.64,3858.5,B
758,0,1,0,0,1,0,38.41,0,0,0,0,1,0,0,0,0,0,1,0,0,0,4074.19,10546.53,1213.83,None
759,1,0,1,0,0,0,37.61,1,0,0,0,0,0,1,0,0,0,0,0,0,1,4147.2,57314.44,8138.31,A
760,1,0,1,0,0,0,34.21,1,0,0,0,1,0,0,0,0,0,0,1,0,0,4977.13,22598.72,1499.69,A
761,0,1,1,0,0,0,35.35,0,0,0,0,0,0,0,1,0,0,1,0,0,0,2495.95,10314.84,941.49,A
762,1,0,0,0,0,1,65.01,2,0,0,0,0,0,0,0,0,1,0,1,0,0,3099.61,4686.96,916.3,None
763,1,0,0,0,1,0,39.86,0,0,1,0,0,0,0,0,0,0,0,0,1,0,5978.99,23022.9,2377.78,None
764,0,1,0,0,1,0,24.32,0,0,1,0,0,0,0,0,0,0,0,1,0,0,4313.99,20201.45,697.24,None
765,1,0,1,0,0,0,26.73,2,0,0,0,0,1,0,0,0,0,0,0,1,0,10538.86,29376.14,4191.19,A
766,0,1,0,0,1,0,26.81,0,0,0,0,0,0,1,0,0,0,0,1,0,0,5297.12,29895.86,2482.71,B
767,1,0,0,0,0,1,44.88,0,0,0,1,0,0,0,0,0,0,0,0,0,1,12715.7,17442.26,4972.58,None
768,1,0,1,0,0,0,67.1,1,0,0,0,0,0,0,0,0,1,0,1,0,0,2326.82,14908.37,1210.98,None
769,1,0,0,0,1,0,28.01,0,0,0,0,0,0,0,1,0,0,1,0,0,0,2047.26,8016.6,828.01,None
770,1,0,0,0,0,1,66.82,1,0,0,0,0,0,0,0,0,1,0,0,0,1,5387.15,35500.66,1506.26,None
771,1,0,1,0,0,0,24.94,0,0,0,0,0,1,0,0,0,0,0,1,0,0,9489.81,25158.06,1859.45,A
772,1,0,1,0,0,0,22.43,2,0,0,1,0,0,0,0,0,0,1,0,0,0,1258.07,8635.55,1809.69,A
773,1,0,1,0,0,0,39.82,2,0,0,1,0,0,0,0,0,0,0,1,0,0,7216.15,36748.76,2759.79,None
774,0,1,0,0,1,0,36.27,0,0,0,0,1,0,0,0,0,0,0,0,0,1,10187.55,47354.33,5338.71,None
775,0,1,0,1,0,0,59.97,1,0,1,0,0,0,0,0,0,0,0,1,0,0,2621.31,20286.26,493.89,None
776,0,1,1,0,0,0,37.83,2,0,0,0,0,0,0,0,1,0,0,1,0,0,6911.05,27441.06,3315.73,None
777,1,0,0,0,0,1,66.53,0,0,0,0,0,0,0,0,0,1,0,1,0,0,4247.35,13332.38,1735.79,None
778,0,1,1,0,0,0,45.18,3,0,0,0,1,0,0,0,0,0,0,0,0,1,4440.64,18615.07,5440.42,None
779,1,0,0,0,0,1,56.69,0,0,0,0,0,1,0,0,0,0,0,1,0,0,4200.32,20587.99,556.05,None
780,1,0,0,0,1,0,24.41,0,1,0,0,0,0,0,0,0,0,0,1,0,0,4200.32,20587.99,556.05,None
781,0,1,1,0,0,0,35.65,0,0,0,0,0,0,0,0,1,0,0,1,0,0,7085.18,32249.38,2389.03,None
782,0,1,0,0,1,0,25.83,0,0,0,1,0,0,0,0,0,0,0,0,0,1,10777.86,18021.58,6514.19,None
783,1,0,0,0,0,1,49.55,1,0,0,0,0,0,0,1,0,0,1,0,0,0,591.14,11233.95,1043.65,None
784,0,1,1,0,0,0,36.61,2,0,0,0,0,0,1,0,0,0,0,0,1,0,13452.37,38738.27,4325.51,A
785,0,1,1,0,0,0,24.11,2,0,0,0,0,1,0,0,0,0,1,0,0,0,2374.71,21143.15,702.15,A
786,1,0,0,1,0,0,62.6,1,0,0,0,0,0,0,1,0,0,0,1,0,0,4996.87,26322.34,1427.11,None
787,0,1,0,0,1,0,27.85,0,0,0,0,1,0,0,0,0,0,1,0,0,0,3837.58,11528.44,926.63,None
788,0,1,1,0,0,0,48.1,1,0,0,0,0,0,0,0,1,0,1,0,0,0,592.85,22844.59,1931.55,A
789,0,1,1,0,0,0,36.28,4,1,0,0,0,0,0,0,0,0,0,0,1,0,592.85,22844.59,1931.55,None
790,1,0,0,0,0,1,70.67,1,0,0,0,0,0,0,0,0,1,0,1,0,0,3320.92,14239.21,984.07,None
791,0,1,0,1,0,0,59.92,0,0,0,0,0,1,0,0,0,0,1,0,0,0,1797.91,23114.5,1548.9,None
792,1,0,0,0,0,1,44.18,2,0,0,0,1,0,0,0,0,0,0,0,1,0,7611.07,19088.76,3066.3,None
793,0,1,0,0,1,0,26.59,0,0,0,0,0,0,0,1,0,0,0,0,0,1,10358.03,25939.39,6537.16,B
794,0,1,1,0,0,0,40.01,2,0,0,1,0,0,0,0,0,0,1,0,0,0,2581.99,16908.08,1215.64,None
795,0,1,0,0,1,0,28.04,0,0,0,1,0,0,0,0,0,0,0,1,0,0,3141.35,36605.62,1870.51,None
796,0,1,0,0,0,1,46.98,0,0,0,0,0,0,0,1,0,0,1,0,0,0,3463.28,20150.46,248.52,None
797,1,0,0,0,0,1,44.82,1,0,0,0,1,0,0,0,0,0,1,0,0,0,1779.11,11999.6,703.67,None
798,1,0,0,0,1,0,26.59,0,0,1,0,0,0,0,0,0,0,0,1,0,0,6211.77,2184,1301.12,None
799,1,0,1,0,0,0,40.04,2,0,0,1,0,0,0,0,0,0,1,0,0,0,664.5,15280.47,1111.38,A
800,0,1,0,0,0,1,38.89,2,0,0,0,0,1,0,0,0,0,0,0,1,0,9464.5,29814.91,1154.4,None
801,0,1,1,0,0,0,25.13,2,0,0,0,0,0,0,0,1,0,0,0,1,0,9599.25,58129.53,2420.35,None
802,1,0,0,1,0,0,59.59,1,0,0,1,0,0,0,0,0,0,1,0,0,0,1968.71,19248.22,1724.96,None
803,0,1,1,0,0,0,45.04,3,0,0,1,0,0,0,0,0,0,0,0,0,1,9288.05,28036.63,4662.6,A
804,0,1,0,0,1,0,39.45,0,0,0,0,0,1,0,0,0,0,0,1,0,0,2821.16,35354.49,491.95,None
805,1,0,1,0,0,0,39.71,2,0,0,0,1,0,0,0,0,0,1,0,0,0,1564.97,21047.94,1253.96,A
806,0,1,0,0,0,1,49.74,2,0,0,1,0,0,0,0,0,0,0,1,0,0,5453.65,35356.57,2002.43,None
807,1,0,0,0,1,0,24.42,0,0,0,0,0,0,1,0,0,0,0,1,0,0,11936.89,38085.24,1634.73,B
808,0,1,0,1,0,0,58.26,2,0,0,0,0,0,0,1,0,0,0,0,1,0,8080.11,26315.83,2788.69,None
809,1,0,1,0,0,0,47.91,1,0,0,0,1,0,0,0,0,0,0,0,1,0,7987.51,9525.69,3545.08,None
810,1,0,0,0,0,1,41.38,0,0,0,0,1,0,0,0,0,0,0,1,0,0,5467.24,28814.65,1583.41,None
811,1,0,0,0,1,0,25.66,0,0,0,0,1,0,0,0,0,0,0,0,0,1,9994.61,51896.75,3851.1,None
812,1,0,0,0,1,0,28,0,0,0,0,1,0,0,0,0,0,1,0,0,0,684.95,12000.74,1082.56,None
813,1,0,0,0,1,0,30.66,0,0,0,0,0,0,0,1,0,0,1,0,0,0,530.51,7588.84,227.39,None
814,1,0,1,0,0,0,49.52,2,0,0,0,0,0,0,1,0,0,0,1,0,0,5376.51,27389.08,1150.8,None
815,1,0,0,0,1,0,26.23,0,1,0,0,0,0,0,0,0,0,0,0,0,1,5376.51,27389.08,1150.8,None
816,1,0,0,0,0,1,44.72,3,0,0,1,0,0,0,0,0,0,0,1,0,0,8372.52,28836.43,1949.38,None
817,0,1,0,1,0,0,61.79,0,0,0,0,0,0,1,0,0,0,0,1,0,0,7747.59,41349.2,2711.29,None
818,1,0,0,0,0,1,53.72,2,0,0,0,0,1,0,0,0,0,0,1,0,0,6183.15,25756.82,730.38,None
819,0,1,0,0,1,0,27.98,0,0,0,0,0,1,0,0,0,0,0,1,0,0,4861.62,23835.17,776.03,None
820,0,1,1,0,0,0,68.78,1,0,0,0,0,0,0,0,0,1,0,1,0,0,3873.03,13757.19,1305.14,None
821,0,1,0,0,1,0,27.94,0,1,0,0,0,0,0,0,0,0,0,0,0,1,3873.03,13757.19,1305.14,None
822,1,0,0,0,0,1,49.04,0,0,0,0,0,0,0,1,0,0,1,0,0,0,2405.53,6160.56,1306.44,None
823,0,1,1,0,0,0,39.8,1,0,0,0,0,0,1,0,0,0,0,1,0,0,6496.27,29977.98,2885.32,None
824,1,0,1,0,0,0,40.08,3,0,0,1,0,0,0,0,0,0,1,0,0,0,3089.44,18566.5,1412.62,A
825,1,0,0,0,1,0,27.95,0,0,0,0,1,0,0,0,0,0,0,0,1,0,7847.95,27513.68,2731.16,B
826,1,0,1,0,0,0,37.47,1,0,0,0,0,0,0,1,0,0,0,0,0,1,9999.45,25235.03,2261.93,None
827,0,1,0,0,0,1,68.41,2,0,0,0,0,0,0,0,0,1,1,0,0,0,1504.19,11625.56,792.12,None
828,0,1,0,0,1,0,27.87,0,0,1,0,0,0,0,0,0,0,1,0,0,0,2803,18091.39,391.03,B
829,1,0,0,0,1,0,42.63,0,1,0,0,0,0,0,0,0,0,0,1,0,0,2803,18091.39,391.03,None
830,1,0,0,0,1,0,28.25,0,0,1,0,0,0,0,0,0,0,0,1,0,0,3884.28,33656.69,578.24,None
831,0,1,0,0,0,1,47.04,0,0,0,0,0,0,1,0,0,0,1,0,0,0,5078.44,22162.69,922.89,None
832,0,1,0,0,1,0,29.76,0,0,0,1,0,0,0,0,0,0,1,0,0,0,2995.17,17383.45,1861.02,None
833,1,0,0,0,1,0,32.82,0,0,0,0,0,0,0,0,1,0,0,1,0,0,8737.79,29421.79,1404.45,None
834,0,1,1,0,0,0,36.26,2,0,1,0,0,0,0,0,0,0,0,1,0,0,3923.37,35158.51,1012.62,None
835,1,0,1,0,0,0,29.04,0,0,0,0,0,1,0,0,0,0,0,1,0,0,9620.29,27409.37,2176.26,A
836,1,0,0,0,0,1,30.98,0,0,0,0,0,1,0,0,0,0,1,0,0,0,1562.65,14878.11,498.59,None
837,1,0,1,0,0,0,65.91,0,0,0,0,0,0,0,0,0,1,1,0,0,0,1432.13,14981.29,701.59,None
838,1,0,1,0,0,0,40.17,0,0,0,1,0,0,0,0,0,0,0,1,0,0,4014.03,32592.7,2298.18,None
839,0,1,1,0,0,0,24.83,0,0,0,0,1,0,0,0,0,0,0,1,0,0,2768.89,5250.13,1852.5,None
840,1,0,0,1,0,0,59.99,2,0,0,0,0,0,0,0,1,0,0,1,0,0,6463.95,38496.93,2368.3,None
841,0,1,0,0,1,0,40.96,0,0,0,0,0,0,0,0,1,0,0,0,1,0,15018.77,45120.77,4387.11,None
842,1,0,0,0,1,0,24.08,0,0,0,1,0,0,0,0,0,0,1,0,0,0,660.22,24755.34,1077.46,None
843,0,1,0,0,0,1,43.51,1,0,0,1,0,0,0,0,0,0,1,0,0,0,1082.44,15019.49,999.19,None
844,0,1,1,0,0,0,42.59,4,0,0,0,0,0,1,0,0,0,0,1,0,0,6993.89,27727.11,2029.39,None
845,0,1,1,0,0,0,26.59,2,0,0,1,0,0,0,0,0,0,0,1,0,0,8602.03,17002.21,2037.79,None
846,0,1,1,0,0,0,34.23,0,0,1,0,0,0,0,0,0,0,0,0,1,0,7722.27,12825.17,1486.38,None
847,0,1,0,0,0,1,39.51,3,0,0,1,0,0,0,0,0,0,0,0,1,0,5361.2,41902.21,3893.53,None
848,1,0,0,0,1,0,19.98,0,0,0,1,0,0,0,0,0,0,1,0,0,0,2272.71,14287.3,1150.97,None
849,1,0,0,0,1,0,27.97,0,0,0,0,1,0,0,0,0,0,0,0,1,0,7361.66,28364.91,1954.94,None
850,0,1,1,0,0,0,55.58,2,0,0,1,0,0,0,0,0,0,1,0,0,0,2821.57,16220.6,1058.39,None
851,0,1,0,0,1,0,25.53,0,0,0,0,0,0,0,1,0,0,0,1,0,0,2051.9,24212.14,1735.98,B
852,1,0,1,0,0,0,31.73,2,0,0,0,0,0,1,0,0,0,0,0,0,1,6936.42,74441.97,4713.93,A
853,1,0,1,0,0,0,51.65,0,0,0,0,0,0,0,1,0,0,0,0,0,1,8948.02,15226.9,1718.37,None
854,0,1,1,0,0,0,40.69,1,1,0,0,0,0,0,0,0,0,1,0,0,0,8948.02,15226.9,1718.37,A
855,0,1,0,0,0,1,44.73,0,0,0,0,0,1,0,0,0,0,0,1,0,0,7247.5,22575.66,828.11,None
856,1,0,0,0,0,1,44.86,1,0,0,0,0,0,1,0,0,0,1,0,0,0,1915.08,19382.89,2011.31,None
857,0,1,0,0,1,0,32.48,0,0,0,1,0,0,0,0,0,0,0,0,1,0,7258.44,38175.67,3227.52,None
858,1,0,0,0,0,1,41.38,0,0,0,0,0,1,0,0,0,0,0,1,0,0,9339,12144.04,1479.12,None
859,0,1,0,1,0,0,60.04,1,0,0,1,0,0,0,0,0,0,0,0,1,0,6016.4,38781.4,2869.1,None
860,0,1,1,0,0,0,31.57,3,0,0,1,0,0,0,0,0,0,0,0,0,1,14243.42,46115.76,4169.93,A
861,1,0,0,0,0,1,43.16,2,0,0,0,0,0,1,0,0,0,0,1,0,0,4838.32,30628.38,2200.88,None
862,1,0,0,0,1,0,19.16,0,0,0,0,0,1,0,0,0,0,0,1,0,0,7089.73,24045.95,2340.77,None
863,1,0,0,0,1,0,26.78,0,0,0,0,0,0,0,1,0,0,1,0,0,0,2753.22,18800.92,413.78,None
864,0,1,0,0,0,1,29.68,2,0,0,0,0,0,0,1,0,0,0,0,1,0,10241.25,24121.35,2439.98,None
865,1,0,0,1,0,0,71.75,0,0,0,0,0,0,0,0,0,1,0,1,0,0,2330.11,18009.39,793.74,None
866,1,0,1,0,0,0,34.62,1,0,0,0,0,1,0,0,0,0,1,0,0,0,1899.2,16227.06,702.96,None
867,0,1,1,0,0,0,39.73,1,0,0,0,0,0,1,0,0,0,0,0,1,0,9971.1,46357.07,4771.25,A
868,1,0,1,0,0,0,47.5,1,0,0,0,1,0,0,0,0,0,0,0,1,0,8354.8,11994.68,1507.29,None
869,1,0,0,0,0,1,33.72,1,0,0,1,0,0,0,0,0,0,0,1,0,0,5225.92,33494.77,1759.23,None
870,1,0,0,0,1,0,20.05,0,1,0,0,0,0,0,0,0,0,0,0,0,1,5225.92,33494.77,1759.23,None
871,0,1,0,0,1,0,31.38,0,0,0,0,0,0,0,0,1,0,1,0,0,0,2993.83,12321.45,1200.47,None
872,0,1,0,0,1,0,27.41,0,0,0,0,1,0,0,0,0,0,0,0,1,0,9833.36,11026.02,2303.25,None
873,0,1,1,0,0,0,68.84,1,0,0,0,0,0,0,0,0,1,0,1,0,0,3509.98,23594.99,948.18,A
874,0,1,0,0,1,0,30.62,0,0,0,1,0,0,0,0,0,0,0,0,0,1,7188.77,50727.42,2278.04,None
875,0,1,0,0,1,0,25.22,0,0,0,0,0,0,0,1,0,0,0,0,0,1,15150.67,48139.58,6678.19,None
876,1,0,1,0,0,0,64.65,0,0,0,0,0,1,0,0,0,0,0,1,0,0,5999.94,19611.86,2509.22,None
877,1,0,1,0,0,0,51.15,1,0,0,0,0,0,0,0,1,0,0,1,0,0,8477.07,22760.84,1016.21,A
878,0,1,1,0,0,0,44.36,2,0,0,1,0,0,0,0,0,0,0,0,1,0,7459.63,24365.05,2999.64,None
879,1,0,1,0,0,0,39.36,2,0,0,0,0,0,0,1,0,0,1,0,0,0,1175.9,12520.68,956.84,None
880,1,0,0,0,0,1,49.47,0,0,0,0,1,0,0,0,0,0,0,0,1,0,8099.53,25169.78,2488.36,None
881,0,1,1,0,0,0,65.09,1,0,0,0,0,0,0,0,0,1,0,0,1,0,2585.46,29592.53,815.53,None
882,1,0,1,0,0,0,69.43,0,0,0,0,0,0,0,0,0,1,0,0,1,0,4203.1,20957.13,1200.68,None
883,1,0,1,0,0,0,53.99,3,0,0,0,0,1,0,0,0,0,1,0,0,0,1094.51,20597.15,956.35,None
884,1,0,1,0,0,0,29.13,1,0,0,1,0,0,0,0,0,0,0,1,0,0,6111.69,16563.68,1184.51,None
885,1,0,1,0,0,0,35.86,4,0,0,1,0,0,0,0,0,0,0,0,0,1,5814.34,38954.72,3396.35,None
886,0,1,0,0,1,0,34.91,0,0,0,1,0,0,0,0,0,0,0,0,0,1,10808.41,39125.43,5739.28,None
887,1,0,0,1,0,0,62.1,1,0,0,0,0,0,0,1,0,0,0,1,0,0,5493.41,24729.65,2159.55,None
888,1,0,1,0,0,0,65.52,2,0,0,0,0,0,0,0,0,1,0,0,1,0,4009.23,20013.48,1811.16,None
889,1,0,0,0,1,0,33.56,0,0,0,0,0,0,0,1,0,0,0,0,0,1,10856.17,8872.69,4148.52,None
890,0,1,0,0,1,0,26.91,0,0,0,0,1,0,0,0,0,0,1,0,0,0,1522.26,10931.53,1162.29,None
891,1,0,0,0,0,1,44.22,1,0,0,0,0,0,0,1,0,0,0,1,0,0,2043.2,31491.39,2401.3,None
892,1,0,1,0,0,0,32.67,2,0,0,0,0,0,0,1,0,0,0,1,0,0,4974.5,25767.69,612.52,None
893,0,1,0,0,1,0,42.44,0,0,0,1,0,0,0,0,0,0,0,1,0,0,7914.49,24004.22,1451.04,None
894,1,0,1,0,0,0,37.58,1,0,0,0,1,0,0,0,0,0,1,0,0,0,2555.1,9076.67,883.13,None
895,0,1,0,0,1,0,40.84,0,0,0,0,0,0,0,0,1,0,1,0,0,0,3022.15,19926.25,1798.34,None
896,0,1,0,0,1,0,42.05,0,1,0,0,0,0,0,0,0,0,1,0,0,0,3022.15,19926.25,1798.34,None
897,1,0,1,0,0,0,46.89,2,0,0,1,0,0,0,0,0,0,1,0,0,0,2753.35,17511,1263.74,None
898,0,1,1,0,0,0,60.44,0,0,0,0,1,0,0,0,0,0,0,1,0,0,4455.39,20460.67,1324.95,None
899,0,1,1,0,0,0,47.54,2,0,0,0,0,0,0,1,0,0,1,0,0,0,3404.6,10350.68,594.02,A
900,1,0,1,0,0,0,55.98,2,0,0,0,0,0,0,0,1,0,0,1,0,0,6923.76,22465.76,2259.66,None
901,1,0,1,0,0,0,38.99,1,0,0,0,0,0,1,0,0,0,1,0,0,0,987.21,12483.21,1416.69,A
902,0,1,1,0,0,0,35.62,2,0,0,0,0,1,0,0,0,0,0,0,1,0,8719.34,45789.94,3134.8,None
903,0,1,0,0,1,0,35.43,0,0,0,1,0,0,0,0,0,0,0,1,0,0,5997.88,37382.28,1446.81,None
904,1,0,0,0,0,1,42.65,2,0,0,1,0,0,0,0,0,0,0,0,1,0,8979.81,17330.58,2291.6,None
905,1,0,1,0,0,0,31.28,2,1,0,0,0,0,0,0,0,0,1,0,0,0,8979.81,17330.58,2291.6,A
906,1,0,1,0,0,0,50.13,2,0,0,0,1,0,0,0,0,0,0,1,0,0,2601.39,27161.11,1472.24,A
907,0,1,0,0,1,0,30.93,0,0,1,0,0,0,0,0,0,0,0,1,0,0,4018.73,21433.63,929.56,None
908,0,1,0,1,0,0,60.12,1,0,0,1,0,0,0,0,0,0,1,0,0,0,1875.26,19448.39,1183.67,None
909,0,1,1,0,0,0,57.12,1,0,0,0,0,0,1,0,0,0,0,1,0,0,11915.06,31091.86,3770.24,None
910,1,0,0,1,0,0,48.39,1,0,0,1,0,0,0,0,0,0,1,0,0,0,1683.62,16039.74,1016.57,None
911,1,0,0,0,1,0,25.77,0,0,0,1,0,0,0,0,0,0,1,0,0,0,2058.16,16096.06,2063.76,None
912,1,0,1,0,0,0,36.61,2,0,0,0,1,0,0,0,0,0,1,0,0,0,2710.7,11500.63,215.42,A
913,1,0,1,0,0,0,38.18,0,0,0,1,0,0,0,0,0,0,0,0,0,1,8056.97,33921.23,4120.25,None
914,1,0,0,0,0,1,69.84,1,0,0,0,0,0,0,0,0,1,1,0,0,0,465.49,10452.61,841.13,None
915,0,1,0,0,1,0,31.73,0,0,0,0,0,0,0,1,0,0,0,1,0,0,5230.52,20233.27,679.47,None
916,1,0,0,0,1,0,37.65,0,0,0,0,0,1,0,0,0,0,0,1,0,0,3563.27,34287.13,2247.84,None
917,1,0,1,0,0,0,68.91,0,0,0,0,0,0,0,0,0,1,1,0,0,0,1710.87,15704.78,331.91,None
918,1,0,0,1,0,0,68.85,3,0,0,0,0,0,0,0,0,1,0,1,0,0,2869.38,14723.89,994.85,None
919,1,0,1,0,0,0,39.45,0,1,0,0,0,0,0,0,0,0,0,1,0,0,2869.38,14723.89,994.85,None
920,1,0,1,0,0,0,23.64,3,1,0,0,0,0,0,0,0,0,1,0,0,0,2869.38,14723.89,994.85,None
921,1,0,0,0,1,0,35.58,0,0,0,1,0,0,0,0,0,0,0,1,0,0,6222.71,16219.16,2331.09,None
922,0,1,1,0,0,0,54.98,1,0,0,0,0,0,0,1,0,0,0,1,0,0,4470.57,5062.34,1732.38,None
923,1,0,0,1,0,0,70.66,0,0,0,0,0,0,0,0,0,1,0,0,1,0,5163.77,8018.26,1079.94,None
924,1,0,0,0,1,0,22.37,0,0,0,0,1,0,0,0,0,0,1,0,0,0,1405.43,5966.49,401,None
925,0,1,0,0,0,1,47.8,0,0,1,0,0,0,0,0,0,0,1,0,0,0,864.33,3960.82,589.42,None
926,0,1,0,0,0,1,69.45,2,0,0,0,0,0,0,0,0,1,1,0,0,0,453.2,11051,410.66,None
927,0,1,0,0,1,0,19.42,0,0,0,0,1,0,0,0,0,0,0,1,0,0,5765.46,26466.66,1394.72,None
928,0,1,1,0,0,0,35.85,2,0,0,1,0,0,0,0,0,0,0,1,0,0,4800.78,16256.68,1194.17,None
929,1,0,1,0,0,0,40.35,3,0,0,0,1,0,0,0,0,0,1,0,0,0,2508.6,4032.28,711.69,A
930,0,1,1,0,0,0,52.64,2,0,0,0,0,1,0,0,0,0,0,1,0,0,2247.32,15230.28,934.93,None
931,1,0,0,0,0,1,64.11,1,0,0,1,0,0,0,0,0,0,0,1,0,0,5271.01,18932.41,3413.28,None
932,1,0,1,0,0,0,41.64,0,0,1,0,0,0,0,0,0,0,0,0,1,0,8762.33,14752.59,1487.77,None
933,1,0,1,0,0,0,51.6,1,1,0,0,0,0,0,0,0,0,1,0,0,0,8762.33,14752.59,1487.77,A
934,1,0,1,0,0,0,36.42,2,0,1,0,0,0,0,0,0,0,1,0,0,0,2223.88,13187.61,836.24,None
935,1,0,0,1,0,0,78.11,1,0,0,0,0,0,0,0,0,1,1,0,0,0,1301.5,15776.72,1100.96,None
936,1,0,0,1,0,0,74.04,3,0,0,0,0,0,0,0,0,1,0,0,1,0,3503.07,26654.02,1158.92,None
937,1,0,1,0,0,0,26.09,2,0,0,1,0,0,0,0,0,0,0,1,0,0,7415.44,24067.8,2215.54,A
938,1,0,0,0,0,1,45.82,0,0,0,0,0,0,1,0,0,0,1,0,0,0,703.6,20535.04,2585.65,None
939,1,0,0,0,0,1,55.73,2,0,0,0,0,0,1,0,0,0,1,0,0,0,1818.49,13067.32,1433.77,None
940,0,1,1,0,0,0,22.16,2,0,0,0,0,1,0,0,0,0,0,0,1,0,8212.69,40886.35,3029.8,A
941,0,1,0,0,0,1,42.68,1,0,0,1,0,0,0,0,0,0,0,1,0,0,7114.04,22848.03,1904.5,None
942,1,0,1,0,0,0,44.92,1,0,1,0,0,0,0,0,0,0,0,0,1,0,3135.45,12064.45,3092.13,None
943,0,1,1,0,0,0,49.42,3,0,0,1,0,0,0,0,0,0,0,0,1,0,9004.81,36040.94,2204.53,None
944,1,0,1,0,0,0,47.65,1,0,0,0,0,1,0,0,0,0,1,0,0,0,1471.6,17708.14,774,A
945,1,0,0,1,0,0,42.47,2,0,0,0,0,0,0,1,0,0,0,1,0,0,5091.2,9689.83,1273.81,None
946,1,0,0,0,1,0,43.44,0,0,1,0,0,0,0,0,0,0,0,0,1,0,7578.07,29778.37,1781.79,None
947,1,0,0,1,0,0,41.53,2,0,0,0,1,0,0,0,0,0,0,0,0,1,9992.22,45693.93,3760.8,None
948,1,0,0,0,1,0,47.14,0,0,0,1,0,0,0,0,0,0,1,0,0,0,688.16,9527.63,1334.82,None
949,1,0,0,0,1,0,22.37,0,0,0,0,0,0,0,1,0,0,1,0,0,0,3095.72,11810.51,550.17,None
950,1,0,0,0,1,0,27.56,0,0,0,0,0,1,0,0,0,0,1,0,0,0,1803.87,10155.93,2048.41,None
951,1,0,0,0,1,0,31.69,0,0,0,0,1,0,0,0,0,0,0,1,0,0,2526.79,35832.65,1716.39,None
952,0,1,0,0,0,1,56.88,0,0,0,0,0,1,0,0,0,0,0,1,0,0,6000.13,27015.19,2434.6,None
953,0,1,0,0,1,0,28.86,0,1,0,0,0,0,0,0,0,0,0,0,0,1,6000.13,27015.19,2434.6,None
954,1,0,0,1,0,0,63.38,0,0,1,0,0,0,0,0,0,0,1,0,0,0,2250.01,16508.32,859.39,None
955,1,0,0,0,0,1,57.22,0,0,0,0,0,0,0,1,0,0,1,0,0,0,2847.56,17110.17,851.85,None
956,0,1,0,0,1,0,27.84,0,0,0,0,0,0,0,1,0,0,0,0,0,1,12355.92,40883.6,2952.64,None
957,0,1,1,0,0,0,41.43,1,0,0,1,0,0,0,0,0,0,0,1,0,0,5958.31,23352.22,3053.5,None
958,1,0,1,0,0,0,42.09,1,0,0,0,0,0,0,0,1,0,1,0,0,0,2926.77,21391.2,1002.58,None
959,1,0,0,1,0,0,59.95,3,0,0,1,0,0,0,0,0,0,0,1,0,0,5099.66,29388.88,758.57,None
960,0,1,0,0,1,0,20.2,0,0,0,0,0,0,0,0,1,0,0,1,0,0,3506.84,27505.16,3778.29,None
961,0,1,0,0,1,0,18.71,0,0,0,0,1,0,0,0,0,0,0,1,0,0,4871.11,23144.83,1121.04,B
962,0,1,0,0,1,0,29.54,0,0,0,0,1,0,0,0,0,0,0,1,0,0,5303.54,26236.1,1322.16,None
963,1,0,1,0,0,0,46.62,1,0,0,0,0,0,0,0,1,0,0,1,0,0,3914.73,20661.76,2954.27,A
964,1,0,1,0,0,0,63.23,0,0,1,0,0,0,0,0,0,0,0,1,0,0,3954.57,21542.61,837.34,A
965,0,1,0,0,0,1,60.78,3,0,0,1,0,0,0,0,0,0,1,0,0,0,1031.51,16002.24,2043.92,None
966,0,1,0,0,1,0,24.71,0,0,0,1,0,0,0,0,0,0,0,1,0,0,2607.09,29870.55,432.46,None
967,1,0,1,0,0,0,40.2,3,0,0,1,0,0,0,0,0,0,0,1,0,0,5990.74,35978.05,1419.39,A
968,0,1,0,0,1,0,26.73,0,0,0,0,0,0,0,0,1,0,0,1,0,0,7057.44,21252.9,4023.97,None
969,0,1,0,0,0,1,63.63,0,0,1,0,0,0,0,0,0,0,1,0,0,0,1975.08,10945.61,497.65,None
970,0,1,0,1,0,0,53.2,3,0,0,1,0,0,0,0,0,0,0,0,1,0,8903.41,30416.77,2915.53,None
971,0,1,0,0,1,0,27.63,0,0,0,0,0,0,0,1,0,0,1,0,0,0,2497.75,16218.84,457.62,None
972,1,0,1,0,0,0,22.19,1,0,0,0,1,0,0,0,0,0,1,0,0,0,2479.72,11729.49,802,None
973,1,0,1,0,0,0,52.02,0,0,0,0,0,1,0,0,0,0,1,0,0,0,889.98,19738.64,1201.9,None
974,1,0,0,0,0,1,33.61,1,0,0,0,1,0,0,0,0,0,0,1,0,0,6068.6,5378.2,984.01,None
975,1,0,0,0,1,0,28.72,0,0,1,0,0,0,0,0,0,0,0,0,1,0,3440.76,25877.84,1113.6,None
976,0,1,1,0,0,0,20.06,2,0,0,0,0,1,0,0,0,0,0,0,1,0,14649.94,41026.37,1215.07,A
977,1,0,0,0,1,0,21.5,0,0,0,0,1,0,0,0,0,0,1,0,0,0,1031.38,7913.75,886.57,None
978,1,0,1,0,0,0,51.88,0,0,0,0,0,0,0,0,1,0,0,0,1,0,9863.69,59435.66,2484.09,A
979,0,1,0,1,0,0,60.17,3,0,1,0,0,0,0,0,0,0,0,1,0,0,5886.44,13902.8,945.28,None
980,0,1,0,0,1,0,37.32,0,0,0,0,0,0,1,0,0,0,1,0,0,0,3165.87,10009.49,1165.61,None
981,1,0,1,0,0,0,40.03,1,0,0,0,0,0,0,1,0,0,0,0,1,0,11411.53,24844.95,1173.63,None
982,1,0,0,0,1,0,23.67,0,0,0,0,1,0,0,0,0,0,0,0,1,0,9211.97,25957.57,2595.54,B
983,1,0,0,0,1,0,23.83,0,0,0,0,1,0,0,0,0,0,1,0,0,0,3535.71,16250.07,290.77,B
984,1,0,0,0,0,1,44.83,4,0,0,0,1,0,0,0,0,0,0,0,0,1,6434.98,10797.75,3713.02,None
985,1,0,0,0,1,0,34.5,0,0,0,1,0,0,0,0,0,0,0,0,1,0,9302.75,19956.82,2997.42,None
986,1,0,0,0,1,0,23.08,0,0,0,0,0,0,0,0,1,0,0,0,1,0,9998.06,41793.7,3878.02,None
987,1,0,0,0,0,1,38.21,2,0,0,0,0,1,0,0,0,0,1,0,0,0,586.61,18404.74,1580.6,None
988,0,1,0,0,1,0,35.71,0,0,0,0,0,0,0,1,0,0,0,0,0,1,10133.49,49954.49,3796.31,None
989,1,0,1,0,0,0,51.4,2,0,0,0,0,0,0,1,0,0,0,0,1,0,2692.48,20954.73,2516.79,None
990,0,1,1,0,0,0,25.79,0,1,0,0,0,0,0,0,0,0,1,0,0,0,2692.48,20954.73,2516.79,A
991,0,1,0,0,1,0,20.5,0,1,0,0,0,0,0,0,0,0,1,0,0,0,2692.48,20954.73,2516.79,None
992,0,1,0,0,1,0,27.49,0,0,0,0,0,0,0,1,0,0,0,0,1,0,4899.43,26342.31,2994.99,None
993,1,0,1,0,0,0,22.13,1,0,0,0,0,1,0,0,0,0,0,1,0,0,3085.8,16657.99,1899.98,A
994,0,1,0,0,0,1,41.86,1,0,0,0,0,0,0,1,0,0,0,1,0,0,4555.28,39739.32,1969.29,None
995,0,1,0,0,1,0,23.43,0,0,0,0,0,0,0,0,1,0,0,1,0,0,11244.15,29928.04,2289.49,B
996,1,0,0,0,0,1,47.56,0,0,0,0,0,0,0,1,0,0,0,0,0,1,11143.41,17825.67,3742.27,None
997,1,0,0,1,0,0,56.46,1,0,0,0,0,0,0,1,0,0,1,0,0,0,1049.13,16875.92,507.29,None
998,0,1,1,0,0,0,42.04,0,0,0,0,0,0,0,1,0,0,1,0,0,0,3377.81,14205.2,652.55,None
999,0,1,0,1,0,0,72.92,1,0,0,0,0,0,0,0,0,1,1,0,0,0,1694.83,8837.19,1342.45,None
1000,0,1,0,0,1,0,27.03,0,0,0,1,0,0,0,0,0,0,0,1,0,0,4106.89,37121.38,1307.05,None
