age,children,income,avbal,avtrans,decision,sexNum,mstatusNum,occupationNum,educationNum,sex_F,sex_M,mstatus_divorced,mstatus_married,mstatus_single,mstatus_widowed,occupation_IT,occupation_construct,occupation_education,occupation_finance,occupation_government,occupation_legal,occupation_manuf,occupation_medicine,occupation_retired,education_postgrad,education_professional,education_secondary,education_tertiary
51.4,2,2692.48,20954.73,2516.79,None,0,1,6,0,1,0,0,1,0,0,0,0,0,0,0,0,1,0,0,1,0,0,0
20.5,0,2692.48,20954.73,2516.79,None,1,2,1,2,0,1,0,0,1,0,0,1,0,0,0,0,0,0,0,0,0,1,0
52.02,0,889.98,19738.64,1201.9,None,0,1,0,2,1,0,0,1,0,0,1,0,0,0,0,0,0,0,0,0,0,1,0
25.79,0,2692.48,20954.73,2516.79,A,1,1,1,2,0,1,0,1,0,0,0,1,0,0,0,0,0,0,0,0,0,1,0
27.43,0,4121.55,19983.49,1102.11,None,1,2,2,3,0,1,0,0,1,0,0,0,1,0,0,0,0,0,0,0,0,0,1
33.99,0,3052.68,12092.85,851.02,None,0,2,6,2,1,0,0,0,1,0,0,0,0,0,0,0,1,0,0,0,0,1,0
27.97,0,7361.66,28364.91,1954.94,None,0,2,4,0,1,0,0,0,1,0,0,0,0,0,1,0,0,0,0,1,0,0,0
30.18,3,2248.96,20332.04,1651.66,None,0,1,1,0,1,0,0,1,0,0,0,1,0,0,0,0,0,0,0,1,0,0,0
55.76,1,13393.43,3794.19,2492.07,None,1,1,4,0,0,1,0,1,0,0,0,0,0,0,1,0,0,0,0,1,0,0,0
70.67,1,3320.92,14239.21,984.07,None,0,0,8,3,1,0,1,0,0,0,0,0,0,0,0,0,0,0,1,0,0,0,1
27.97,0,11814.06,39759.75,1111.54,None,0,2,4,0,1,0,0,0,1,0,0,0,0,0,1,0,0,0,0,1,0,0,0
39.85,2,2702.8,25967.57,2444.53,None,1,1,0,3,0,1,0,1,0,0,1,0,0,0,0,0,0,0,0,0,0,0,1
26.23,0,4951.78,26957.78,761.54,None,0,2,6,3,1,0,0,0,1,0,0,0,0,0,0,0,1,0,0,0,0,0,1
23.99,3,3233.24,20215.56,1121.44,None,1,1,1,1,0,1,0,1,0,0,0,1,0,0,0,0,0,0,0,0,1,0,0
39.05,0,8783.51,30179.66,1292.94,None,1,2,3,3,0,1,0,0,1,0,0,0,0,1,0,0,0,0,0,0,0,0,1
46.98,0,3463.28,20150.46,248.52,None,1,0,6,2,0,1,1,0,0,0,0,0,0,0,0,0,1,0,0,0,0,1,0
46.27,0,5797.69,36154.76,1410.4,None,1,0,6,3,0,1,1,0,0,0,0,0,0,0,0,0,1,0,0,0,0,0,1
37.61,4,5396.38,12431.43,991.05,None,0,1,5,3,1,0,0,1,0,0,0,0,0,0,0,1,0,0,0,0,0,0,1
63.93,0,11960.26,61138.6,6896.69,None,0,0,7,1,1,0,1,0,0,0,0,0,0,0,0,0,0,1,0,0,1,0,0
57.12,3,3791.18,31456.42,1342.56,None,1,0,1,3,0,1,1,0,0,0,0,1,0,0,0,0,0,0,0,0,0,0,1
70.83,1,2604.68,13671.58,1026.93,None,1,3,8,0,0,1,0,0,0,1,0,0,0,0,0,0,0,0,1,1,0,0,0
49.03,2,7440.09,30042.31,2085.96,A,0,1,5,3,1,0,0,1,0,0,0,0,0,0,0,1,0,0,0,0,0,0,1
70.66,0,5163.77,8018.26,1079.94,None,0,3,8,0,1,0,0,0,0,1,0,0,0,0,0,0,0,0,1,1,0,0,0
32.28,2,3558.33,19216.65,713.24,A,1,1,6,3,0,1,0,1,0,0,0,0,0,0,0,0,1,0,0,0,0,0,1
47.2,3,5358.23,23972.95,1988.45,None,1,0,3,3,0,1,1,0,0,0,0,0,0,1,0,0,0,0,0,0,0,0,1
66.15,0,2350.12,15075.0,1687.73,None,0,1,8,3,1,0,0,1,0,0,0,0,0,0,0,0,0,0,1,0,0,0,1
39.32,1,7230.79,38445.33,2721.86,None,0,1,7,3,1,0,0,1,0,0,0,0,0,0,0,0,0,1,0,0,0,0,1
36.81,2,5223.23,19613.9,2069.82,None,0,1,6,3,1,0,0,1,0,0,0,0,0,0,0,0,1,0,0,0,0,0,1
49.74,2,5453.65,35356.57,2002.43,None,1,0,3,3,0,1,1,0,0,0,0,0,0,1,0,0,0,0,0,0,0,0,1
21.75,0,3086.05,10153.88,592.97,B,1,2,4,2,0,1,0,0,1,0,0,0,0,0,1,0,0,0,0,0,0,1,0
69.09,1,1932.81,9124.46,781.4,A,0,1,8,2,1,0,0,1,0,0,0,0,0,0,0,0,0,0,1,0,0,1,0
26.66,1,3913.0,22076.67,1668.99,None,1,1,2,3,0,1,0,1,0,0,0,0,1,0,0,0,0,0,0,0,0,0,1
45.32,1,10719.57,29524.05,2074.57,None,1,0,7,3,0,1,1,0,0,0,0,0,0,0,0,0,0,1,0,0,0,0,1
50.04,1,5298.03,33920.4,1500.14,None,0,0,6,3,1,0,1,0,0,0,0,0,0,0,0,0,1,0,0,0,0,0,1
44.25,2,1645.65,9154.42,1364.2,None,0,0,0,2,1,0,1,0,0,0,1,0,0,0,0,0,0,0,0,0,0,1,0
31.38,0,2993.83,12321.45,1200.47,None,1,2,7,2,0,1,0,0,1,0,0,0,0,0,0,0,0,1,0,0,0,1,0
44.21,0,2418.01,12000.81,582.9,None,0,2,4,2,1,0,0,0,1,0,0,0,0,0,1,0,0,0,0,0,0,1,0
47.8,0,864.33,3960.82,589.42,None,1,0,2,2,0,1,1,0,0,0,0,0,1,0,0,0,0,0,0,0,0,1,0
40.81,3,2256.53,20103.89,1618.65,None,1,1,1,1,0,1,0,1,0,0,0,1,0,0,0,0,0,0,0,0,1,0,0
53.99,3,1094.51,20597.15,956.35,None,0,1,0,2,1,0,0,1,0,0,1,0,0,0,0,0,0,0,0,0,0,1,0
63.63,0,1975.08,10945.61,497.65,None,1,0,2,2,0,1,1,0,0,0,0,0,1,0,0,0,0,0,0,0,0,1,0
51.85,0,10274.65,26727.86,2259.59,None,1,0,6,0,0,1,1,0,0,0,0,0,0,0,0,0,1,0,0,1,0,0,0
35.06,0,3508.96,12346.86,437.7,None,0,2,6,2,1,0,0,0,1,0,0,0,0,0,0,0,1,0,0,0,0,1,0
50.42,1,6265.25,36320.75,3731.41,None,0,3,1,3,1,0,0,0,0,1,0,1,0,0,0,0,0,0,0,0,0,0,1
23.67,0,9211.97,25957.57,2595.54,B,0,2,4,0,1,0,0,0,1,0,0,0,0,0,1,0,0,0,0,1,0,0,0
66.82,1,5387.15,35500.66,1506.26,None,0,0,8,1,1,0,1,0,0,0,0,0,0,0,0,0,0,0,1,0,1,0,0
32.14,0,1086.68,12004.37,1325.86,None,1,1,1,1,0,1,0,1,0,0,0,1,0,0,0,0,0,0,0,0,1,0,0
48.1,1,592.85,22844.59,1931.55,A,1,1,7,2,0,1,0,1,0,0,0,0,0,0,0,0,0,1,0,0,0,1,0
57.57,0,5259.4,19997.0,2231.66,None,1,0,1,2,0,1,1,0,0,0,0,1,0,0,0,0,0,0,0,0,0,1,0
24.71,0,2607.09,29870.55,432.46,None,1,2,3,3,0,1,0,0,1,0,0,0,0,1,0,0,0,0,0,0,0,0,1
61.49,4,1376.26,12145.47,1235.43,A,1,1,6,2,0,1,0,1,0,0,0,0,0,0,0,0,1,0,0,0,0,1,0
40.37,2,4001.88,28406.52,1328.02,A,0,1,1,3,1,0,0,1,0,0,0,1,0,0,0,0,0,0,0,0,0,0,1
27.01,0,6845.55,24968.19,2027.0,None,1,2,3,3,0,1,0,0,1,0,0,0,0,1,0,0,0,0,0,0,0,0,1
50.18,0,511.38,7457.52,1153.44,None,0,1,3,2,1,0,0,1,0,0,0,0,0,1,0,0,0,0,0,0,0,1,0
66.09,0,534.9,7015.03,788.32,None,1,0,8,2,0,1,1,0,0,0,0,0,0,0,0,0,0,0,1,0,0,1,0
52.36,2,11524.54,20139.88,6080.2,None,0,0,4,1,1,0,1,0,0,0,0,0,0,0,1,0,0,0,0,0,1,0,0
39.78,1,6991.31,20261.34,2400.23,None,0,1,5,3,1,0,0,1,0,0,0,0,0,0,0,1,0,0,0,0,0,0,1
42.16,1,4561.4,15692.33,1999.36,None,1,1,0,3,0,1,0,1,0,0,1,0,0,0,0,0,0,0,0,0,0,0,1
68.85,3,2869.38,14723.89,994.85,None,0,3,8,3,1,0,0,0,0,1,0,0,0,0,0,0,0,0,1,0,0,0,1
32.37,0,2588.95,15714.75,3062.53,None,0,2,3,3,1,0,0,0,1,0,0,0,0,1,0,0,0,0,0,0,0,0,1
27.41,0,9833.36,11026.02,2303.25,None,1,2,4,0,0,1,0,0,1,0,0,0,0,0,1,0,0,0,0,1,0,0,0
60.49,2,9080.6,28877.91,3018.18,None,0,3,3,0,1,0,0,0,0,1,0,0,0,1,0,0,0,0,0,1,0,0,0
49.04,0,2405.53,6160.56,1306.44,None,0,0,6,2,1,0,1,0,0,0,0,0,0,0,0,0,1,0,0,0,0,1,0
55.98,2,6923.76,22465.76,2259.66,None,0,1,7,3,1,0,0,1,0,0,0,0,0,0,0,0,0,1,0,0,0,0,1
65.7,1,4642.65,12208.85,1339.7,None,1,0,8,3,0,1,1,0,0,0,0,0,0,0,0,0,0,0,1,0,0,0,1
39.36,2,1175.9,12520.68,956.84,None,0,1,6,2,1,0,0,1,0,0,0,0,0,0,0,0,1,0,0,0,0,1,0
49.02,2,2103.48,18577.7,995.2,None,1,0,3,3,0,1,1,0,0,0,0,0,0,1,0,0,0,0,0,0,0,0,1
67.27,0,849.11,9750.49,808.63,None,0,1,8,2,1,0,0,1,0,0,0,0,0,0,0,0,0,0,1,0,0,1,0
30.81,0,1001.33,12018.35,209.87,None,1,2,4,2,0,1,0,0,1,0,0,0,0,0,1,0,0,0,0,0,0,1,0
44.42,3,16074.76,38266.96,3526.25,A,1,1,5,0,0,1,0,1,0,0,0,0,0,0,0,1,0,0,0,1,0,0,0
44.25,3,4497.39,12198.9,881.98,None,1,3,6,2,0,1,0,0,0,1,0,0,0,0,0,0,1,0,0,0,0,1,0
64.38,4,3532.75,24530.75,1575.74,None,0,1,1,3,1,0,0,1,0,0,0,1,0,0,0,0,0,0,0,0,0,0,1
28.0,0,10121.36,46721.65,3037.19,None,1,2,4,1,0,1,0,0,1,0,0,0,0,0,1,0,0,0,0,0,1,0,0
45.45,2,9046.3,29269.81,3420.82,None,1,0,3,3,0,1,1,0,0,0,0,0,0,1,0,0,0,0,0,0,0,0,1
38.35,0,2162.07,8888.64,808.41,None,1,1,6,2,0,1,0,1,0,0,0,0,0,0,0,0,1,0,0,0,0,1,0
25.05,0,2569.11,18864.38,724.63,None,0,2,3,2,1,0,0,0,1,0,0,0,0,1,0,0,0,0,0,0,0,1,0
26.66,0,8650.53,10467.77,3871.36,None,1,2,6,1,0,1,0,0,1,0,0,0,0,0,0,0,1,0,0,0,1,0,0
40.03,1,11411.53,24844.95,1173.63,None,0,1,6,0,1,0,0,1,0,0,0,0,0,0,0,0,1,0,0,1,0,0,0
49.69,2,2509.43,21737.39,1027.04,None,0,0,1,3,1,0,1,0,0,0,0,1,0,0,0,0,0,0,0,0,0,0,1
35.22,1,2490.72,17113.91,284.02,None,1,1,4,2,0,1,0,1,0,0,0,0,0,0,1,0,0,0,0,0,0,1,0
40.35,3,2508.6,4032.28,711.69,A,0,1,4,2,1,0,0,1,0,0,0,0,0,0,1,0,0,0,0,0,0,1,0
58.66,0,5006.93,10404.44,1448.95,None,1,3,4,3,0,1,0,0,0,1,0,0,0,0,1,0,0,0,0,0,0,0,1
28.16,1,2880.85,29718.85,2538.6,A,0,1,5,3,1,0,0,1,0,0,0,0,0,0,0,1,0,0,0,0,0,0,1
44.97,3,6695.0,20729.48,2259.65,None,0,0,3,3,1,0,1,0,0,0,0,0,0,1,0,0,0,0,0,0,0,0,1
31.88,1,3356.69,7424.35,145.25,None,0,1,2,2,1,0,0,1,0,0,0,0,1,0,0,0,0,0,0,0,0,1,0
28.72,0,3440.76,25877.84,1113.6,None,0,2,2,0,1,0,0,0,1,0,0,0,1,0,0,0,0,0,0,1,0,0,0
23.84,0,3853.06,11865.44,712.75,None,0,2,6,2,1,0,0,0,1,0,0,0,0,0,0,0,1,0,0,0,0,1,0
60.17,3,5886.44,13902.8,945.28,None,1,3,2,3,0,1,0,0,0,1,0,0,1,0,0,0,0,0,0,0,0,0,1
33.3,0,2138.89,22048.03,265.22,None,1,2,0,2,0,1,0,0,1,0,1,0,0,0,0,0,0,0,0,0,0,1,0
59.45,2,10426.73,29460.48,1042.93,None,1,1,3,0,0,1,0,1,0,0,0,0,0,1,0,0,0,0,0,1,0,0,0
50.85,4,9310.84,25973.99,2505.14,None,1,3,6,0,0,1,0,0,0,1,0,0,0,0,0,0,1,0,0,1,0,0,0
22.22,0,5636.37,25011.36,2535.67,None,0,2,4,0,1,0,0,0,1,0,0,0,0,0,1,0,0,0,0,1,0,0,0
28.04,0,3141.35,36605.62,1870.51,None,1,2,3,3,0,1,0,0,1,0,0,0,0,1,0,0,0,0,0,0,0,0,1
34.21,0,2827.91,15320.42,914.79,None,1,2,6,2,0,1,0,0,1,0,0,0,0,0,0,0,1,0,0,0,0,1,0
45.82,0,703.6,20535.04,2585.65,None,0,0,5,2,1,0,1,0,0,0,0,0,0,0,0,1,0,0,0,0,0,1,0
43.03,2,619.15,2872.72,1216.9,A,0,1,4,2,1,0,0,1,0,0,0,0,0,0,1,0,0,0,0,0,0,1,0
51.94,2,9198.67,33090.32,4961.85,None,0,1,3,0,1,0,0,1,0,0,0,0,0,1,0,0,0,0,0,1,0,0,0
53.2,0,8219.18,3917.26,3754.81,None,1,3,4,0,0,1,0,0,0,1,0,0,0,0,1,0,0,0,0,1,0,0,0
37.51,1,1450.11,15996.83,735.94,None,1,1,3,2,0,1,0,1,0,0,0,0,0,1,0,0,0,0,0,0,0,1,0
67.78,1,3087.85,23905.9,1590.28,None,0,1,8,3,1,0,0,1,0,0,0,0,0,0,0,0,0,0,1,0,0,0,1
20.05,0,5225.92,33494.77,1759.23,None,0,2,1,1,1,0,0,0,1,0,0,1,0,0,0,0,0,0,0,0,1,0,0
42.45,0,2865.8,42792.8,2724.65,None,0,2,5,3,1,0,0,0,1,0,0,0,0,0,0,1,0,0,0,0,0,0,1
27.85,0,3837.58,11528.44,926.63,None,1,2,4,2,0,1,0,0,1,0,0,0,0,0,1,0,0,0,0,0,0,1,0
40.01,2,2581.99,16908.08,1215.64,None,1,1,3,2,0,1,0,1,0,0,0,0,0,1,0,0,0,0,0,0,0,1,0
62.13,2,3993.99,21914.89,1784.22,None,1,3,2,3,0,1,0,0,0,1,0,0,1,0,0,0,0,0,0,0,0,0,1
42.3,1,4630.31,28998.11,3166.05,None,0,0,3,0,1,0,1,0,0,0,0,0,0,1,0,0,0,0,0,1,0,0,0
30.49,0,2320.77,19511.52,1260.93,None,0,2,1,0,1,0,0,0,1,0,0,1,0,0,0,0,0,0,0,1,0,0,0
51.92,1,4892.6,25482.14,2894.78,A,0,1,2,0,1,0,0,1,0,0,0,0,1,0,0,0,0,0,0,1,0,0,0
64.73,1,12942.22,54919.07,1174.71,None,0,0,4,1,1,0,1,0,0,0,0,0,0,0,1,0,0,0,0,0,1,0,0
43.12,2,8206.02,13127.97,3001.39,None,0,0,2,1,1,0,1,0,0,0,0,0,1,0,0,0,0,0,0,0,1,0,0
45.81,0,1743.26,14885.43,1206.65,None,1,2,0,2,0,1,0,0,1,0,1,0,0,0,0,0,0,0,0,0,0,1,0
27.63,0,2497.75,16218.84,457.62,None,1,2,6,2,0,1,0,0,1,0,0,0,0,0,0,0,1,0,0,0,0,1,0
39.13,2,1262.29,21288.97,1963.87,None,1,1,3,2,0,1,0,1,0,0,0,0,0,1,0,0,0,0,0,0,0,1,0
39.97,3,9675.09,54522.38,3774.26,A,1,1,7,0,0,1,0,1,0,0,0,0,0,0,0,0,0,1,0,1,0,0,0
25.34,3,3735.53,12715.07,3315.75,None,1,1,3,3,0,1,0,1,0,0,0,0,0,1,0,0,0,0,0,0,0,0,1
66.36,0,3875.63,20791.49,1077.71,None,1,1,8,0,0,1,0,1,0,0,0,0,0,0,0,0,0,0,1,1,0,0,0
25.13,2,9599.25,58129.53,2420.35,None,1,1,7,0,0,1,0,1,0,0,0,0,0,0,0,0,0,1,0,1,0,0,0
44.86,1,1915.08,19382.89,2011.31,None,0,0,5,2,1,0,1,0,0,0,0,0,0,0,0,1,0,0,0,0,0,1,0
33.52,0,5007.86,23172.09,2174.52,None,0,2,6,3,1,0,0,0,1,0,0,0,0,0,0,0,1,0,0,0,0,0,1
25.66,0,9994.61,51896.75,3851.1,None,0,2,4,1,1,0,0,0,1,0,0,0,0,0,1,0,0,0,0,0,1,0,0
40.08,3,3089.44,18566.5,1412.62,A,0,1,3,2,1,0,0,1,0,0,0,0,0,1,0,0,0,0,0,0,0,1,0
41.92,2,2500.22,16570.72,2739.64,None,0,0,4,0,1,0,1,0,0,0,0,0,0,0,1,0,0,0,0,1,0,0,0
36.25,0,2126.57,9519.55,1788.15,A,1,1,7,2,0,1,0,1,0,0,0,0,0,0,0,0,0,1,0,0,0,1,0
20.0,0,6776.93,32781.6,2804.99,None,1,2,0,3,0,1,0,0,1,0,1,0,0,0,0,0,0,0,0,0,0,0,1
38.03,0,7109.13,29609.07,3001.48,None,0,2,3,0,1,0,0,0,1,0,0,0,0,1,0,0,0,0,0,1,0,0,0
44.45,0,11037.44,43257.93,2113.02,None,0,2,0,0,1,0,0,0,1,0,1,0,0,0,0,0,0,0,0,1,0,0,0
72.44,2,2137.24,12522.51,807.41,None,0,0,8,3,1,0,1,0,0,0,0,0,0,0,0,0,0,0,1,0,0,0,1
43.42,0,6140.75,36572.83,2015.91,None,0,1,3,3,1,0,0,1,0,0,0,0,0,1,0,0,0,0,0,0,0,0,1
69.45,2,2441.06,14987.41,331.35,None,0,0,8,3,1,0,1,0,0,0,0,0,0,0,0,0,0,0,1,0,0,0,1
47.5,1,8354.8,11994.68,1507.29,None,0,1,4,0,1,0,0,1,0,0,0,0,0,0,1,0,0,0,0,1,0,0,0
40.39,2,3621.7,17251.08,1817.26,None,1,1,5,2,0,1,0,1,0,0,0,0,0,0,0,1,0,0,0,0,0,1,0
43.52,2,673.86,10977.69,200.38,None,1,0,0,2,0,1,1,0,0,0,1,0,0,0,0,0,0,0,0,0,0,1,0
35.71,0,3214.93,15423.24,1996.09,None,0,1,2,0,1,0,0,1,0,0,0,0,1,0,0,0,0,0,0,1,0,0,0
69.61,0,2842.85,15448.78,1147.37,None,1,3,8,3,0,1,0,0,0,1,0,0,0,0,0,0,0,0,1,0,0,0,1
29.22,3,11316.8,34265.83,3322.55,None,0,1,3,0,1,0,0,1,0,0,0,0,0,1,0,0,0,0,0,1,0,0,0
61.14,1,14926.46,23191.1,2926.1,None,1,0,0,0,0,1,1,0,0,0,1,0,0,0,0,0,0,0,0,1,0,0,0
19.96,0,586.86,15931.03,1567.66,None,0,2,0,2,1,0,0,0,1,0,1,0,0,0,0,0,0,0,0,0,0,1,0
20.2,0,3506.84,27505.16,3778.29,None,1,2,7,3,0,1,0,0,1,0,0,0,0,0,0,0,0,1,0,0,0,0,1
25.53,0,2051.9,24212.14,1735.98,B,1,2,6,3,0,1,0,0,1,0,0,0,0,0,0,0,1,0,0,0,0,0,1
39.04,0,8156.1,33611.17,1846.41,None,0,1,0,3,1,0,0,1,0,0,1,0,0,0,0,0,0,0,0,0,0,0,1
38.33,0,1708.38,15048.69,480.3,None,0,1,0,2,1,0,0,1,0,0,1,0,0,0,0,0,0,0,0,0,0,1,0
47.04,0,5078.44,22162.69,922.89,None,1,0,5,2,0,1,1,0,0,0,0,0,0,0,0,1,0,0,0,0,0,1,0
39.45,0,2821.16,35354.49,491.95,None,1,2,0,3,0,1,0,0,1,0,1,0,0,0,0,0,0,0,0,0,0,0,1
34.0,0,7185.3,23265.02,1103.85,None,0,2,3,3,1,0,0,0,1,0,0,0,0,1,0,0,0,0,0,0,0,0,1
34.95,1,1767.0,14617.1,2123.25,None,1,0,3,2,0,1,1,0,0,0,0,0,0,1,0,0,0,0,0,0,0,1,0
29.54,0,5303.54,26236.1,1322.16,None,1,2,4,3,0,1,0,0,1,0,0,0,0,0,1,0,0,0,0,0,0,0,1
57.07,2,4996.54,15985.3,2328.75,None,1,0,6,3,0,1,1,0,0,0,0,0,0,0,0,0,1,0,0,0,0,0,1
25.89,0,13205.43,15820.11,6857.32,None,0,2,6,1,1,0,0,0,1,0,0,0,0,0,0,0,1,0,0,0,1,0,0
48.47,0,5471.97,814.95,2038.46,None,1,1,6,3,0,1,0,1,0,0,0,0,0,0,0,0,1,0,0,0,0,0,1
39.86,0,5978.99,23022.9,2377.78,None,0,2,2,0,1,0,0,0,1,0,0,0,1,0,0,0,0,0,0,1,0,0,0
43.13,0,8045.89,21474.17,1800.08,None,1,1,4,0,0,1,0,1,0,0,0,0,0,0,1,0,0,0,0,1,0,0,0
27.79,0,3197.57,11993.19,1374.47,None,0,2,6,2,1,0,0,0,1,0,0,0,0,0,0,0,1,0,0,0,0,1,0
28.07,0,5002.68,12144.19,2225.71,None,1,1,4,3,0,1,0,1,0,0,0,0,0,0,1,0,0,0,0,0,0,0,1
59.83,0,2528.92,11847.88,770.2,None,1,3,6,2,0,1,0,0,0,1,0,0,0,0,0,0,1,0,0,0,0,1,0
41.41,2,7892.99,8815.18,1638.76,None,0,1,4,3,1,0,0,1,0,0,0,0,0,0,1,0,0,0,0,0,0,0,1
23.39,0,12847.93,33671.32,4842.15,None,0,2,3,1,1,0,0,0,1,0,0,0,0,1,0,0,0,0,0,0,1,0,0
51.6,1,8762.33,14752.59,1487.77,A,0,1,1,2,1,0,0,1,0,0,0,1,0,0,0,0,0,0,0,0,0,1,0
27.98,0,4861.62,23835.17,776.03,None,1,2,0,3,0,1,0,0,1,0,1,0,0,0,0,0,0,0,0,0,0,0,1
56.01,1,4140.42,5780.7,1724.59,None,0,3,2,3,1,0,0,0,0,1,0,0,1,0,0,0,0,0,0,0,0,0,1
35.31,2,1584.06,16853.17,1028.19,None,0,1,6,2,1,0,0,1,0,0,0,0,0,0,0,0,1,0,0,0,0,1,0
27.89,1,3728.02,34551.76,1792.58,A,1,1,2,3,0,1,0,1,0,0,0,0,1,0,0,0,0,0,0,0,0,0,1
26.78,0,2753.22,18800.92,413.78,None,0,2,6,2,1,0,0,0,1,0,0,0,0,0,0,0,1,0,0,0,0,1,0
27.89,0,14736.21,34852.12,6082.29,None,1,2,5,1,0,1,0,0,1,0,0,0,0,0,0,1,0,0,0,0,1,0,0
47.48,0,1138.75,6919.85,341.5,None,1,2,6,2,0,1,0,0,1,0,0,0,0,0,0,0,1,0,0,0,0,1,0
38.95,2,5981.44,27497.47,1459.83,A,0,1,0,3,1,0,0,1,0,0,1,0,0,0,0,0,0,0,0,0,0,0,1
23.07,2,19715.69,60259.76,5624.25,None,0,1,5,1,1,0,0,1,0,0,0,0,0,0,0,1,0,0,0,0,1,0,0
38.96,3,1926.55,15713.06,875.48,A,1,1,3,2,0,1,0,1,0,0,0,0,0,1,0,0,0,0,0,0,0,1,0
24.11,2,2374.71,21143.15,702.15,A,1,1,0,2,0,1,0,1,0,0,1,0,0,0,0,0,0,0,0,0,0,1,0
31.73,2,6936.42,74441.97,4713.93,A,0,1,5,1,1,0,0,1,0,0,0,0,0,0,0,1,0,0,0,0,1,0,0
20.73,0,2948.88,12580.51,721.98,None,0,2,0,2,1,0,0,0,1,0,1,0,0,0,0,0,0,0,0,0,0,1,0
18.92,0,5071.84,1312.35,1290.1,None,0,2,4,3,1,0,0,0,1,0,0,0,0,0,1,0,0,0,0,0,0,0,1
19.69,0,5937.34,25586.27,1342.67,None,1,2,3,3,0,1,0,0,1,0,0,0,0,1,0,0,0,0,0,0,0,0,1
37.71,0,3216.32,7789.15,1319.78,None,1,1,5,2,0,1,0,1,0,0,0,0,0,0,0,1,0,0,0,0,0,1,0
65.66,1,872.52,9633.83,708.01,None,0,0,8,2,1,0,1,0,0,0,0,0,0,0,0,0,0,0,1,0,0,1,0
24.72,0,6724.33,30160.66,3153.15,None,0,2,1,3,1,0,0,0,1,0,0,1,0,0,0,0,0,0,0,0,0,0,1
36.26,2,3923.37,35158.51,1012.62,None,1,1,2,3,0,1,0,1,0,0,0,0,1,0,0,0,0,0,0,0,0,0,1
54.59,2,1086.68,12004.37,1325.86,None,0,1,6,2,1,0,0,1,0,0,0,0,0,0,0,0,1,0,0,0,0,1,0
43.03,1,8884.88,17975.16,4191.64,None,1,0,0,0,0,1,1,0,0,0,1,0,0,0,0,0,0,0,0,1,0,0,0
28.0,0,1843.91,4531.9,1208.46,None,0,2,4,2,1,0,0,0,1,0,0,0,0,0,1,0,0,0,0,0,0,1,0
56.92,2,4981.25,22089.9,1953.66,None,1,0,0,3,0,1,1,0,0,0,1,0,0,0,0,0,0,0,0,0,0,0,1
49.66,2,2992.71,11353.67,303.33,None,0,3,2,2,1,0,0,0,0,1,0,0,1,0,0,0,0,0,0,0,0,1,0
45.28,4,7000.99,19806.22,2508.43,None,1,3,5,3,0,1,0,0,0,1,0,0,0,0,0,1,0,0,0,0,0,0,1
28.27,1,8350.2,37003.44,1985.23,None,1,0,3,3,0,1,1,0,0,0,0,0,0,1,0,0,0,0,0,0,0,0,1
26.77,3,7828.41,24030.28,1793.85,None,0,1,0,3,1,0,0,1,0,0,1,0,0,0,0,0,0,0,0,0,0,0,1
53.2,3,8903.41,30416.77,2915.53,None,1,3,3,0,0,1,0,0,0,1,0,0,0,1,0,0,0,0,0,1,0,0,0
34.09,0,7167.15,15068.04,1748.94,None,0,2,1,0,1,0,0,0,1,0,0,1,0,0,0,0,0,0,0,1,0,0,0
33.37,1,782.64,15740.16,2098.98,None,0,0,7,2,1,0,1,0,0,0,0,0,0,0,0,0,0,1,0,0,0,1,0
26.6,1,1804.89,10185.35,687.71,None,0,0,4,2,1,0,1,0,0,0,0,0,0,0,1,0,0,0,0,0,0,1,0
28.0,0,3490.7,23951.87,2029.82,None,1,2,3,3,0,1,0,0,1,0,0,0,0,1,0,0,0,0,0,0,0,0,1
52.79,2,4408.43,24776.96,1946.16,None,1,1,4,3,0,1,0,1,0,0,0,0,0,0,1,0,0,0,0,0,0,0,1
36.71,1,4030.26,2377.23,409.25,None,1,1,4,2,0,1,0,1,0,0,0,0,0,0,1,0,0,0,0,0,0,1,0
41.38,4,7996.04,35515.14,2094.92,None,0,0,6,0,1,0,1,0,0,0,0,0,0,0,0,0,1,0,0,1,0,0,0
54.5,2,1391.94,18549.12,1724.06,None,0,1,0,2,1,0,0,1,0,0,1,0,0,0,0,0,0,0,0,0,0,1,0
39.76,0,4331.79,24014.18,1500.92,None,1,2,4,3,0,1,0,0,1,0,0,0,0,0,1,0,0,0,0,0,0,0,1
28.01,0,2312.22,16175.42,1226.34,None,0,2,5,2,1,0,0,0,1,0,0,0,0,0,0,1,0,0,0,0,0,1,0
23.23,0,8675.55,10094.5,2773.25,None,1,2,4,0,0,1,0,0,1,0,0,0,0,0,1,0,0,0,0,1,0,0,0
74.32,2,5635.27,29054.95,1202.14,None,1,3,8,0,0,1,0,0,0,1,0,0,0,0,0,0,0,0,1,1,0,0,0
20.91,0,10622.85,25455.03,3927.36,None,1,2,7,0,0,1,0,0,1,0,0,0,0,0,0,0,0,1,0,1,0,0,0
40.04,0,6009.25,22844.52,1212.4,None,0,2,3,3,1,0,0,0,1,0,0,0,0,1,0,0,0,0,0,0,0,0,1
69.84,3,3073.23,33108.03,424.79,A,0,1,8,0,1,0,0,1,0,0,0,0,0,0,0,0,0,0,1,1,0,0,0
59.99,2,6463.95,38496.93,2368.3,None,0,3,7,3,1,0,0,0,0,1,0,0,0,0,0,0,0,1,0,0,0,0,1
43.92,1,2545.29,8967.41,915.71,None,0,1,4,2,1,0,0,1,0,0,0,0,0,0,1,0,0,0,0,0,0,1,0
40.0,0,1927.54,8991.29,1003.8,None,0,1,3,2,1,0,0,1,0,0,0,0,0,1,0,0,0,0,0,0,0,1,0
40.55,0,7035.51,44155.93,3188.92,None,0,2,5,3,1,0,0,0,1,0,0,0,0,0,0,1,0,0,0,0,0,0,1
36.61,2,13452.37,38738.27,4325.51,A,1,1,5,0,0,1,0,1,0,0,0,0,0,0,0,1,0,0,0,1,0,0,0
27.94,0,2987.61,13622.4,547.52,None,0,2,0,2,1,0,0,0,1,0,1,0,0,0,0,0,0,0,0,0,0,1,0
63.38,0,2250.01,16508.32,859.39,None,0,3,2,2,1,0,0,0,0,1,0,0,1,0,0,0,0,0,0,0,0,1,0
33.61,1,6068.6,5378.2,984.01,None,0,0,4,3,1,0,1,0,0,0,0,0,0,0,1,0,0,0,0,0,0,0,1
41.04,1,3826.66,19680.21,752.83,None,0,1,6,2,1,0,0,1,0,0,0,0,0,0,0,0,1,0,0,0,0,1,0
43.51,1,1082.44,15019.49,999.19,None,1,0,3,2,0,1,1,0,0,0,0,0,0,1,0,0,0,0,0,0,0,1,0
39.71,2,1564.97,21047.94,1253.96,A,0,1,4,2,1,0,0,1,0,0,0,0,0,0,1,0,0,0,0,0,0,1,0
47.89,0,1426.36,4914.78,1328.45,None,1,2,6,2,0,1,0,0,1,0,0,0,0,0,0,0,1,0,0,0,0,1,0
57.29,2,4995.33,26083.81,1597.76,None,0,0,4,3,1,0,1,0,0,0,0,0,0,0,1,0,0,0,0,0,0,0,1
21.53,0,9941.92,18677.31,2009.22,None,1,2,0,3,0,1,0,0,1,0,1,0,0,0,0,0,0,0,0,0,0,0,1
27.66,0,3011.28,24418.57,3522.56,None,0,2,3,3,1,0,0,0,1,0,0,0,0,1,0,0,0,0,0,0,0,0,1
36.86,0,2612.11,20001.14,570.54,None,1,1,4,2,0,1,0,1,0,0,0,0,0,0,1,0,0,0,0,0,0,1,0
28.25,0,4995.42,24000.3,1621.18,None,0,2,3,3,1,0,0,0,1,0,0,0,0,1,0,0,0,0,0,0,0,0,1
35.05,2,5295.53,22866.75,2174.63,A,1,1,3,3,0,1,0,1,0,0,0,0,0,1,0,0,0,0,0,0,0,0,1
44.65,1,5194.72,13796.11,1628.31,A,1,1,4,3,0,1,0,1,0,0,0,0,0,0,1,0,0,0,0,0,0,0,1
36.11,0,6934.92,26534.28,1434.66,None,0,2,6,3,1,0,0,0,1,0,0,0,0,0,0,0,1,0,0,0,0,0,1
40.0,1,3466.81,10199.24,239.32,None,1,1,4,2,0,1,0,1,0,0,0,0,0,0,1,0,0,0,0,0,0,1,0
25.93,0,1662.21,12033.74,1286.34,None,0,2,0,2,1,0,0,0,1,0,1,0,0,0,0,0,0,0,0,0,0,1,0
36.28,4,592.85,22844.59,1931.55,None,1,1,1,0,0,1,0,1,0,0,0,1,0,0,0,0,0,0,0,1,0,0,0
55.84,0,3179.27,26469.3,1071.26,None,0,0,5,2,1,0,1,0,0,0,0,0,0,0,0,1,0,0,0,0,0,1,0
37.44,2,9218.1,29720.99,3913.3,A,0,1,5,3,1,0,0,1,0,0,0,0,0,0,0,1,0,0,0,0,0,0,1
35.43,0,5997.88,37382.28,1446.81,None,1,2,3,3,0,1,0,0,1,0,0,0,0,1,0,0,0,0,0,0,0,0,1
32.81,0,3361.07,15616.08,2119.05,None,1,2,3,2,0,1,0,0,1,0,0,0,0,1,0,0,0,0,0,0,0,1,0
58.67,2,2461.32,11150.49,1260.11,None,0,1,0,2,1,0,0,1,0,0,1,0,0,0,0,0,0,0,0,0,0,1,0
27.84,0,3327.88,5597.75,1518.82,None,1,2,4,3,0,1,0,0,1,0,0,0,0,0,1,0,0,0,0,0,0,0,1
47.56,3,8414.09,41495.14,2999.48,None,0,0,3,0,1,0,1,0,0,0,0,0,0,1,0,0,0,0,0,1,0,0,0
27.05,0,2374.29,16314.95,746.54,None,1,2,3,2,0,1,0,0,1,0,0,0,0,1,0,0,0,0,0,0,0,1,0
39.63,1,7793.29,20860.62,1468.64,A,1,1,6,3,0,1,0,1,0,0,0,0,0,0,0,0,1,0,0,0,0,0,1
38.63,2,6307.21,25866.39,716.93,A,1,1,0,3,0,1,0,1,0,0,1,0,0,0,0,0,0,0,0,0,0,0,1
40.28,2,4282.43,30037.17,753.6,A,1,1,4,3,0,1,0,1,0,0,0,0,0,0,1,0,0,0,0,0,0,0,1
24.13,0,7797.77,1850.62,1311.82,None,1,2,6,3,0,1,0,0,1,0,0,0,0,0,0,0,1,0,0,0,0,0,1
68.16,0,1951.32,2700.51,765.54,None,1,1,8,2,0,1,0,1,0,0,0,0,0,0,0,0,0,0,1,0,0,1,0
25.39,0,4943.25,5899.82,1577.68,None,1,2,4,3,0,1,0,0,1,0,0,0,0,0,1,0,0,0,0,0,0,0,1
39.62,0,2463.54,1694.22,1500.08,None,1,1,6,3,0,1,0,1,0,0,0,0,0,0,0,0,1,0,0,0,0,0,1
22.09,1,1500.4,21697.37,1862.66,None,0,1,0,2,1,0,0,1,0,0,1,0,0,0,0,0,0,0,0,0,0,1,0
60.04,1,6016.4,38781.4,2869.1,None,1,3,3,0,0,1,0,0,0,1,0,0,0,1,0,0,0,0,0,1,0,0,0
45.63,0,5581.19,20631.73,967.65,None,1,2,1,3,0,1,0,0,1,0,0,1,0,0,0,0,0,0,0,0,0,0,1
59.76,2,7019.95,12112.66,3000.81,None,1,3,3,0,0,1,0,0,0,1,0,0,0,1,0,0,0,0,0,1,0,0,0
44.36,2,7459.63,24365.05,2999.64,None,1,1,3,0,0,1,0,1,0,0,0,0,0,1,0,0,0,0,0,1,0,0,0
41.63,2,5588.66,16456.78,1150.25,None,1,0,6,3,0,1,1,0,0,0,0,0,0,0,0,0,1,0,0,0,0,0,1
47.78,0,9390.82,17968.03,2414.97,None,1,0,7,0,0,1,1,0,0,0,0,0,0,0,0,0,0,1,0,1,0,0,0
37.32,0,3165.87,10009.49,1165.61,None,1,2,5,2,0,1,0,0,1,0,0,0,0,0,0,1,0,0,0,0,0,1,0
29.76,0,2995.17,17383.45,1861.02,None,1,2,3,2,0,1,0,0,1,0,0,0,0,1,0,0,0,0,0,0,0,1,0
27.84,0,2661.86,5622.38,532.2,None,1,2,2,2,0,1,0,0,1,0,0,0,1,0,0,0,0,0,0,0,0,1,0
38.74,0,5024.36,25499.6,1074.15,None,0,1,6,3,1,0,0,1,0,0,0,0,0,0,0,0,1,0,0,0,0,0,1
24.42,0,11936.89,38085.24,1634.73,B,0,2,5,3,1,0,0,0,1,0,0,0,0,0,0,1,0,0,0,0,0,0,1
20.28,0,6781.92,21991.83,2884.0,B,0,2,5,3,1,0,0,0,1,0,0,0,0,0,0,1,0,0,0,0,0,0,1
68.51,1,4215.06,4563.31,1651.31,A,1,1,8,3,0,1,0,1,0,0,0,0,0,0,0,0,0,0,1,0,0,0,1
58.67,2,2500.62,14213.94,453.0,None,0,3,4,2,1,0,0,0,0,1,0,0,0,0,1,0,0,0,0,0,0,1,0
21.77,0,9074.18,45822.57,3808.06,None,0,2,4,1,1,0,0,0,1,0,0,0,0,0,1,0,0,0,0,0,1,0,0
40.66,2,7276.48,22529.93,2305.0,None,0,0,3,3,1,0,1,0,0,0,0,0,0,1,0,0,0,0,0,0,0,0,1
44.83,4,6434.98,10797.75,3713.02,None,0,0,4,1,1,0,1,0,0,0,0,0,0,0,1,0,0,0,0,0,1,0,0
49.47,0,8099.53,25169.78,2488.36,None,0,0,4,0,1,0,1,0,0,0,0,0,0,0,1,0,0,0,0,1,0,0,0
39.96,3,2253.39,13349.16,777.23,A,0,1,0,2,1,0,0,1,0,0,1,0,0,0,0,0,0,0,0,0,0,1,0
56.82,1,3105.39,33003.48,1776.81,None,0,1,5,2,1,0,0,1,0,0,0,0,0,0,0,1,0,0,0,0,0,1,0
24.35,0,2048.54,11285.16,978.51,None,1,2,6,2,0,1,0,0,1,0,0,0,0,0,0,0,1,0,0,0,0,1,0
37.92,2,10073.63,30795.74,3754.96,None,0,1,3,0,1,0,0,1,0,0,0,0,0,1,0,0,0,0,0,1,0,0,0
28.04,0,2966.88,21066.84,1196.25,None,1,2,3,2,0,1,0,0,1,0,0,0,0,1,0,0,0,0,0,0,0,1,0
69.43,0,4203.1,20957.13,1200.68,None,0,1,8,0,1,0,0,1,0,0,0,0,0,0,0,0,0,0,1,1,0,0,0
39.51,3,5361.2,41902.21,3893.53,None,1,0,3,0,0,1,1,0,0,0,0,0,0,1,0,0,0,0,0,1,0,0,0
35.58,0,6222.71,16219.16,2331.09,None,0,2,3,3,1,0,0,0,1,0,0,0,0,1,0,0,0,0,0,0,0,0,1
49.52,2,5376.51,27389.08,1150.8,None,0,1,6,3,1,0,0,1,0,0,0,0,0,0,0,0,1,0,0,0,0,0,1
36.28,1,1591.0,10211.59,916.71,None,1,1,2,2,0,1,0,1,0,0,0,0,1,0,0,0,0,0,0,0,0,1,0
44.59,2,6724.33,30160.66,3153.15,None,1,1,2,1,0,1,0,1,0,0,0,0,1,0,0,0,0,0,0,0,1,0,0
39.98,1,7843.23,25455.76,2704.42,None,1,1,2,0,0,1,0,1,0,0,0,0,1,0,0,0,0,0,0,1,0,0,0
50.24,2,12275.08,28592.25,4309.14,None,0,1,7,0,1,0,0,1,0,0,0,0,0,0,0,0,0,1,0,1,0,0,0
47.09,2,2014.88,8745.38,1850.98,None,1,0,1,2,0,1,1,0,0,0,0,1,0,0,0,0,0,0,0,0,0,1,0
56.88,0,6000.13,27015.19,2434.6,None,1,0,0,3,0,1,1,0,0,0,1,0,0,0,0,0,0,0,0,0,0,0,1
36.42,2,2223.88,13187.61,836.24,None,0,1,2,2,1,0,0,1,0,0,0,0,1,0,0,0,0,0,0,0,0,1,0
20.46,0,7573.42,27623.04,4959.68,B,1,2,5,0,0,1,0,0,1,0,0,0,0,0,0,1,0,0,0,1,0,0,0
50.27,2,12644.42,17608.87,3388.32,None,1,1,0,0,0,1,0,1,0,0,1,0,0,0,0,0,0,0,0,1,0,0,0
34.96,2,2605.72,8699.05,530.08,None,1,1,3,2,0,1,0,1,0,0,0,0,0,1,0,0,0,0,0,0,0,1,0
72.76,3,1720.76,9972.16,507.67,None,0,0,8,2,1,0,1,0,0,0,0,0,0,0,0,0,0,0,1,0,0,1,0
34.82,2,6701.74,16363.95,3541.74,None,0,0,7,3,1,0,1,0,0,0,0,0,0,0,0,0,0,1,0,0,0,0,1
25.4,0,9358.84,22671.85,2623.8,None,0,0,6,0,1,0,1,0,0,0,0,0,0,0,0,0,1,0,0,1,0,0,0
41.27,2,8477.8,45466.29,5885.52,A,0,1,1,0,1,0,0,1,0,0,0,1,0,0,0,0,0,0,0,1,0,0,0
57.84,0,2500.88,5691.44,1278.66,None,0,0,4,2,1,0,1,0,0,0,0,0,0,0,1,0,0,0,0,0,0,1,0
39.89,0,3882.51,23513.36,1145.44,None,0,2,2,3,1,0,0,0,1,0,0,0,1,0,0,0,0,0,0,0,0,0,1
39.99,2,2535.76,20452.82,1338.44,None,1,1,6,2,0,1,0,1,0,0,0,0,0,0,0,0,1,0,0,0,0,1,0
27.87,0,2803.0,18091.39,391.03,B,1,2,2,2,0,1,0,0,1,0,0,0,1,0,0,0,0,0,0,0,0,1,0
35.85,2,4800.78,16256.68,1194.17,None,1,1,3,3,0,1,0,1,0,0,0,0,0,1,0,0,0,0,0,0,0,0,1
56.46,1,1049.13,16875.92,507.29,None,0,3,6,2,1,0,0,0,0,1,0,0,0,0,0,0,1,0,0,0,0,1,0
51.41,1,3434.82,17621.82,1209.87,None,0,0,0,2,1,0,1,0,0,0,1,0,0,0,0,0,0,0,0,0,0,1,0
44.81,0,9134.84,47529.84,3537.32,None,1,2,0,0,0,1,0,0,1,0,1,0,0,0,0,0,0,0,0,1,0,0,0
46.83,4,5715.3,10225.96,1579.61,None,0,1,3,3,1,0,0,1,0,0,0,0,0,1,0,0,0,0,0,0,0,0,1
45.16,2,7311.08,18248.45,3152.17,None,0,0,4,0,1,0,1,0,0,0,0,0,0,0,1,0,0,0,0,1,0,0,0
39.69,2,2721.66,28354.99,1185.04,A,0,1,5,3,1,0,0,1,0,0,0,0,0,0,0,1,0,0,0,0,0,0,1
70.46,2,5797.28,33672.38,519.92,None,0,3,8,0,1,0,0,0,0,1,0,0,0,0,0,0,0,0,1,1,0,0,0
42.51,2,2574.35,20220.65,828.49,None,1,1,5,2,0,1,0,1,0,0,0,0,0,0,0,1,0,0,0,0,0,1,0
78.11,1,1301.5,15776.72,1100.96,None,0,3,8,2,1,0,0,0,0,1,0,0,0,0,0,0,0,0,1,0,0,1,0
27.22,0,4706.28,20140.35,1368.86,None,1,2,4,3,0,1,0,0,1,0,0,0,0,0,1,0,0,0,0,0,0,0,1
31.26,1,3514.06,55554.49,3809.98,None,1,0,6,1,0,1,1,0,0,0,0,0,0,0,0,0,1,0,0,0,1,0,0
37.94,2,3777.18,25017.73,2498.86,A,0,1,1,1,1,0,0,1,0,0,0,1,0,0,0,0,0,0,0,0,1,0,0
49.28,0,6967.26,28809.91,1473.94,None,0,1,7,3,1,0,0,1,0,0,0,0,0,0,0,0,0,1,0,0,0,0,1
26.81,0,5297.12,29895.86,2482.71,B,1,2,5,3,0,1,0,0,1,0,0,0,0,0,0,1,0,0,0,0,0,0,1
60.78,3,1031.51,16002.24,2043.92,None,1,0,3,2,0,1,1,0,0,0,0,0,0,1,0,0,0,0,0,0,0,1,0
27.56,2,2536.2,25039.67,3442.84,None,0,0,4,0,1,0,1,0,0,0,0,0,0,0,1,0,0,0,0,1,0,0,0
28.05,3,7708.39,19249.76,2485.03,B,0,0,4,0,1,0,1,0,0,0,0,0,0,0,1,0,0,0,0,1,0,0,0
47.54,2,3404.6,10350.68,594.02,A,1,1,6,2,0,1,0,1,0,0,0,0,0,0,0,0,1,0,0,0,0,1,0
37.34,2,5386.55,36293.6,2308.35,None,1,1,6,3,0,1,0,1,0,0,0,0,0,0,0,0,1,0,0,0,0,0,1
44.73,0,7247.5,22575.66,828.11,None,1,0,0,3,0,1,1,0,0,0,1,0,0,0,0,0,0,0,0,0,0,0,1
39.96,1,11223.81,16528.01,1250.11,None,1,1,6,0,0,1,0,1,0,0,0,0,0,0,0,0,1,0,0,1,0,0,0
43.63,0,1268.31,14855.89,684.0,None,0,2,2,2,1,0,0,0,1,0,0,0,1,0,0,0,0,0,0,0,0,1,0
65.63,2,4009.99,10476.27,509.94,None,0,3,8,0,1,0,0,0,0,1,0,0,0,0,0,0,0,0,1,1,0,0,0
55.58,2,2821.57,16220.6,1058.39,None,1,1,3,2,0,1,0,1,0,0,0,0,0,1,0,0,0,0,0,0,0,1,0
57.88,1,5382.84,21458.64,1585.45,None,1,3,7,2,0,1,0,0,0,1,0,0,0,0,0,0,0,1,0,0,0,1,0
59.92,0,1797.91,23114.5,1548.9,None,1,3,0,2,0,1,0,0,0,1,1,0,0,0,0,0,0,0,0,0,0,1,0
62.99,2,2804.96,31031.11,2590.77,None,1,3,5,3,0,1,0,0,0,1,0,0,0,0,0,1,0,0,0,0,0,0,1
64.89,2,1791.56,11295.41,799.94,None,0,0,6,2,1,0,1,0,0,0,0,0,0,0,0,0,1,0,0,0,0,1,0
57.12,1,11915.06,31091.86,3770.24,None,1,1,5,3,0,1,0,1,0,0,0,0,0,0,0,1,0,0,0,0,0,0,1
50.84,0,10716.45,34888.58,3899.33,A,0,1,3,0,1,0,0,1,0,0,0,0,0,1,0,0,0,0,0,1,0,0,0
32.03,3,9066.49,32186.72,2999.98,None,1,1,0,0,0,1,0,1,0,0,1,0,0,0,0,0,0,0,0,1,0,0,0
30.84,0,1941.58,15737.93,215.52,None,1,1,4,2,0,1,0,1,0,0,0,0,0,0,1,0,0,0,0,0,0,1,0
34.93,1,9979.31,26134.38,2065.62,None,1,1,4,0,0,1,0,1,0,0,0,0,0,0,1,0,0,0,0,1,0,0,0
27.43,2,2035.53,11471.68,439.72,None,0,0,2,2,1,0,1,0,0,0,0,0,1,0,0,0,0,0,0,0,0,1,0
49.66,1,7505.61,46430.14,2997.21,None,0,1,0,0,1,0,0,1,0,0,1,0,0,0,0,0,0,0,0,1,0,0,0
32.63,4,1730.58,16511.9,1851.99,None,1,1,3,2,0,1,0,1,0,0,0,0,0,1,0,0,0,0,0,0,0,1,0
33.18,1,2284.61,16098.74,1196.33,A,1,1,7,2,0,1,0,1,0,0,0,0,0,0,0,0,0,1,0,0,0,1,0
39.97,2,4906.33,20328.02,673.85,None,0,1,4,3,1,0,0,1,0,0,0,0,0,0,1,0,0,0,0,0,0,0,1
71.75,0,2330.11,18009.39,793.74,None,0,3,8,3,1,0,0,0,0,1,0,0,0,0,0,0,0,0,1,0,0,0,1
45.04,3,9288.05,28036.63,4662.6,A,1,1,3,1,0,1,0,1,0,0,0,0,0,1,0,0,0,0,0,0,1,0,0
26.41,1,3983.86,13557.57,984.02,None,1,1,2,3,0,1,0,1,0,0,0,0,1,0,0,0,0,0,0,0,0,0,1
60.0,2,4606.89,25168.39,560.9,None,1,3,4,3,0,1,0,0,0,1,0,0,0,0,1,0,0,0,0,0,0,0,1
40.91,0,8981.14,30580.62,2276.43,None,1,1,3,0,0,1,0,1,0,0,0,0,0,1,0,0,0,0,0,1,0,0,0
34.62,1,1899.2,16227.06,702.96,None,0,1,0,2,1,0,0,1,0,0,1,0,0,0,0,0,0,0,0,0,0,1,0
66.41,3,2219.78,20866.69,1398.47,None,1,0,8,3,0,1,1,0,0,0,0,0,0,0,0,0,0,0,1,0,0,0,1
26.46,0,4282.88,19819.25,1930.6,None,0,1,3,0,1,0,0,1,0,0,0,0,0,1,0,0,0,0,0,1,0,0,0
59.44,1,8477.8,45466.29,5885.52,None,0,0,5,0,1,0,1,0,0,0,0,0,0,0,0,1,0,0,0,1,0,0,0
39.98,3,2248.96,20332.04,1651.66,None,1,1,6,3,0,1,0,1,0,0,0,0,0,0,0,0,1,0,0,0,0,0,1
56.38,1,4988.09,22007.77,1495.21,A,1,1,4,3,0,1,0,1,0,0,0,0,0,0,1,0,0,0,0,0,0,0,1
65.09,1,2585.46,29592.53,815.53,None,1,1,8,0,0,1,0,1,0,0,0,0,0,0,0,0,0,0,1,1,0,0,0
37.83,2,6911.05,27441.06,3315.73,None,1,1,7,3,0,1,0,1,0,0,0,0,0,0,0,0,0,1,0,0,0,0,1
18.13,0,2349.42,9989.01,1007.41,None,1,2,2,3,0,1,0,0,1,0,0,0,1,0,0,0,0,0,0,0,0,0,1
36.29,0,3009.45,2229.96,795.18,None,1,0,4,2,0,1,1,0,0,0,0,0,0,0,1,0,0,0,0,0,0,1,0
39.95,2,3302.41,24920.76,1165.51,A,0,1,5,3,1,0,0,1,0,0,0,0,0,0,0,1,0,0,0,0,0,0,1
30.93,0,4018.73,21433.63,929.56,None,1,2,2,3,0,1,0,0,1,0,0,0,1,0,0,0,0,0,0,0,0,0,1
22.37,0,3095.72,11810.51,550.17,None,0,2,6,2,1,0,0,0,1,0,0,0,0,0,0,0,1,0,0,0,0,1,0
23.83,0,3535.71,16250.07,290.77,B,0,2,4,2,1,0,0,0,1,0,0,0,0,0,1,0,0,0,0,0,0,1,0
45.42,4,1926.55,15713.06,875.48,A,1,1,1,1,0,1,0,1,0,0,0,1,0,0,0,0,0,0,0,0,1,0,0
24.83,0,2768.89,5250.13,1852.5,None,1,1,4,3,0,1,0,1,0,0,0,0,0,0,1,0,0,0,0,0,0,0,1
47.55,0,7760.13,13585.9,1608.84,None,0,2,6,3,1,0,0,0,1,0,0,0,0,0,0,0,1,0,0,0,0,0,1
26.59,0,10358.03,25939.39,6537.16,B,1,2,6,1,0,1,0,0,1,0,0,0,0,0,0,0,1,0,0,0,1,0,0
69.15,1,1499.97,10697.22,1354.99,None,0,1,8,2,1,0,0,1,0,0,0,0,0,0,0,0,0,0,1,0,0,1,0
41.34,2,5331.59,34455.95,1429.28,None,0,1,0,3,1,0,0,1,0,0,1,0,0,0,0,0,0,0,0,0,0,0,1
38.32,4,2834.5,13840.58,1621.68,A,1,1,3,2,0,1,0,1,0,0,0,0,0,1,0,0,0,0,0,0,0,1,0
27.59,0,7485.82,21420.86,2433.15,None,0,2,4,3,1,0,0,0,1,0,0,0,0,0,1,0,0,0,0,0,0,0,1
29.13,1,6111.69,16563.68,1184.51,None,0,1,3,3,1,0,0,1,0,0,0,0,0,1,0,0,0,0,0,0,0,0,1
40.26,1,3286.1,18494.87,1221.27,None,0,1,0,2,1,0,0,1,0,0,1,0,0,0,0,0,0,0,0,0,0,1,0
25.82,0,7689.36,33416.4,1990.2,None,0,2,3,0,1,0,0,0,1,0,0,0,0,1,0,0,0,0,0,1,0,0,0
29.99,0,1120.04,24809.72,1848.08,None,0,2,5,2,1,0,0,0,1,0,0,0,0,0,0,1,0,0,0,0,0,1,0
41.72,2,2485.13,23438.27,1462.45,None,1,0,4,3,0,1,1,0,0,0,0,0,0,0,1,0,0,0,0,0,0,0,1
25.77,0,2058.16,16096.06,2063.76,None,0,2,3,2,1,0,0,0,1,0,0,0,0,1,0,0,0,0,0,0,0,1,0
27.18,0,2047.22,13802.91,795.24,None,1,2,6,2,0,1,0,0,1,0,0,0,0,0,0,0,1,0,0,0,0,1,0
27.91,0,2244.02,10163.05,505.16,None,1,2,4,2,0,1,0,0,1,0,0,0,0,0,1,0,0,0,0,0,0,1,0
56.83,1,2371.89,21955.26,1614.6,None,0,1,3,2,1,0,0,1,0,0,0,0,0,1,0,0,0,0,0,0,0,1,0
49.11,2,9219.76,28814.28,1230.7,A,0,1,3,3,1,0,0,1,0,0,0,0,0,1,0,0,0,0,0,0,0,0,1
59.56,2,1738.57,16035.35,1301.17,None,0,1,0,2,1,0,0,1,0,0,1,0,0,0,0,0,0,0,0,0,0,1,0
39.5,0,7128.14,26372.59,2004.44,None,1,2,0,3,0,1,0,0,1,0,1,0,0,0,0,0,0,0,0,0,0,0,1
47.58,0,2772.29,37824.75,1302.39,None,0,2,4,3,1,0,0,0,1,0,0,0,0,0,1,0,0,0,0,0,0,0,1
46.15,2,2729.69,18324.89,2709.47,None,1,1,5,2,0,1,0,1,0,0,0,0,0,0,0,1,0,0,0,0,0,1,0
59.65,0,3420.04,24980.83,3009.88,None,0,1,0,3,1,0,0,1,0,0,1,0,0,0,0,0,0,0,0,0,0,0,1
38.21,2,586.61,18404.74,1580.6,None,0,0,0,2,1,0,1,0,0,0,1,0,0,0,0,0,0,0,0,0,0,1,0
53.59,3,2973.28,12826.05,947.26,A,1,1,4,2,0,1,0,1,0,0,0,0,0,0,1,0,0,0,0,0,0,1,0
28.9,0,6966.33,21990.4,2153.95,None,0,1,6,3,1,0,0,1,0,0,0,0,0,0,0,0,1,0,0,0,0,0,1
28.0,0,2219.61,16136.1,280.08,None,0,2,1,2,1,0,0,0,1,0,0,1,0,0,0,0,0,0,0,0,0,1,0
72.92,2,5358.66,10731.84,1063.16,None,0,0,8,0,1,0,1,0,0,0,0,0,0,0,0,0,0,0,1,1,0,0,0
70.02,0,2446.3,33356.61,1240.91,None,0,3,8,0,1,0,0,0,0,1,0,0,0,0,0,0,0,0,1,1,0,0,0
38.11,2,2574.35,20220.65,828.49,None,0,1,1,2,1,0,0,1,0,0,0,1,0,0,0,0,0,0,0,0,0,1,0
86.8,2,4689.28,33038.0,1353.32,None,0,3,8,1,1,0,0,0,0,1,0,0,0,0,0,0,0,0,1,0,1,0,0
24.35,0,2600.58,17139.96,2255.63,A,1,1,7,2,0,1,0,1,0,0,0,0,0,0,0,0,0,1,0,0,0,1,0
59.34,2,5897.32,30069.58,724.83,A,0,1,0,3,1,0,0,1,0,0,1,0,0,0,0,0,0,0,0,0,0,0,1
59.06,2,1539.08,21834.78,776.93,None,1,0,2,2,0,1,1,0,0,0,0,0,1,0,0,0,0,0,0,0,0,1,0
45.57,0,7436.51,29997.64,2585.14,None,1,1,5,3,0,1,0,1,0,0,0,0,0,0,0,1,0,0,0,0,0,0,1
43.1,1,2440.21,19562.72,1236.97,None,1,0,0,2,0,1,1,0,0,0,1,0,0,0,0,0,0,0,0,0,0,1,0
43.06,2,5475.49,15278.83,3728.35,None,1,0,3,0,0,1,1,0,0,0,0,0,0,1,0,0,0,0,0,1,0,0,0
59.63,3,12837.16,15063.45,3669.4,None,0,0,3,0,1,0,1,0,0,0,0,0,0,1,0,0,0,0,0,1,0,0,0
44.92,1,3135.45,12064.45,3092.13,None,0,1,2,0,1,0,0,1,0,0,0,0,1,0,0,0,0,0,0,1,0,0,0
47.75,0,6708.68,36184.38,2603.56,None,0,2,0,3,1,0,0,0,1,0,1,0,0,0,0,0,0,0,0,0,0,0,1
23.55,0,3000.36,26802.91,929.53,None,0,2,5,2,1,0,0,0,1,0,0,0,0,0,0,1,0,0,0,0,0,1,0
28.32,2,2545.87,16096.29,669.68,None,1,0,4,2,0,1,1,0,0,0,0,0,0,0,1,0,0,0,0,0,0,1,0
39.2,0,3094.49,8101.6,1704.52,None,0,2,5,2,1,0,0,0,1,0,0,0,0,0,0,1,0,0,0,0,0,1,0
40.02,2,2892.27,12045.38,1589.89,None,0,0,7,2,1,0,1,0,0,0,0,0,0,0,0,0,0,1,0,0,0,1,0
38.82,2,12786.15,33769.61,2758.88,None,0,1,3,1,1,0,0,1,0,0,0,0,0,1,0,0,0,0,0,0,1,0,0
58.98,2,3507.01,12834.27,1958.05,A,0,1,6,3,1,0,0,1,0,0,0,0,0,0,0,0,1,0,0,0,0,0,1
32.64,0,3837.49,22595.95,1480.21,None,1,2,6,3,0,1,0,0,1,0,0,0,0,0,0,0,1,0,0,0,0,0,1
45.12,4,4701.98,19347.37,2230.32,None,0,0,3,3,1,0,1,0,0,0,0,0,0,1,0,0,0,0,0,0,0,0,1
65.19,0,781.87,17593.72,652.56,None,0,3,8,2,1,0,0,0,0,1,0,0,0,0,0,0,0,0,1,0,0,1,0
67.8,1,4233.5,21090.72,1054.93,None,0,0,8,3,1,0,1,0,0,0,0,0,0,0,0,0,0,0,1,0,0,0,1
59.72,2,7999.92,44733.84,3010.56,None,0,3,2,1,1,0,0,0,0,1,0,0,1,0,0,0,0,0,0,0,1,0,0
52.64,2,2247.32,15230.28,934.93,None,1,1,0,3,0,1,0,1,0,0,1,0,0,0,0,0,0,0,0,0,0,0,1
57.46,1,4661.25,23557.58,1737.89,None,1,1,5,2,0,1,0,1,0,0,0,0,0,0,0,1,0,0,0,0,0,1,0
51.22,4,5259.4,19997.0,2231.66,None,0,1,4,3,1,0,0,1,0,0,0,0,0,0,1,0,0,0,0,0,0,0,1
35.93,2,3124.31,17124.01,867.15,A,0,1,6,3,1,0,0,1,0,0,0,0,0,0,0,0,1,0,0,0,0,0,1
25.1,0,6179.39,25919.54,2536.51,B,1,2,7,3,0,1,0,0,1,0,0,0,0,0,0,0,0,1,0,0,0,0,1
40.0,1,5843.79,35709.73,2616.6,None,1,1,6,0,0,1,0,1,0,0,0,0,0,0,0,0,1,0,0,1,0,0,0
45.23,0,6684.38,27636.88,3950.75,None,0,2,4,0,1,0,0,0,1,0,0,0,0,0,1,0,0,0,0,1,0,0,0
32.12,0,6000.39,24503.51,787.1,None,1,2,0,3,0,1,0,0,1,0,1,0,0,0,0,0,0,0,0,0,0,0,1
47.65,1,1471.6,17708.14,774.0,A,0,1,0,2,1,0,0,1,0,0,1,0,0,0,0,0,0,0,0,0,0,1,0
31.98,1,3880.48,11596.28,211.76,None,1,1,6,2,0,1,0,1,0,0,0,0,0,0,0,0,1,0,0,0,0,1,0
37.02,2,2120.58,14361.43,838.99,None,1,1,4,2,0,1,0,1,0,0,0,0,0,0,1,0,0,0,0,0,0,1,0
22.16,2,8212.69,40886.35,3029.8,A,1,1,0,0,0,1,0,1,0,0,1,0,0,0,0,0,0,0,0,1,0,0,0
28.25,0,3884.28,33656.69,578.24,None,0,2,2,3,1,0,0,0,1,0,0,0,1,0,0,0,0,0,0,0,0,0,1
41.86,0,3652.92,30785.56,3152.84,None,0,2,3,0,1,0,0,0,1,0,0,0,0,1,0,0,0,0,0,1,0,0,0
42.09,1,2926.77,21391.2,1002.58,None,0,1,7,2,1,0,0,1,0,0,0,0,0,0,0,0,0,1,0,0,0,1,0
37.81,0,6670.27,25640.38,527.66,None,0,1,6,3,1,0,0,1,0,0,0,0,0,0,0,0,1,0,0,0,0,0,1
23.64,3,2869.38,14723.89,994.85,None,0,1,1,2,1,0,0,1,0,0,0,1,0,0,0,0,0,0,0,0,0,1,0
41.15,0,738.95,15779.52,1382.27,None,1,0,3,2,0,1,1,0,0,0,0,0,0,1,0,0,0,0,0,0,0,1,0
30.93,2,4180.72,8735.23,1499.7,A,0,1,4,3,1,0,0,1,0,0,0,0,0,0,1,0,0,0,0,0,0,0,1
31.23,2,2642.01,19508.46,966.06,A,0,1,2,2,1,0,0,1,0,0,0,0,1,0,0,0,0,0,0,0,0,1,0
20.06,0,2431.12,26988.85,2345.84,None,1,2,3,3,0,1,0,0,1,0,0,0,0,1,0,0,0,0,0,0,0,0,1
36.27,0,10187.55,47354.33,5338.71,None,1,2,4,1,0,1,0,0,1,0,0,0,0,0,1,0,0,0,0,0,1,0,0
35.48,1,3356.19,8739.98,294.13,None,0,1,6,2,1,0,0,1,0,0,0,0,0,0,0,0,1,0,0,0,0,1,0
39.8,1,3742.28,14590.72,769.22,None,0,1,4,2,1,0,0,1,0,0,0,0,0,0,1,0,0,0,0,0,0,1,0
87.35,3,4874.08,18941.99,863.56,None,1,3,8,3,0,1,0,0,0,1,0,0,0,0,0,0,0,0,1,0,0,0,1
46.15,2,6234.92,18363.03,3940.24,None,1,0,5,3,0,1,1,0,0,0,0,0,0,0,0,1,0,0,0,0,0,0,1
49.75,1,2964.94,29658.66,673.27,None,1,1,4,3,0,1,0,1,0,0,0,0,0,0,1,0,0,0,0,0,0,0,1
31.41,0,2577.15,8128.83,865.83,None,1,1,4,2,0,1,0,1,0,0,0,0,0,0,1,0,0,0,0,0,0,1,0
31.57,3,14243.42,46115.76,4169.93,A,1,1,3,1,0,1,0,1,0,0,0,0,0,1,0,0,0,0,0,0,1,0,0
38.99,3,1770.34,20869.3,926.4,None,0,0,6,2,1,0,1,0,0,0,0,0,0,0,0,0,1,0,0,0,0,1,0
26.91,0,1522.26,10931.53,1162.29,None,1,2,4,2,0,1,0,0,1,0,0,0,0,0,1,0,0,0,0,0,0,1,0
26.73,2,10538.86,29376.14,4191.19,A,0,1,0,0,1,0,0,1,0,0,1,0,0,0,0,0,0,0,0,1,0,0,0
41.63,0,1282.0,15890.52,1446.68,None,1,2,3,2,0,1,0,0,1,0,0,0,0,1,0,0,0,0,0,0,0,1,0
55.56,1,3241.13,11092.16,799.95,None,0,0,4,2,1,0,1,0,0,0,0,0,0,0,1,0,0,0,0,0,0,1,0
24.41,0,13056.93,35535.66,4908.91,None,0,2,1,2,1,0,0,0,1,0,0,1,0,0,0,0,0,0,0,0,0,1,0
23.23,0,8664.08,22064.65,2269.68,B,0,2,7,3,1,0,0,0,1,0,0,0,0,0,0,0,0,1,0,0,0,0,1
47.14,0,688.16,9527.63,1334.82,None,0,2,3,2,1,0,0,0,1,0,0,0,0,1,0,0,0,0,0,0,0,1,0
51.17,0,9308.28,30079.84,1885.25,None,0,1,0,0,1,0,0,1,0,0,1,0,0,0,0,0,0,0,0,1,0,0,0
79.38,2,1440.97,9955.54,1124.78,None,0,3,8,2,1,0,0,0,0,1,0,0,0,0,0,0,0,0,1,0,0,1,0
40.02,0,3157.55,12058.29,281.39,None,0,1,6,2,1,0,0,1,0,0,0,0,0,0,0,0,1,0,0,0,0,1,0
63.52,3,2723.4,21821.02,1324.28,None,0,1,4,2,1,0,0,1,0,0,0,0,0,0,1,0,0,0,0,0,0,1,0
25.83,0,7226.4,29092.73,2682.05,None,1,2,5,3,0,1,0,0,1,0,0,0,0,0,0,1,0,0,0,0,0,0,1
37.98,4,1181.14,19858.82,823.23,None,0,1,4,2,1,0,0,1,0,0,0,0,0,0,1,0,0,0,0,0,0,1,0
45.17,1,5378.92,21331.51,2838.42,None,1,0,3,0,0,1,1,0,0,0,0,0,0,1,0,0,0,0,0,1,0,0,0
42.04,0,3377.81,14205.2,652.55,None,1,1,6,2,0,1,0,1,0,0,0,0,0,0,0,0,1,0,0,0,0,1,0
45.59,2,4408.43,24776.96,1946.16,None,1,0,1,2,0,1,1,0,0,0,0,1,0,0,0,0,0,0,0,0,0,1,0
30.93,0,4995.33,26083.81,1597.76,None,0,1,1,3,1,0,0,1,0,0,0,1,0,0,0,0,0,0,0,0,0,0,1
56.51,1,8917.89,11595.8,1444.51,None,1,3,0,3,0,1,0,0,0,1,1,0,0,0,0,0,0,0,0,0,0,0,1
81.56,2,3960.11,15056.3,679.79,None,0,3,8,3,1,0,0,0,0,1,0,0,0,0,0,0,0,0,1,0,0,0,1
19.48,0,5784.71,17111.17,2196.83,None,0,2,6,3,1,0,0,0,1,0,0,0,0,0,0,0,1,0,0,0,0,0,1
20.56,0,15454.28,25290.38,4972.15,None,0,2,0,1,1,0,0,0,1,0,1,0,0,0,0,0,0,0,0,0,1,0,0
72.76,3,3493.57,18993.73,1197.26,None,0,3,8,0,1,0,0,0,0,1,0,0,0,0,0,0,0,0,1,1,0,0,0
35.73,0,1741.13,14491.1,1045.64,None,1,2,3,2,0,1,0,0,1,0,0,0,0,1,0,0,0,0,0,0,0,1,0
39.79,1,579.42,16311.43,814.35,None,1,1,0,2,0,1,0,1,0,0,1,0,0,0,0,0,0,0,0,0,0,1,0
28.0,0,9956.44,30937.8,3866.72,None,1,2,5,3,0,1,0,0,1,0,0,0,0,0,0,1,0,0,0,0,0,0,1
45.33,2,11164.85,46632.5,2541.4,None,1,1,4,0,0,1,0,1,0,0,0,0,0,0,1,0,0,0,0,1,0,0,0
31.86,0,2570.25,4004.41,1135.59,None,0,1,4,2,1,0,0,1,0,0,0,0,0,0,1,0,0,0,0,0,0,1,0
31.11,1,9968.58,40680.7,4708.21,None,1,1,3,1,0,1,0,1,0,0,0,0,0,1,0,0,0,0,0,0,1,0,0
18.86,0,2863.63,19999.31,1954.86,None,1,2,6,3,0,1,0,0,1,0,0,0,0,0,0,0,1,0,0,0,0,0,1
32.22,0,2980.29,12719.64,893.49,None,0,2,6,2,1,0,0,0,1,0,0,0,0,0,0,0,1,0,0,0,0,1,0
31.69,0,2526.79,35832.65,1716.39,None,0,2,4,3,1,0,0,0,1,0,0,0,0,0,1,0,0,0,0,0,0,0,1
60.02,0,4092.82,12359.94,1530.55,None,1,3,6,3,0,1,0,0,0,1,0,0,0,0,0,0,1,0,0,0,0,0,1
29.71,1,9646.94,32848.65,1905.73,B,1,0,3,3,0,1,1,0,0,0,0,0,0,1,0,0,0,0,0,0,0,0,1
43.19,0,4449.75,22624.1,1274.35,None,1,0,4,3,0,1,1,0,0,0,0,0,0,0,1,0,0,0,0,0,0,0,1
63.23,0,3954.57,21542.61,837.34,A,0,1,2,3,1,0,0,1,0,0,0,0,1,0,0,0,0,0,0,0,0,0,1
40.29,0,5914.94,19348.1,3012.47,None,0,1,3,0,1,0,0,1,0,0,0,0,0,1,0,0,0,0,0,1,0,0,0
29.04,0,9620.29,27409.37,2176.26,A,0,1,0,3,1,0,0,1,0,0,1,0,0,0,0,0,0,0,0,0,0,0,1
35.34,0,4296.81,23993.14,3295.92,None,1,1,3,3,0,1,0,1,0,0,0,0,0,1,0,0,0,0,0,0,0,0,1
79.78,0,3667.55,15010.56,665.02,None,1,3,8,3,0,1,0,0,0,1,0,0,0,0,0,0,0,0,1,0,0,0,1
39.73,1,9971.1,46357.07,4771.25,A,1,1,5,0,0,1,0,1,0,0,0,0,0,0,0,1,0,0,0,1,0,0,0
25.08,0,9923.55,15604.72,2390.99,B,1,2,6,0,0,1,0,0,1,0,0,0,0,0,0,0,1,0,0,1,0,0,0
48.39,1,1683.62,16039.74,1016.57,None,0,3,3,2,1,0,0,0,0,1,0,0,0,1,0,0,0,0,0,0,0,1,0
49.38,0,8891.85,42118.33,2018.23,A,0,1,1,2,1,0,0,1,0,0,0,1,0,0,0,0,0,0,0,0,0,1,0
69.45,2,453.2,11051.0,410.66,None,1,0,8,2,0,1,1,0,0,0,0,0,0,0,0,0,0,0,1,0,0,1,0
32.18,0,6118.91,24017.18,2372.0,None,1,0,3,3,0,1,1,0,0,0,0,0,0,1,0,0,0,0,0,0,0,0,1
44.99,2,1028.85,9153.72,1082.24,None,1,0,4,2,0,1,1,0,0,0,0,0,0,0,1,0,0,0,0,0,0,1,0
19.42,0,5765.46,26466.66,1394.72,None,1,2,4,3,0,1,0,0,1,0,0,0,0,0,1,0,0,0,0,0,0,0,1
50.55,2,6265.25,36320.75,3731.41,A,1,1,3,0,0,1,0,1,0,0,0,0,0,1,0,0,0,0,0,1,0,0,0
58.83,2,2864.27,7819.02,650.9,None,1,3,3,2,0,1,0,0,0,1,0,0,0,1,0,0,0,0,0,0,0,1,0
39.94,0,2422.48,19799.41,671.26,None,0,1,6,3,1,0,0,1,0,0,0,0,0,0,0,0,1,0,0,0,0,0,1
45.0,0,1463.39,16051.12,1213.22,None,0,0,0,2,1,0,1,0,0,0,1,0,0,0,0,0,0,0,0,0,0,1,0
27.51,0,6062.1,20560.95,1295.14,None,1,2,6,3,0,1,0,0,1,0,0,0,0,0,0,0,1,0,0,0,0,0,1
38.14,0,3943.67,20422.36,1799.87,None,1,2,2,3,0,1,0,0,1,0,0,0,1,0,0,0,0,0,0,0,0,0,1
21.5,0,1031.38,7913.75,886.57,None,0,2,4,2,1,0,0,0,1,0,0,0,0,0,1,0,0,0,0,0,0,1,0
72.92,1,1694.83,8837.19,1342.45,None,1,3,8,2,0,1,0,0,0,1,0,0,0,0,0,0,0,0,1,0,0,1,0
25.82,0,2350.48,26244.81,2214.36,None,0,2,3,3,1,0,0,0,1,0,0,0,0,1,0,0,0,0,0,0,0,0,1
22.84,0,2161.05,13856.56,1200.11,None,0,2,3,2,1,0,0,0,1,0,0,0,0,1,0,0,0,0,0,0,0,1,0
24.41,0,7485.82,21420.86,2433.15,None,1,2,1,3,0,1,0,0,1,0,0,1,0,0,0,0,0,0,0,0,0,0,1
28.0,0,684.95,12000.74,1082.56,None,0,2,4,2,1,0,0,0,1,0,0,0,0,0,1,0,0,0,0,0,0,1,0
37.84,1,5661.21,47751.32,3000.84,None,0,0,0,0,1,0,1,0,0,0,1,0,0,0,0,0,0,0,0,1,0,0,0
62.1,1,5493.41,24729.65,2159.55,None,0,3,6,3,1,0,0,0,0,1,0,0,0,0,0,0,1,0,0,0,0,0,1
19.16,0,7089.73,24045.95,2340.77,None,0,2,0,3,1,0,0,0,1,0,1,0,0,0,0,0,0,0,0,0,0,0,1
27.59,1,869.36,6742.84,912.21,None,0,0,6,2,1,0,1,0,0,0,0,0,0,0,0,0,1,0,0,0,0,1,0
40.17,0,1102.49,15841.46,1209.34,A,0,1,3,2,1,0,0,1,0,0,0,0,0,1,0,0,0,0,0,0,0,1,0
24.03,1,668.36,8383.41,1290.08,A,1,1,0,2,0,1,0,1,0,0,1,0,0,0,0,0,0,0,0,0,0,1,0
39.47,3,3496.41,25664.44,1258.45,None,1,1,1,1,0,1,0,1,0,0,0,1,0,0,0,0,0,0,0,0,1,0,0
45.87,2,6179.19,21269.47,1503.78,None,0,0,3,3,1,0,1,0,0,0,0,0,0,1,0,0,0,0,0,0,0,0,1
25.22,0,15150.67,48139.58,6678.19,None,1,2,6,1,0,1,0,0,1,0,0,0,0,0,0,0,1,0,0,0,1,0,0
72.47,2,991.15,6977.61,485.29,None,0,0,8,2,1,0,1,0,0,0,0,0,0,0,0,0,0,0,1,0,0,1,0
61.78,2,2573.98,12465.27,673.91,A,0,1,4,2,1,0,0,1,0,0,0,0,0,0,1,0,0,0,0,0,0,1,0
61.93,1,5010.56,20885.41,2227.87,None,1,3,4,3,0,1,0,0,0,1,0,0,0,0,1,0,0,0,0,0,0,0,1
39.9,2,3455.08,19904.04,544.94,None,1,1,2,3,0,1,0,1,0,0,0,0,1,0,0,0,0,0,0,0,0,0,1
47.35,2,2866.3,18821.0,1161.29,A,1,1,6,3,0,1,0,1,0,0,0,0,0,0,0,0,1,0,0,0,0,0,1
39.76,4,7747.57,21820.13,2569.67,None,1,0,0,3,0,1,1,0,0,0,1,0,0,0,0,0,0,0,0,0,0,0,1
35.62,2,8719.34,45789.94,3134.8,None,1,1,0,0,0,1,0,1,0,0,1,0,0,0,0,0,0,0,0,1,0,0,0
73.59,1,3435.89,12174.21,863.93,None,1,0,8,3,0,1,1,0,0,0,0,0,0,0,0,0,0,0,1,0,0,0,1
39.18,2,9691.79,24948.8,949.69,None,0,1,2,1,1,0,0,1,0,0,0,0,1,0,0,0,0,0,0,0,1,0,0
65.93,1,369.52,11737.27,501.45,None,0,0,8,2,1,0,1,0,0,0,0,0,0,0,0,0,0,0,1,0,0,1,0
36.83,2,5717.02,27100.5,1031.46,None,1,1,3,3,0,1,0,1,0,0,0,0,0,1,0,0,0,0,0,0,0,0,1
58.26,2,8080.11,26315.83,2788.69,None,1,3,6,0,0,1,0,0,0,1,0,0,0,0,0,0,1,0,0,1,0,0,0
41.43,1,5958.31,23352.22,3053.5,None,1,1,3,3,0,1,0,1,0,0,0,0,0,1,0,0,0,0,0,0,0,0,1
28.07,0,565.66,15456.75,1865.0,None,1,2,3,2,0,1,0,0,1,0,0,0,0,1,0,0,0,0,0,0,0,1,0
36.46,2,5566.4,10965.36,3491.51,None,1,1,3,3,0,1,0,1,0,0,0,0,0,1,0,0,0,0,0,0,0,0,1
46.89,2,2753.35,17511.0,1263.74,None,0,1,3,2,1,0,0,1,0,0,0,0,0,1,0,0,0,0,0,0,0,1,0
36.61,0,661.03,18118.42,2003.13,None,0,1,3,2,1,0,0,1,0,0,0,0,0,1,0,0,0,0,0,0,0,1,0
22.62,1,6014.61,25244.07,2162.57,None,0,1,6,0,1,0,0,1,0,0,0,0,0,0,0,0,1,0,0,1,0,0,0
51.65,0,8948.02,15226.9,1718.37,None,0,1,6,1,1,0,0,1,0,0,0,0,0,0,0,0,1,0,0,0,1,0,0
67.1,1,2326.82,14908.37,1210.98,None,0,1,8,3,1,0,0,1,0,0,0,0,0,0,0,0,0,0,1,0,0,0,1
60.39,0,2478.11,11436.23,463.68,None,0,1,6,2,1,0,0,1,0,0,0,0,0,0,0,0,1,0,0,0,0,1,0
38.52,2,1525.86,16513.18,1277.17,None,0,1,0,2,1,0,0,1,0,0,1,0,0,0,0,0,0,0,0,0,0,1,0
80.8,0,4001.88,28406.52,1328.02,None,0,3,8,0,1,0,0,0,0,1,0,0,0,0,0,0,0,0,1,1,0,0,0
28.74,0,4295.75,19601.9,792.41,None,1,2,0,3,0,1,0,0,1,0,1,0,0,0,0,0,0,0,0,0,0,0,1
46.62,1,3914.73,20661.76,2954.27,A,0,1,7,3,1,0,0,1,0,0,0,0,0,0,0,0,0,1,0,0,0,0,1
22.19,1,2479.72,11729.49,802.0,None,0,1,4,2,1,0,0,1,0,0,0,0,0,0,1,0,0,0,0,0,0,1,0
30.62,0,7188.77,50727.42,2278.04,None,1,2,3,1,0,1,0,0,1,0,0,0,0,1,0,0,0,0,0,0,1,0,0
28.03,0,6163.24,11725.56,2001.96,B,0,2,0,3,1,0,0,0,1,0,1,0,0,0,0,0,0,0,0,0,0,0,1
38.09,1,10279.43,14525.43,3731.24,None,1,1,3,0,0,1,0,1,0,0,0,0,0,1,0,0,0,0,0,1,0,0,0
40.0,1,7167.15,15068.04,1748.94,None,0,1,6,3,1,0,0,1,0,0,0,0,0,0,0,0,1,0,0,0,0,0,1
25.93,2,4985.57,10973.46,2729.26,A,1,1,0,3,0,1,0,1,0,0,1,0,0,0,0,0,0,0,0,0,0,0,1
42.64,2,6406.75,39372.53,1783.25,None,1,0,4,3,0,1,1,0,0,0,0,0,0,0,1,0,0,0,0,0,0,0,1
28.32,0,9067.76,40767.69,3553.09,None,0,2,3,0,1,0,0,0,1,0,0,0,0,1,0,0,0,0,0,1,0,0,0
37.95,2,6338.04,33152.18,1795.56,A,0,1,6,3,1,0,0,1,0,0,0,0,0,0,0,0,1,0,0,0,0,0,1
31.73,0,5230.52,20233.27,679.47,None,1,2,6,3,0,1,0,0,1,0,0,0,0,0,0,0,1,0,0,0,0,0,1
29.59,1,4233.5,21090.72,1054.93,None,1,1,1,3,0,1,0,1,0,0,0,1,0,0,0,0,0,0,0,0,0,0,1
38.89,2,9464.5,29814.91,1154.4,None,1,0,0,0,0,1,1,0,0,0,1,0,0,0,0,0,0,0,0,1,0,0,0
81.65,1,3500.0,23900.27,1053.77,None,0,3,8,3,1,0,0,0,0,1,0,0,0,0,0,0,0,0,1,0,0,0,1
24.62,0,2333.57,9458.71,295.89,None,1,2,6,2,0,1,0,0,1,0,0,0,0,0,0,0,1,0,0,0,0,1,0
59.97,1,2621.31,20286.26,493.89,None,1,3,2,3,0,1,0,0,0,1,0,0,1,0,0,0,0,0,0,0,0,0,1
36.61,1,1534.41,12415.32,804.11,None,0,0,4,2,1,0,1,0,0,0,0,0,0,0,1,0,0,0,0,0,0,1,0
23.21,0,2987.97,42676.55,2496.35,None,1,2,4,0,0,1,0,0,1,0,0,0,0,0,1,0,0,0,0,1,0,0,0
42.44,0,7914.49,24004.22,1451.04,None,1,2,3,3,0,1,0,0,1,0,0,0,0,1,0,0,0,0,0,0,0,0,1
43.9,4,3546.13,14623.72,999.89,None,0,1,2,3,1,0,0,1,0,0,0,0,1,0,0,0,0,0,0,0,0,0,1
32.67,2,4974.5,25767.69,612.52,None,0,1,6,3,1,0,0,1,0,0,0,0,0,0,0,0,1,0,0,0,0,0,1
59.95,3,5099.66,29388.88,758.57,None,0,3,3,3,1,0,0,0,0,1,0,0,0,1,0,0,0,0,0,0,0,0,1
28.66,1,6612.07,28284.88,3669.22,B,0,0,5,3,1,0,1,0,0,0,0,0,0,0,0,1,0,0,0,0,0,0,1
52.27,0,11564.12,60286.61,4299.58,None,0,1,7,1,1,0,0,1,0,0,0,0,0,0,0,0,0,1,0,0,1,0,0
27.96,0,4879.99,6268.61,2323.3,None,0,2,7,2,1,0,0,0,1,0,0,0,0,0,0,0,0,1,0,0,0,1,0
39.54,0,4309.54,7927.33,1483.46,A,1,1,6,3,0,1,0,1,0,0,0,0,0,0,0,0,1,0,0,0,0,0,1
32.84,2,3448.01,18036.78,2607.85,None,1,1,0,3,0,1,0,1,0,0,1,0,0,0,0,0,0,0,0,0,0,0,1
50.13,2,2601.39,27161.11,1472.24,A,0,1,4,3,1,0,0,1,0,0,0,0,0,0,1,0,0,0,0,0,0,0,1
30.24,0,10797.6,43840.12,2832.01,None,1,1,6,1,0,1,0,1,0,0,0,0,0,0,0,0,1,0,0,0,1,0,0
42.65,2,8979.81,17330.58,2291.6,None,0,0,3,0,1,0,1,0,0,0,0,0,0,1,0,0,0,0,0,1,0,0,0
39.15,2,8191.96,25443.89,3700.28,None,0,1,6,0,1,0,0,1,0,0,0,0,0,0,0,0,1,0,0,1,0,0,0
46.44,0,7119.24,33107.69,4774.8,None,1,2,7,0,0,1,0,0,1,0,0,0,0,0,0,0,0,1,0,1,0,0,0
30.45,1,5358.98,22221.96,2416.88,None,0,0,0,3,1,0,1,0,0,0,1,0,0,0,0,0,0,0,0,0,0,0,1
68.78,1,3873.03,13757.19,1305.14,None,1,1,8,3,0,1,0,1,0,0,0,0,0,0,0,0,0,0,1,0,0,0,1
58.36,1,2510.42,23947.57,1990.3,A,0,1,0,3,1,0,0,1,0,0,1,0,0,0,0,0,0,0,0,0,0,0,1
26.86,2,2109.48,19095.84,1103.11,None,0,1,2,3,1,0,0,1,0,0,0,0,1,0,0,0,0,0,0,0,0,0,1
24.32,0,4313.99,20201.45,697.24,None,1,2,2,3,0,1,0,0,1,0,0,0,1,0,0,0,0,0,0,0,0,0,1
43.44,0,7578.07,29778.37,1781.79,None,0,2,2,0,1,0,0,0,1,0,0,0,1,0,0,0,0,0,0,1,0,0,0
39.95,4,8882.35,40293.11,5939.93,None,1,1,5,0,0,1,0,1,0,0,0,0,0,0,0,1,0,0,0,1,0,0,0
65.3,1,3328.51,10105.98,1445.43,None,0,0,8,0,1,0,1,0,0,0,0,0,0,0,0,0,0,0,1,1,0,0,0
48.01,2,5584.26,20010.4,1482.22,None,0,1,6,3,1,0,0,1,0,0,0,0,0,0,0,0,1,0,0,0,0,0,1
39.76,1,5295.78,21398.78,1260.13,None,0,1,6,3,1,0,0,1,0,0,0,0,0,0,0,0,1,0,0,0,0,0,1
21.23,0,7253.39,8782.71,1781.74,None,0,2,6,3,1,0,0,0,1,0,0,0,0,0,0,0,1,0,0,0,0,0,1
41.02,1,3803.47,20596.94,1690.89,None,1,1,5,2,0,1,0,1,0,0,0,0,0,0,0,1,0,0,0,0,0,1,0
30.66,0,530.51,7588.84,227.39,None,0,2,6,2,1,0,0,0,1,0,0,0,0,0,0,0,1,0,0,0,0,1,0
42.3,3,6728.16,31189.5,3695.57,None,0,0,5,3,1,0,1,0,0,0,0,0,0,0,0,1,0,0,0,0,0,0,1
21.01,0,11982.47,53421.89,1783.68,B,0,2,4,1,1,0,0,0,1,0,0,0,0,0,1,0,0,0,0,0,1,0,0
20.93,0,9983.88,24035.64,2787.52,None,1,2,4,0,0,1,0,0,1,0,0,0,0,0,1,0,0,0,0,1,0,0,0
28.86,0,6000.13,27015.19,2434.6,None,1,2,1,1,0,1,0,0,1,0,0,1,0,0,0,0,0,0,0,0,1,0,0
34.14,2,8634.24,44913.59,2236.69,None,0,1,6,0,1,0,0,1,0,0,0,0,0,0,0,0,1,0,0,1,0,0,0
39.88,0,3154.09,16423.29,748.04,None,0,1,6,2,1,0,0,1,0,0,0,0,0,0,0,0,1,0,0,0,0,1,0
68.84,1,3509.98,23594.99,948.18,A,1,1,8,3,0,1,0,1,0,0,0,0,0,0,0,0,0,0,1,0,0,0,1
28.75,0,14232.37,30013.32,3231.14,B,1,2,6,1,0,1,0,0,1,0,0,0,0,0,0,0,1,0,0,0,1,0,0
20.13,1,1427.85,19632.56,949.35,None,0,1,0,2,1,0,0,1,0,0,1,0,0,0,0,0,0,0,0,0,0,1,0
63.37,1,8904.19,42256.39,3002.36,None,0,3,3,0,1,0,0,0,0,1,0,0,0,1,0,0,0,0,0,1,0,0,0
45.64,2,11076.64,39165.49,4656.02,None,1,3,5,0,0,1,0,0,0,1,0,0,0,0,0,1,0,0,0,1,0,0,0
43.98,0,4856.72,29800.92,3829.94,None,1,2,6,1,0,1,0,0,1,0,0,0,0,0,0,0,1,0,0,0,1,0,0
69.84,1,465.49,10452.61,841.13,None,0,0,8,2,1,0,1,0,0,0,0,0,0,0,0,0,0,0,1,0,0,1,0
26.9,0,5000.87,25165.38,2360.42,B,1,2,6,3,0,1,0,0,1,0,0,0,0,0,0,0,1,0,0,0,0,0,1
45.48,1,1283.11,21000.74,1087.18,None,0,1,3,2,1,0,0,1,0,0,0,0,0,1,0,0,0,0,0,0,0,1,0
26.6,1,1074.31,9183.26,371.26,A,1,1,4,2,0,1,0,1,0,0,0,0,0,0,1,0,0,0,0,0,0,1,0
41.94,2,3561.05,28721.1,3967.53,None,0,1,3,0,1,0,0,1,0,0,0,0,0,1,0,0,0,0,0,1,0,0,0
34.5,0,9302.75,19956.82,2997.42,None,0,2,3,0,1,0,0,0,1,0,0,0,0,1,0,0,0,0,0,1,0,0,0
40.52,1,2513.18,4514.59,2096.18,A,0,1,6,3,1,0,0,1,0,0,0,0,0,0,0,0,1,0,0,0,0,0,1
28.15,1,2746.5,18205.65,3559.71,None,0,1,3,3,1,0,0,1,0,0,0,0,0,1,0,0,0,0,0,0,0,0,1
35.82,1,11144.99,33709.7,7672.02,A,0,1,3,1,1,0,0,1,0,0,0,0,0,1,0,0,0,0,0,0,1,0,0
51.88,0,9863.69,59435.66,2484.09,A,0,1,7,0,1,0,0,1,0,0,0,0,0,0,0,0,0,1,0,1,0,0,0
70.1,1,1833.28,16831.52,924.95,None,0,0,8,2,1,0,1,0,0,0,0,0,0,0,0,0,0,0,1,0,0,1,0
58.72,1,7700.25,45038.76,2355.94,None,0,3,0,1,1,0,0,0,0,1,1,0,0,0,0,0,0,0,0,0,1,0,0
55.1,1,6710.38,27755.88,1209.6,None,0,3,5,3,1,0,0,0,0,1,0,0,0,0,0,1,0,0,0,0,0,0,1
47.29,4,3900.43,15212.5,883.0,None,0,0,2,0,1,0,1,0,0,0,0,0,1,0,0,0,0,0,0,1,0,0,0
45.12,0,2441.51,14167.96,924.49,None,0,2,4,2,1,0,0,0,1,0,0,0,0,0,1,0,0,0,0,0,0,1,0
55.73,2,1818.49,13067.32,1433.77,None,0,0,5,2,1,0,1,0,0,0,0,0,0,0,0,1,0,0,0,0,0,1,0
51.84,2,5959.18,4796.45,1720.6,None,1,3,2,3,0,1,0,0,0,1,0,0,1,0,0,0,0,0,0,0,0,0,1
36.16,1,4137.5,7285.46,1989.59,None,1,0,5,2,0,1,1,0,0,0,0,0,0,0,0,1,0,0,0,0,0,1,0
44.72,3,8372.52,28836.43,1949.38,None,0,0,3,3,1,0,1,0,0,0,0,0,0,1,0,0,0,0,0,0,0,0,1
22.13,1,3085.8,16657.99,1899.98,A,0,1,0,3,1,0,0,1,0,0,1,0,0,0,0,0,0,0,0,0,0,0,1
25.17,2,5477.83,22224.64,2056.67,None,1,0,3,3,0,1,1,0,0,0,0,0,0,1,0,0,0,0,0,0,0,0,1
39.2,2,6021.57,29708.62,2023.66,A,1,1,0,3,0,1,0,1,0,0,1,0,0,0,0,0,0,0,0,0,0,0,1
49.01,1,756.7,6730.93,45.76,None,1,1,2,2,0,1,0,1,0,0,0,0,1,0,0,0,0,0,0,0,0,1,0
40.96,0,15018.77,45120.77,4387.11,None,1,2,7,0,0,1,0,0,1,0,0,0,0,0,0,0,0,1,0,1,0,0,0
61.92,3,1778.85,15817.56,831.48,None,0,1,3,2,1,0,0,1,0,0,0,0,0,1,0,0,0,0,0,0,0,1,0
43.35,0,1662.56,14508.79,1197.35,None,1,3,3,2,0,1,0,0,0,1,0,0,0,1,0,0,0,0,0,0,0,1,0
27.52,0,5001.26,19843.27,1535.52,None,0,2,6,3,1,0,0,0,1,0,0,0,0,0,0,0,1,0,0,0,0,0,1
41.66,3,2200.89,25663.49,1212.2,None,0,3,0,2,1,0,0,0,0,1,1,0,0,0,0,0,0,0,0,0,0,1,0
30.27,3,5717.02,27100.5,1031.46,None,0,1,1,2,1,0,0,1,0,0,0,1,0,0,0,0,0,0,0,0,0,1,0
85.45,3,2532.79,15022.52,842.1,None,1,3,8,3,0,1,0,0,0,1,0,0,0,0,0,0,0,0,1,0,0,0,1
49.97,3,6182.02,35875.1,1303.76,None,1,1,3,3,0,1,0,1,0,0,0,0,0,1,0,0,0,0,0,0,0,0,1
85.5,1,2570.37,16876.54,400.03,None,0,3,8,3,1,0,0,0,0,1,0,0,0,0,0,0,0,0,1,0,0,0,1
59.57,1,5889.16,12906.45,2054.14,None,1,1,0,3,0,1,0,1,0,0,1,0,0,0,0,0,0,0,0,0,0,0,1
25.43,0,2181.87,12695.79,1233.78,None,1,2,0,2,0,1,0,0,1,0,1,0,0,0,0,0,0,0,0,0,0,1,0
28.38,4,5657.13,17438.08,1994.03,A,1,1,0,3,0,1,0,1,0,0,1,0,0,0,0,0,0,0,0,0,0,0,1
23.14,0,1793.76,16597.95,595.33,B,0,2,2,2,1,0,0,0,1,0,0,0,1,0,0,0,0,0,0,0,0,1,0
39.82,2,7216.15,36748.76,2759.79,None,0,1,3,3,1,0,0,1,0,0,0,0,0,1,0,0,0,0,0,0,0,0,1
40.04,2,664.5,15280.47,1111.38,A,0,1,3,2,1,0,0,1,0,0,0,0,0,1,0,0,0,0,0,0,0,1,0
27.47,3,8361.6,45263.75,3473.89,B,1,0,6,0,0,1,1,0,0,0,0,0,0,0,0,0,1,0,0,1,0,0,0
28.0,0,4092.2,10312.22,1027.52,None,1,2,4,2,0,1,0,0,1,0,0,0,0,0,1,0,0,0,0,0,0,1,0
49.42,3,9004.81,36040.94,2204.53,None,1,1,3,0,0,1,0,1,0,0,0,0,0,1,0,0,0,0,0,1,0,0,0
53.5,1,6527.98,19557.48,746.47,A,0,1,6,3,1,0,0,1,0,0,0,0,0,0,0,0,1,0,0,0,0,0,1
24.83,0,4995.33,26083.81,1597.76,None,0,2,1,3,1,0,0,0,1,0,0,1,0,0,0,0,0,0,0,0,0,0,1
25.53,0,1990.25,17078.56,1141.5,None,1,2,0,2,0,1,0,0,1,0,1,0,0,0,0,0,0,0,0,0,0,1,0
64.84,1,7233.79,41562.61,2924.97,A,0,1,2,1,1,0,0,1,0,0,0,0,1,0,0,0,0,0,0,0,1,0,0
39.8,1,6496.27,29977.98,2885.32,None,1,1,5,3,0,1,0,1,0,0,0,0,0,0,0,1,0,0,0,0,0,0,1
28.17,0,4007.31,15915.4,1159.84,None,0,2,2,3,1,0,0,0,1,0,0,0,1,0,0,0,0,0,0,0,0,0,1
39.52,2,4166.72,15307.29,236.68,A,0,1,4,2,1,0,0,1,0,0,0,0,0,0,1,0,0,0,0,0,0,1,0
35.5,0,13632.16,39115.7,1235.37,None,1,1,0,0,0,1,0,1,0,0,1,0,0,0,0,0,0,0,0,1,0,0,0
58.69,0,2605.72,8699.05,530.08,A,1,1,1,2,0,1,0,1,0,0,0,1,0,0,0,0,0,0,0,0,0,1,0
40.01,2,3233.24,20215.56,1121.44,A,1,1,7,2,0,1,0,1,0,0,0,0,0,0,0,0,0,1,0,0,0,1,0
28.0,0,3470.55,16974.69,1080.62,None,1,2,2,3,0,1,0,0,1,0,0,0,1,0,0,0,0,0,0,0,0,0,1
36.8,2,5187.16,23739.22,3320.07,None,1,0,6,0,0,1,1,0,0,0,0,0,0,0,0,0,1,0,0,1,0,0,0
29.68,2,10241.25,24121.35,2439.98,None,1,0,6,0,0,1,1,0,0,0,0,0,0,0,0,0,1,0,0,1,0,0,0
26.64,3,508.1,14406.19,1713.48,None,1,1,7,2,0,1,0,1,0,0,0,0,0,0,0,0,0,1,0,0,0,1,0
28.13,4,3821.92,21615.32,823.58,None,1,1,7,2,0,1,0,1,0,0,0,0,0,0,0,0,0,1,0,0,0,1,0
65.3,1,2767.03,10176.98,1795.02,None,1,3,8,0,0,1,0,0,0,1,0,0,0,0,0,0,0,0,1,1,0,0,0
31.46,1,1989.72,11991.44,303.69,None,1,0,2,2,0,1,1,0,0,0,0,0,1,0,0,0,0,0,0,0,0,1,0
25.64,2,9756.36,55843.17,5122.79,A,1,1,7,1,0,1,0,1,0,0,0,0,0,0,0,0,0,1,0,0,1,0,0
21.38,0,1790.78,20102.4,2204.08,None,1,2,7,2,0,1,0,0,1,0,0,0,0,0,0,0,0,1,0,0,0,1,0
57.43,3,3149.69,12134.08,795.49,None,0,0,4,2,1,0,1,0,0,0,0,0,0,0,1,0,0,0,0,0,0,1,0
39.84,3,4421.93,28299.57,2460.58,None,0,1,3,3,1,0,0,1,0,0,0,0,0,1,0,0,0,0,0,0,0,0,1
22.43,2,1258.07,8635.55,1809.69,A,0,1,3,2,1,0,0,1,0,0,0,0,0,1,0,0,0,0,0,0,0,1,0
52.02,0,2968.22,21291.19,1369.14,None,0,0,3,3,1,0,1,0,0,0,0,0,0,1,0,0,0,0,0,0,0,0,1
32.48,0,7258.44,38175.67,3227.52,None,1,2,3,0,0,1,0,0,1,0,0,0,0,1,0,0,0,0,0,1,0,0,0
37.37,3,6633.34,16885.31,3406.88,None,0,0,3,3,1,0,1,0,0,0,0,0,0,1,0,0,0,0,0,0,0,0,1
44.88,0,12715.7,17442.26,4972.58,None,0,0,3,1,1,0,1,0,0,0,0,0,0,1,0,0,0,0,0,0,1,0,0
29.01,2,7488.13,36289.03,806.72,None,0,1,0,3,1,0,0,1,0,0,1,0,0,0,0,0,0,0,0,0,0,0,1
26.59,2,8602.03,17002.21,2037.79,None,1,1,3,3,0,1,0,1,0,0,0,0,0,1,0,0,0,0,0,0,0,0,1
30.46,0,8210.81,13904.08,2881.68,A,0,1,4,0,1,0,0,1,0,0,0,0,0,0,1,0,0,0,0,1,0,0,0
48.5,0,5358.66,10731.84,1063.16,None,0,0,1,0,1,0,1,0,0,0,0,1,0,0,0,0,0,0,0,1,0,0,0
28.58,0,7339.9,13364.08,1591.63,B,1,2,0,3,0,1,0,0,1,0,1,0,0,0,0,0,0,0,0,0,0,0,1
48.96,0,9518.87,14494.98,1667.17,A,1,1,1,3,0,1,0,1,0,0,0,1,0,0,0,0,0,0,0,0,0,0,1
20.94,0,2014.88,8745.38,1850.98,None,1,2,3,2,0,1,0,0,1,0,0,0,0,1,0,0,0,0,0,0,0,1,0
44.25,0,9828.13,39151.61,1585.55,None,1,2,4,0,0,1,0,0,1,0,0,0,0,0,1,0,0,0,0,1,0,0,0
31.35,0,6908.85,18864.89,3231.41,None,0,2,7,3,1,0,0,0,1,0,0,0,0,0,0,0,0,1,0,0,0,0,1
50.11,1,843.07,16185.91,445.06,A,0,1,3,2,1,0,0,1,0,0,0,0,0,1,0,0,0,0,0,0,0,1,0
25.31,2,2015.87,14953.83,1199.88,None,1,1,0,2,0,1,0,1,0,0,1,0,0,0,0,0,0,0,0,0,0,1,0
32.64,1,10283.55,30008.13,1748.56,A,1,1,5,3,0,1,0,1,0,0,0,0,0,0,0,1,0,0,0,0,0,0,1
22.11,0,5581.19,20631.73,967.65,None,0,2,2,3,1,0,0,0,1,0,0,0,1,0,0,0,0,0,0,0,0,0,1
23.36,0,4001.88,28406.52,1328.02,None,0,2,1,0,1,0,0,0,1,0,0,1,0,0,0,0,0,0,0,1,0,0,0
49.55,1,591.14,11233.95,1043.65,None,0,0,6,2,1,0,1,0,0,0,0,0,0,0,0,0,1,0,0,0,0,1,0
21.82,0,4473.74,17458.64,3858.5,B,0,2,6,0,1,0,0,0,1,0,0,0,0,0,0,0,1,0,0,1,0,0,0
39.39,0,5554.4,19919.86,1018.94,A,1,1,4,3,0,1,0,1,0,0,0,0,0,0,1,0,0,0,0,0,0,0,1
20.06,2,14649.94,41026.37,1215.07,A,1,1,0,0,0,1,0,1,0,0,1,0,0,0,0,0,0,0,0,1,0,0,0
28.53,0,1839.69,8402.53,1383.09,None,0,2,0,2,1,0,0,0,1,0,1,0,0,0,0,0,0,0,0,0,0,1,0
58.15,1,6009.9,21335.52,744.47,None,1,3,4,3,0,1,0,0,0,1,0,0,0,0,1,0,0,0,0,0,0,0,1
50.23,3,5560.42,28887.65,999.76,None,1,0,2,3,0,1,1,0,0,0,0,0,1,0,0,0,0,0,0,0,0,0,1
32.82,0,8737.79,29421.79,1404.45,None,0,2,7,3,1,0,0,0,1,0,0,0,0,0,0,0,0,1,0,0,0,0,1
59.99,1,7425.96,32669.19,1111.86,None,1,3,2,0,0,1,0,0,0,1,0,0,1,0,0,0,0,0,0,1,0,0,0
31.28,2,8979.81,17330.58,2291.6,A,0,1,1,2,1,0,0,1,0,0,0,1,0,0,0,0,0,0,0,0,0,1,0
36.18,2,1393.84,18977.67,2164.65,None,1,1,3,2,0,1,0,1,0,0,0,0,0,1,0,0,0,0,0,0,0,1,0
20.05,0,1756.45,7872.09,1199.28,B,0,2,3,2,1,0,0,0,1,0,0,0,0,1,0,0,0,0,0,0,0,1,0
61.79,0,7747.59,41349.2,2711.29,None,1,3,5,3,0,1,0,0,0,1,0,0,0,0,0,1,0,0,0,0,0,0,1
23.88,1,12039.95,51404.59,3137.56,None,0,1,5,1,1,0,0,1,0,0,0,0,0,0,0,1,0,0,0,0,1,0,0
38.76,2,16070.13,49844.14,4705.1,None,1,1,3,1,0,1,0,1,0,0,0,0,0,1,0,0,0,0,0,0,1,0,0
48.92,2,10970.75,33154.26,6616.19,None,1,0,0,1,0,1,1,0,0,0,1,0,0,0,0,0,0,0,0,0,1,0,0
45.01,1,6764.74,12294.81,1840.94,None,1,0,2,0,0,1,1,0,0,0,0,0,1,0,0,0,0,0,0,1,0,0,0
59.59,1,1968.71,19248.22,1724.96,None,0,3,3,2,1,0,0,0,0,1,0,0,0,1,0,0,0,0,0,0,0,1,0
45.18,3,4440.64,18615.07,5440.42,None,1,1,4,1,0,1,0,1,0,0,0,0,0,0,1,0,0,0,0,0,1,0,0
48.56,0,4772.7,27022.71,2540.78,None,1,1,6,0,0,1,0,1,0,0,0,0,0,0,0,0,1,0,0,1,0,0,0
78.21,1,1457.01,10017.72,1085.73,None,1,3,8,2,0,1,0,0,0,1,0,0,0,0,0,0,0,0,1,0,0,1,0
32.66,0,7297.42,46047.68,4702.1,None,0,0,0,0,1,0,1,0,0,0,1,0,0,0,0,0,0,0,0,1,0,0,0
60.44,0,4455.39,20460.67,1324.95,None,1,1,4,3,0,1,0,1,0,0,0,0,0,0,1,0,0,0,0,0,0,0,1
22.37,0,1405.43,5966.49,401.0,None,0,2,4,2,1,0,0,0,1,0,0,0,0,0,1,0,0,0,0,0,0,1,0
27.49,0,4899.43,26342.31,2994.99,None,1,2,6,0,0,1,0,0,1,0,0,0,0,0,0,0,1,0,0,1,0,0,0
51.91,2,1601.79,15974.7,805.82,None,1,0,0,2,0,1,1,0,0,0,1,0,0,0,0,0,0,0,0,0,0,1,0
26.73,0,7057.44,21252.9,4023.97,None,1,2,7,3,0,1,0,0,1,0,0,0,0,0,0,0,0,1,0,0,0,0,1
26.59,0,6211.77,2184.0,1301.12,None,0,2,2,3,1,0,0,0,1,0,0,0,1,0,0,0,0,0,0,0,0,0,1
28.09,0,4328.09,17795.27,476.61,B,1,2,4,2,0,1,0,0,1,0,0,0,0,0,1,0,0,0,0,0,0,1,0
18.71,0,4871.11,23144.83,1121.04,B,1,2,4,3,0,1,0,0,1,0,0,0,0,0,1,0,0,0,0,0,0,0,1
38.99,1,987.21,12483.21,1416.69,A,0,1,5,2,1,0,0,1,0,0,0,0,0,0,0,1,0,0,0,0,0,1,0
67.02,0,2161.14,15849.68,1348.57,A,0,1,8,3,1,0,0,1,0,0,0,0,0,0,0,0,0,0,1,0,0,0,1
43.33,2,4958.71,28646.42,1789.41,None,0,0,4,3,1,0,1,0,0,0,0,0,0,0,1,0,0,0,0,0,0,0,1
32.7,1,3875.63,20791.49,1077.71,None,1,1,1,3,0,1,0,1,0,0,0,1,0,0,0,0,0,0,0,0,0,0,1
44.99,3,7370.43,21856.57,2041.91,None,0,0,0,3,1,0,1,0,0,0,1,0,0,0,0,0,0,0,0,0,0,0,1
18.05,0,5657.63,25986.84,1349.48,None,1,2,1,3,0,1,0,0,1,0,0,1,0,0,0,0,0,0,0,0,0,0,1
64.11,1,5271.01,18932.41,3413.28,None,0,0,3,3,1,0,1,0,0,0,0,0,0,1,0,0,0,0,0,0,0,0,1
44.82,1,1779.11,11999.6,703.67,None,0,0,4,2,1,0,1,0,0,0,0,0,0,0,1,0,0,0,0,0,0,1,0
40.87,2,2884.27,10959.44,1065.22,None,0,1,5,2,1,0,0,1,0,0,0,0,0,0,0,1,0,0,0,0,0,1,0
37.47,1,2280.32,36550.24,4633.44,None,0,0,2,1,1,0,1,0,0,0,0,0,1,0,0,0,0,0,0,0,1,0,0
47.58,0,1935.72,15992.69,556.6,None,1,2,0,2,0,1,0,0,1,0,1,0,0,0,0,0,0,0,0,0,0,1,0
25.63,0,11887.31,22585.61,3944.5,None,1,2,5,3,0,1,0,0,1,0,0,0,0,0,0,1,0,0,0,0,0,0,1
40.69,1,8948.02,15226.9,1718.37,A,1,1,1,2,0,1,0,1,0,0,0,1,0,0,0,0,0,0,0,0,0,1,0
32.96,2,7467.59,34680.22,1984.68,None,0,1,0,3,1,0,0,1,0,0,1,0,0,0,0,0,0,0,0,0,0,0,1
68.91,0,1710.87,15704.78,331.91,None,0,1,8,2,1,0,0,1,0,0,0,0,0,0,0,0,0,0,1,0,0,1,0
62.6,1,4996.87,26322.34,1427.11,None,0,3,6,3,1,0,0,0,0,1,0,0,0,0,0,0,1,0,0,0,0,0,1
28.77,0,2231.17,16432.66,1186.89,None,0,2,3,2,1,0,0,0,1,0,0,0,0,1,0,0,0,0,0,0,0,1,0
45.57,0,3107.78,6307.33,804.89,None,0,0,6,2,1,0,1,0,0,0,0,0,0,0,0,0,1,0,0,0,0,1,0
40.2,3,5990.74,35978.05,1419.39,A,0,1,3,3,1,0,0,1,0,0,0,0,0,1,0,0,0,0,0,0,0,0,1
20.0,3,4162.98,11377.4,744.48,None,1,1,4,2,0,1,0,1,0,0,0,0,0,0,1,0,0,0,0,0,0,1,0
19.33,0,3401.64,14374.65,69.49,None,1,2,2,2,0,1,0,0,1,0,0,0,1,0,0,0,0,0,0,0,0,1,0
41.38,0,5467.24,28814.65,1583.41,None,0,0,4,3,1,0,1,0,0,0,0,0,0,0,1,0,0,0,0,0,0,0,1
21.62,0,6052.6,26303.88,2001.31,B,1,2,3,3,0,1,0,0,1,0,0,0,0,1,0,0,0,0,0,0,0,0,1
37.27,3,16029.98,6796.77,5218.89,None,1,0,6,1,0,1,1,0,0,0,0,0,0,0,0,0,1,0,0,0,1,0,0
39.45,1,2417.48,11452.9,271.75,A,0,1,6,2,1,0,0,1,0,0,0,0,0,0,0,0,1,0,0,0,0,1,0
62.28,3,6670.27,25640.38,527.66,None,1,0,1,3,0,1,1,0,0,0,0,1,0,0,0,0,0,0,0,0,0,0,1
39.2,3,2889.19,12049.87,2636.81,None,1,1,6,0,0,1,0,1,0,0,0,0,0,0,0,0,1,0,0,1,0,0,0
27.95,0,7847.95,27513.68,2731.16,B,0,2,4,0,1,0,0,0,1,0,0,0,0,0,1,0,0,0,0,1,0,0,0
45.01,3,8859.35,15480.89,1845.23,None,1,0,3,3,0,1,1,0,0,0,0,0,0,1,0,0,0,0,0,0,0,0,1
34.44,0,2381.57,17593.71,278.01,None,1,2,4,2,0,1,0,0,1,0,0,0,0,0,1,0,0,0,0,0,0,1,0
38.8,1,8081.6,19182.55,2260.06,None,0,1,4,0,1,0,0,1,0,0,0,0,0,0,1,0,0,0,0,1,0,0,0
39.63,0,12048.15,34593.71,7299.56,None,1,1,3,1,0,1,0,1,0,0,0,0,0,1,0,0,0,0,0,0,1,0,0
33.72,1,5225.92,33494.77,1759.23,None,0,0,3,3,1,0,1,0,0,0,0,0,0,1,0,0,0,0,0,0,0,0,1
23.56,0,5704.32,17544.8,3000.02,None,0,2,0,0,1,0,0,0,1,0,1,0,0,0,0,0,0,0,0,1,0,0,0
27.85,0,2509.43,21737.39,1027.04,None,1,2,3,2,0,1,0,0,1,0,0,0,0,1,0,0,0,0,0,0,0,1,0
35.65,0,7085.18,32249.38,2389.03,None,1,1,7,3,0,1,0,1,0,0,0,0,0,0,0,0,0,1,0,0,0,0,1
66.64,0,2282.95,9194.57,456.02,None,1,1,8,2,0,1,0,1,0,0,0,0,0,0,0,0,0,0,1,0,0,1,0
27.37,4,1987.63,15818.82,1099.65,None,0,0,0,2,1,0,1,0,0,0,1,0,0,0,0,0,0,0,0,0,0,1,0
32.6,3,1045.43,22064.53,1101.11,None,1,0,0,2,0,1,1,0,0,0,1,0,0,0,0,0,0,0,0,0,0,1,0
55.76,1,4670.3,22049.58,2548.68,None,0,1,1,3,1,0,0,1,0,0,0,1,0,0,0,0,0,0,0,0,0,0,1
28.36,2,1557.8,16706.25,1236.9,None,0,1,0,2,1,0,0,1,0,0,1,0,0,0,0,0,0,0,0,0,0,1,0
45.27,0,5406.25,15012.63,1084.38,None,1,2,4,3,0,1,0,0,1,0,0,0,0,0,1,0,0,0,0,0,0,0,1
24.84,2,8578.81,40964.26,1154.56,None,1,1,2,0,0,1,0,1,0,0,0,0,1,0,0,0,0,0,0,1,0,0,0
33.04,2,4831.08,33431.8,1581.59,None,0,1,4,3,1,0,0,1,0,0,0,0,0,0,1,0,0,0,0,0,0,0,1
53.6,1,3337.16,28301.52,1257.7,None,0,3,2,3,1,0,0,0,0,1,0,0,1,0,0,0,0,0,0,0,0,0,1
65.52,2,4009.23,20013.48,1811.16,None,0,1,8,0,1,0,0,1,0,0,0,0,0,0,0,0,0,0,1,1,0,0,0
59.71,2,2647.72,12061.22,84.43,None,1,3,2,2,0,1,0,0,0,1,0,0,1,0,0,0,0,0,0,0,0,1,0
40.15,1,7538.49,4638.31,1880.18,None,0,1,4,0,1,0,0,1,0,0,0,0,0,0,1,0,0,0,0,1,0,0,0
41.77,0,5849.22,28504.76,1458.2,None,1,1,6,3,0,1,0,1,0,0,0,0,0,0,0,0,1,0,0,0,0,0,1
55.07,2,6764.74,12294.81,1840.94,None,1,0,1,2,0,1,1,0,0,0,0,1,0,0,0,0,0,0,0,0,0,1,0
23.65,0,1121.06,12028.5,1285.31,None,1,2,6,2,0,1,0,0,1,0,0,0,0,0,0,0,1,0,0,0,0,1,0
40.87,1,2219.61,16136.1,280.08,None,1,1,1,2,0,1,0,1,0,0,0,1,0,0,0,0,0,0,0,0,0,1,0
31.68,1,2730.97,15406.86,830.33,None,0,1,6,2,1,0,0,1,0,0,0,0,0,0,0,0,1,0,0,0,0,1,0
71.11,0,3261.51,12437.5,1138.77,None,0,0,8,3,1,0,1,0,0,0,0,0,0,0,0,0,0,0,1,0,0,0,1
57.22,0,2847.56,17110.17,851.85,None,0,0,6,2,1,0,1,0,0,0,0,0,0,0,0,0,1,0,0,0,0,1,0
51.02,1,4356.52,33630.3,913.01,None,0,0,2,0,1,0,1,0,0,0,0,0,1,0,0,0,0,0,0,1,0,0,0
34.21,1,4977.13,22598.72,1499.69,A,0,1,4,3,1,0,0,1,0,0,0,0,0,0,1,0,0,0,0,0,0,0,1
38.53,1,7019.95,12112.66,3000.81,None,0,0,1,3,1,0,1,0,0,0,0,1,0,0,0,0,0,0,0,0,0,0,1
40.83,0,8250.71,29394.42,2933.97,None,0,1,3,0,1,0,0,1,0,0,0,0,0,1,0,0,0,0,0,1,0,0,0
40.0,0,10653.49,30033.14,4103.15,None,0,1,0,0,1,0,0,1,0,0,1,0,0,0,0,0,0,0,0,1,0,0,0
36.61,2,2710.7,11500.63,215.42,A,0,1,4,2,1,0,0,1,0,0,0,0,0,0,1,0,0,0,0,0,0,1,0
31.46,0,8266.15,12433.17,1768.08,None,1,2,3,3,0,1,0,0,1,0,0,0,0,1,0,0,0,0,0,0,0,0,1
60.12,1,1875.26,19448.39,1183.67,None,1,3,3,2,0,1,0,0,0,1,0,0,0,1,0,0,0,0,0,0,0,1,0
41.74,0,2869.25,15317.34,980.39,None,0,2,7,2,1,0,0,0,1,0,0,0,0,0,0,0,0,1,0,0,0,1,0
30.98,0,1562.65,14878.11,498.59,None,0,0,0,2,1,0,1,0,0,0,1,0,0,0,0,0,0,0,0,0,0,1,0
34.23,0,5011.08,39541.94,1501.54,None,0,2,4,3,1,0,0,0,1,0,0,0,0,0,1,0,0,0,0,0,0,0,1
45.85,0,12214.12,72994.93,7301.07,None,1,2,7,1,0,1,0,0,1,0,0,0,0,0,0,0,0,1,0,0,1,0,0
